0,1,2,3,4,5,6,7,8,9
04.02.21 09:33:59,1333.00,1333.00,1333.00,1333.00,75,0,1333.00,1279.65,1350.85
04.02.21 10:01:59,1290.00,1290.00,1290.00,1290.00,75,75,1311.50,1275.75,1340.45
04.02.21 11:41:59,1257.00,1257.00,1257.00,1257.00,75,75,1293.33,1187.70,1265.65
04.02.21 12:30:59,1200.00,1200.00,1200.00,1200.00,75,75,1270.00,1145.85,1225.70
05.02.21 11:05:59,1175.00,1175.00,1175.00,1175.00,75,150,1175.00,1139.00,1198.45
05.02.21 11:27:59,1175.00,1175.00,1175.00,1175.00,75,225,1175.00,1128.85,1199.35
05.02.21 13:32:59,1175.00,1175.00,1175.00,1175.00,75,300,1175.00,1168.90,1237.10
05.02.21 13:41:59,1256.55,1256.55,1256.55,1256.55,75,300,1195.38,1177.00,1249.30
05.02.21 14:58:59,1165.15,1165.15,1165.15,1165.15,75,375,1189.34,1141.60,1202.80
08.02.21 09:16:59,1100.00,1100.00,1100.00,1100.00,75,375,1100.00,0.00,0.00
08.02.21 09:28:59,1100.00,1100.00,1100.00,1100.00,75,450,1100.00,0.00,0.00
08.02.21 10:18:59,1020.00,1020.00,1020.00,1020.00,750,525,1033.33,1006.80,1040.00
08.02.21 10:28:59,1030.00,1040.00,1000.50,1010.00,1650,1050,1029.45,999.95,1049.95
08.02.21 10:31:59,1015.00,1015.00,1015.00,1015.00,150,2625,1028.65,1006.80,1063.95
08.02.21 10:40:59,1030.00,1030.00,1030.00,1030.00,75,2775,1028.68,1000.05,1025.00
08.02.21 10:51:59,1017.00,1017.00,1017.00,1017.00,75,2775,1028.38,1014.05,1017.00
08.02.21 10:52:59,1014.05,1017.00,1014.05,1017.00,675,2775,1025.76,1003.65,1017.00
08.02.21 10:54:59,1016.00,1016.00,1016.00,1016.00,75,3525,1025.55,1010.00,1016.00
08.02.21 10:58:59,1010.00,1010.00,1010.00,1010.00,225,3600,1024.64,1007.60,1012.00
08.02.21 10:59:59,1012.00,1012.00,1012.00,1012.00,75,3600,1024.40,1012.40,1016.00
08.02.21 11:00:59,1012.00,1014.00,1012.00,1014.00,300,3900,1023.59,1012.70,1016.00
08.02.21 11:01:59,1016.00,1016.00,1016.00,1016.00,600,3900,1022.64,1012.75,1016.00
08.02.21 11:02:59,1016.00,1016.00,1016.00,1016.00,1050,5700,1021.41,1012.80,1016.00
08.02.21 11:03:59,1016.00,1016.00,1016.00,1016.00,150,0,1021.27,1009.30,1020.00
08.02.21 11:10:59,1016.00,1016.00,1016.00,1016.00,75,6000,1021.21,1002.00,1020.00
08.02.21 11:14:59,1020.00,1020.00,1020.00,1020.00,75,6075,1021.19,1005.95,1020.00
08.02.21 11:29:59,1014.00,1014.00,1014.00,1014.00,75,6150,1021.10,1013.50,1014.00
08.02.21 11:30:59,1014.00,1014.00,1014.00,1014.00,600,6150,1020.48,1013.50,1014.00
08.02.21 11:31:59,1013.50,1013.50,1013.50,1013.50,75,6150,1020.40,1010.20,1014.00
08.02.21 11:32:59,1014.00,1014.00,1014.00,1014.00,150,6150,1020.27,1014.00,1015.50
08.02.21 11:34:59,1014.00,1014.00,1014.00,1014.00,150,6975,1020.14,1004.05,1015.50
08.02.21 11:44:59,1008.15,1008.15,1008.00,1008.00,225,7125,1019.77,1007.25,1010.00
08.02.21 11:45:59,1010.00,1010.00,1010.00,1010.00,75,7350,1019.67,1006.20,1010.00
08.02.21 11:46:59,1010.00,1010.00,1010.00,1010.00,75,7350,1019.58,1008.45,1010.00
08.02.21 11:51:59,1010.00,1010.00,1010.00,1010.00,75,7500,1019.48,1007.10,1010.00
08.02.21 11:53:59,1007.10,1007.10,1007.00,1007.00,150,7500,1019.24,1003.05,1010.00
08.02.21 11:57:59,1008.00,1008.00,1008.00,1008.00,75,7725,1019.14,1000.05,1008.00
08.02.21 11:59:59,1008.00,1008.00,1008.00,1008.00,225,7725,1018.83,1002.00,1008.00
08.02.21 12:00:59,1009.00,1009.00,1009.00,1009.00,75,8025,1018.74,1001.45,1010.00
08.02.21 12:01:59,1010.00,1010.00,1010.00,1010.00,75,8025,1018.66,1003.65,1010.00
08.02.21 12:02:59,1010.00,1010.00,1010.00,1010.00,150,8025,1018.50,1003.65,1010.00
08.02.21 12:04:59,1010.00,1010.00,1010.00,1010.00,600,8325,1017.94,1010.80,1020.00
08.02.21 12:05:59,1010.95,1012.00,1010.95,1012.00,225,8325,1017.78,1010.85,1012.00
08.02.21 12:07:59,1012.00,1012.00,1012.00,1012.00,75,9150,1017.74,1007.80,1020.00
08.02.21 12:09:59,1015.00,1020.00,1015.00,1020.00,375,9225,1017.73,1014.15,1047.25
08.02.21 12:13:59,1025.00,1030.00,1025.00,1030.00,225,9600,1017.97,1021.15,1035.00
08.02.21 12:18:59,1040.00,1040.00,1040.00,1040.00,150,9825,1018.26,1022.30,1059.90
08.02.21 12:26:59,1035.00,1035.00,1032.00,1032.00,375,9975,1018.79,1023.60,1035.00
08.02.21 12:28:59,1017.00,1025.00,1017.00,1025.00,750,10350,1018.97,1029.45,1030.00
08.02.21 12:33:59,1015.00,1015.00,1015.00,1015.00,75,11100,1018.94,1007.95,1035.00
08.02.21 13:54:59,995.00,995.00,995.00,995.00,450,11175,1018.02,991.25,1022.60
08.02.21 13:59:59,990.00,990.00,990.00,990.00,300,11625,1017.32,983.00,1001.85
08.02.21 14:00:59,983.00,983.00,983.00,983.00,75,11625,1017.11,983.00,994.95
08.02.21 14:01:59,984.00,984.00,984.00,984.00,300,11625,1016.30,984.00,995.00
08.02.21 14:02:59,995.00,995.00,995.00,995.00,75,11625,1016.17,984.00,995.00
08.02.21 14:18:59,985.00,985.00,985.00,985.00,75,11625,1015.99,981.00,992.00
08.02.21 14:21:59,992.00,992.00,900.00,992.00,975,11550,1012.13,967.35,992.00
08.02.21 14:24:59,991.95,991.95,991.95,991.95,150,12075,1011.90,991.95,992.00
08.02.21 14:40:59,992.00,992.00,992.00,992.00,75,11925,1011.80,981.20,992.00
08.02.21 14:47:59,992.00,992.00,992.00,992.00,75,12000,1011.69,986.00,992.00
08.02.21 14:49:59,992.00,992.00,992.00,992.00,75,12075,1011.58,986.00,992.00
08.02.21 14:50:59,992.00,992.00,992.00,992.00,225,12075,1011.27,991.80,992.00
08.02.21 14:51:59,992.00,992.00,992.00,992.00,75,0,1011.17,991.55,1017.55
08.02.21 15:08:59,1008.00,1008.00,1008.00,1008.00,75,12450,1011.15,995.45,1008.00
08.02.21 15:14:59,991.00,991.00,991.00,991.00,225,12525,1010.84,991.00,1012.75
08.02.21 15:25:59,1011.30,1011.30,1011.30,1011.30,525,12525,1010.85,995.00,1008.85
09.02.21 09:22:59,991.00,991.00,991.00,991.00,75,12000,991.00,965.95,999.45
09.02.21 09:48:59,974.00,974.00,974.00,974.00,375,12000,976.83,972.35,975.00
09.02.21 09:49:59,975.00,975.00,975.00,975.00,1350,12000,975.45,974.25,999.80
09.02.21 10:11:59,975.00,975.00,975.00,975.00,75,13725,975.44,957.00,977.80
09.02.21 10:50:59,950.00,950.00,950.00,950.00,75,13725,974.46,941.00,958.40
09.02.21 10:56:59,956.15,956.15,956.15,956.15,75,13725,973.78,941.00,962.25
09.02.21 10:58:59,955.05,955.05,955.05,955.05,75,13725,973.11,945.00,955.25
09.02.21 11:07:59,950.45,950.45,950.45,950.45,150,13725,971.60,942.00,955.85
09.02.21 11:12:59,947.00,947.00,947.00,947.00,75,13725,970.80,941.00,951.85
09.02.21 11:13:59,941.00,941.00,941.00,941.00,225,13725,968.17,941.00,948.20
09.02.21 11:14:59,941.00,941.00,941.00,941.00,75,13725,967.40,941.00,960.45
09.02.21 11:16:59,941.00,941.00,941.00,941.00,300,13500,964.69,941.00,947.35
09.02.21 11:17:59,941.00,941.00,941.00,941.00,75,13500,964.10,930.00,944.85
09.02.21 11:19:59,936.95,936.95,936.95,936.95,75,13125,963.44,930.00,937.95
09.02.21 11:22:59,927.00,927.00,921.00,921.00,600,13050,956.63,915.70,921.00
09.02.21 11:24:59,924.00,924.00,924.00,924.00,75,13500,955.98,921.40,925.00
09.02.21 11:26:59,924.00,924.00,924.00,924.00,75,13500,955.35,925.65,946.50
09.02.21 11:32:59,940.00,940.00,940.00,940.00,150,13650,954.76,923.35,940.00
09.02.21 11:39:59,930.00,930.00,930.00,930.00,75,13725,954.30,927.80,930.00
09.02.21 11:40:59,930.00,930.00,930.00,930.00,75,13725,953.86,929.60,935.00
09.02.21 11:53:59,934.00,934.00,934.00,934.00,75,13725,953.50,925.10,934.00
09.02.21 11:56:59,934.00,934.00,934.00,934.00,75,13800,953.16,926.95,934.00
09.02.21 12:00:59,925.80,925.80,925.80,925.80,300,13875,951.37,926.90,934.00
09.02.21 12:05:59,934.00,935.00,934.00,935.00,525,14175,949.64,929.75,935.00
09.02.21 12:08:59,935.00,935.00,931.15,935.00,225,14700,948.96,934.10,963.25
09.02.21 12:22:59,927.40,927.40,927.40,927.40,75,14925,948.67,930.05,944.95
09.02.21 12:42:59,931.00,931.00,931.00,931.00,300,15000,947.74,925.00,934.75
09.02.21 13:03:59,940.00,940.00,940.00,940.00,75,15000,947.63,928.00,947.60
09.02.21 13:07:59,942.00,942.00,942.00,942.00,75,15000,947.56,930.00,944.05
09.02.21 13:11:59,927.00,927.00,927.00,927.00,75,15000,947.30,920.00,930.45
09.02.21 13:27:59,927.00,927.00,927.00,927.00,150,14925,946.80,920.65,949.10
09.02.21 13:32:59,922.00,922.00,922.00,922.00,150,15075,946.20,925.30,956.15
09.02.21 13:39:59,925.00,925.00,925.00,925.00,150,15225,945.70,915.00,929.40
09.02.21 14:44:59,945.00,945.00,945.00,945.00,75,15225,945.70,945.00,957.30
09.02.21 14:46:59,963.90,970.00,963.90,970.00,150,15225,946.18,976.00,997.40
09.02.21 15:01:59,996.50,996.50,996.50,996.50,75,15375,946.74,1010.00,1041.55
09.02.21 15:04:59,1045.00,1045.00,1045.00,1045.00,75,15375,947.84,1023.05,1046.70
10.02.21 09:23:59,1015.00,1015.00,1015.00,1015.00,150,15450,1015.00,1010.15,1015.00
10.02.21 09:24:59,1015.00,1015.00,1015.00,1015.00,150,15450,1015.00,1025.40,1049.00
10.02.21 09:27:59,1045.00,1045.00,1045.00,1045.00,150,15600,1025.00,1042.60,1045.00
10.02.21 09:28:59,1045.00,1045.00,1045.00,1045.00,75,15600,1027.85,1019.90,1044.65
10.02.21 09:39:59,1001.10,1001.10,1001.10,1001.10,75,15975,1024.51,1000.00,1019.70
10.02.21 09:45:59,1020.00,1020.00,1020.00,1020.00,75,15975,1024.01,1012.60,1046.20
10.02.21 10:14:59,1035.00,1035.00,1035.00,1035.00,75,16050,1025.11,1040.50,1050.00
10.02.21 10:15:59,1050.00,1055.00,1050.00,1055.00,225,16050,1031.62,1048.10,1079.30
10.02.21 10:17:59,1069.00,1069.00,1069.00,1069.00,75,16200,1034.29,1065.15,1086.55
10.02.21 11:09:59,1055.00,1055.00,1055.00,1055.00,300,16200,1038.89,1046.60,1055.00
10.02.21 11:10:59,1055.00,1055.00,1055.00,1055.00,300,16200,1041.82,1047.70,1073.15
10.02.21 11:21:59,1040.00,1040.00,1040.00,1040.00,75,16800,1041.74,1016.35,1041.90
10.02.21 11:45:59,1049.00,1049.00,1045.00,1045.00,150,16800,1042.16,1041.00,1049.70
10.02.21 11:46:59,1045.00,1045.00,1039.90,1039.90,300,16800,1042.06,1011.35,1041.80
10.02.21 12:44:59,1047.10,1047.10,1047.10,1047.10,75,16800,1042.23,1035.00,1043.90
10.02.21 12:47:59,1049.00,1049.00,1049.00,1049.00,75,16800,1042.45,1031.00,1053.20
10.02.21 13:39:59,1079.00,1079.00,1079.00,1079.00,75,16800,1043.59,1066.75,1089.15
10.02.21 14:55:59,1066.55,1066.55,1066.55,1066.55,75,16800,1044.28,1069.95,1090.70
10.02.21 15:05:59,1028.00,1028.00,1028.00,1028.00,75,16800,1043.81,1015.00,1033.10
10.02.21 15:13:59,1020.00,1020.00,1020.00,1020.00,300,16800,1041.30,1020.00,1024.70
10.02.21 15:15:59,1017.00,1017.00,1017.00,1017.00,150,16800,1040.08,1000.30,1015.00
10.02.21 15:19:59,1003.00,1003.00,1003.00,1003.00,300,16800,1036.67,1000.00,1005.95
10.02.21 15:20:59,1000.00,1000.00,1000.00,1000.00,150,16800,1035.07,995.00,1000.15
10.02.21 15:21:59,995.00,995.00,995.00,995.00,75,16800,1034.22,980.10,1002.95
11.02.21 09:32:59,1020.00,1020.00,1020.00,1020.00,75,15975,1020.00,1006.30,1028.20
11.02.21 09:46:59,991.45,991.45,991.45,991.45,75,15975,1005.72,976.25,997.25
11.02.21 09:50:59,976.25,976.25,976.25,976.25,300,15975,986.07,976.25,987.30
11.02.21 09:51:59,983.20,983.20,983.20,983.20,75,15975,985.66,976.25,990.70
11.02.21 10:16:59,978.00,978.00,978.00,978.00,300,15975,982.87,975.00,980.00
11.02.21 10:32:59,980.00,980.00,980.00,980.00,225,15675,982.26,978.00,980.00
11.02.21 10:33:59,980.00,980.00,980.00,980.00,75,15675,982.11,972.00,980.00
11.02.21 11:09:59,980.00,980.00,980.00,980.00,75,16275,981.97,973.35,994.70
11.02.21 11:56:59,1004.75,1004.75,1004.75,1004.75,75,16350,983.31,983.60,1006.15
11.02.21 12:29:59,977.00,977.00,977.00,977.00,75,16350,982.96,957.65,983.35
11.02.21 12:40:59,975.50,975.50,975.50,975.50,75,16350,982.57,958.05,975.75
11.02.21 13:57:59,971.05,971.05,971.05,971.05,75,16350,981.99,955.80,976.00
11.02.21 14:24:59,966.05,966.05,966.05,966.05,75,16350,981.23,955.00,960.30
11.02.21 14:25:59,955.00,955.00,955.00,955.00,600,16350,974.00,949.00,958.65
11.02.21 14:42:59,960.00,960.00,960.00,960.00,300,15750,972.27,949.00,957.10
11.02.21 14:55:59,942.10,942.10,940.00,940.00,375,15450,968.08,940.00,958.20
11.02.21 15:09:59,950.00,950.00,950.00,950.00,75,15525,967.62,955.00,959.45
11.02.21 15:10:59,955.00,955.00,955.00,955.00,75,15600,967.30,943.10,958.60
11.02.21 15:23:59,941.10,941.10,941.10,941.10,75,15600,966.66,940.00,943.15
11.02.21 15:24:59,940.00,940.00,940.00,940.00,75,15600,966.03,930.00,941.20
11.02.21 15:28:59,939.95,939.95,939.95,939.95,75,15600,965.42,930.00,941.95
12.02.21 09:24:59,949.00,949.00,949.00,949.00,75,15600,949.00,944.00,966.20
12.02.21 09:31:59,949.00,949.00,949.00,949.00,75,15600,949.00,924.00,944.70
12.02.21 09:38:59,930.00,930.00,930.00,930.00,75,15600,942.66,927.35,950.00
12.02.21 09:42:59,923.60,923.60,923.60,923.60,75,15675,937.90,920.05,944.95
12.02.21 09:51:59,930.00,930.00,930.00,930.00,150,15750,935.26,930.00,946.20
12.02.21 10:08:59,950.00,950.00,950.00,950.00,75,15900,937.37,930.05,945.00
12.02.21 10:30:59,945.00,945.00,945.00,945.00,75,15900,938.32,935.00,948.95
12.02.21 10:32:59,947.65,947.65,947.65,947.65,75,15900,939.36,935.00,945.30
12.02.21 10:37:59,935.00,935.00,935.00,935.00,75,15900,938.92,925.00,936.15
12.02.21 10:38:59,930.00,930.00,930.00,930.00,150,15900,937.43,925.00,930.55
12.02.21 10:44:59,925.00,925.00,925.00,925.00,75,15900,936.48,910.00,922.90
12.02.21 10:45:59,910.00,910.00,910.00,910.00,150,15900,932.95,906.25,913.15
12.02.21 10:55:59,915.00,915.00,915.00,915.00,375,15825,928.46,915.00,916.55
12.02.21 10:56:59,915.00,915.00,915.00,915.00,75,15825,927.82,906.00,914.05
12.02.21 11:00:59,909.00,909.00,909.00,909.00,150,15375,926.18,906.00,916.45
12.02.21 11:15:59,906.00,906.00,906.00,906.00,300,15375,923.19,906.00,912.20
12.02.21 12:36:59,923.00,923.00,923.00,923.00,150,15075,923.18,920.15,934.75
12.02.21 12:44:59,930.00,930.00,930.00,930.00,75,15075,923.40,926.00,936.60
12.02.21 12:45:59,932.00,932.00,932.00,932.00,75,15075,923.68,0.00,0.00
12.02.21 12:51:59,930.00,930.00,930.00,930.00,150,15075,924.06,920.00,930.35
12.02.21 12:54:59,922.00,922.00,922.00,922.00,75,15075,924.00,906.45,928.70
12.02.21 12:58:59,924.55,924.55,924.55,924.55,75,15075,924.02,910.00,925.65
12.02.21 13:01:59,924.30,924.30,924.30,924.30,150,15075,924.03,0.00,0.00
12.02.21 13:03:59,923.00,923.00,923.00,923.00,75,15075,924.00,906.05,922.50
12.02.21 13:50:59,942.00,942.00,942.00,942.00,150,15075,924.90,948.10,956.00
12.02.21 13:55:59,956.00,956.00,956.00,956.00,300,15075,927.73,948.10,956.00
12.02.21 13:56:59,956.00,961.00,956.00,961.00,750,15075,933.72,965.60,970.00
12.02.21 13:57:59,970.00,970.00,970.00,970.00,75,15075,934.38,955.40,970.00
12.02.21 14:00:59,972.00,989.80,972.00,989.80,225,16125,936.64,989.70,1015.75
12.02.21 14:03:59,991.00,991.00,991.00,991.00,75,16200,937.56,997.85,1023.30
12.02.21 14:07:59,1000.00,1000.00,1000.00,1000.00,75,16200,938.60,979.90,1002.55
12.02.21 14:22:59,976.10,976.10,976.10,976.10,75,0,939.21,964.70,989.55
12.02.21 14:39:59,969.55,969.55,969.55,969.55,75,16200,939.70,961.00,974.30
12.02.21 14:40:59,972.70,972.70,972.70,972.70,75,16200,940.23,961.00,974.35
12.02.21 14:47:59,965.00,965.00,965.00,965.00,75,16200,940.61,961.00,966.05
12.02.21 14:49:59,961.00,961.00,961.00,961.00,75,16200,940.93,949.95,968.50
12.02.21 14:52:59,945.30,945.30,945.30,945.30,75,16200,940.99,946.50,965.00
12.02.21 14:53:59,945.10,945.10,945.10,945.10,75,16200,941.05,947.50,966.50
12.02.21 14:57:59,948.30,948.30,948.30,948.30,75,16350,941.16,950.70,975.35
12.02.21 15:15:59,952.00,952.00,951.00,951.00,150,16425,941.46,945.00,956.30
12.02.21 15:17:59,945.00,945.00,945.00,945.00,450,16425,941.73,944.00,956.05
12.02.21 15:19:59,944.00,944.00,944.00,944.00,450,15975,941.90,930.50,947.20
15.02.21 09:16:59,879.70,879.70,879.70,879.70,75,15525,879.70,850.00,879.15
15.02.21 09:20:59,855.00,862.00,855.00,862.00,225,15525,864.67,850.00,862.00
15.02.21 09:30:59,840.00,840.00,840.00,840.00,75,15675,859.74,830.10,845.00
15.02.21 09:31:59,845.00,845.00,845.00,845.00,150,15675,855.52,827.85,845.00
15.02.21 09:34:59,845.00,845.00,845.00,845.00,375,15750,851.14,839.25,845.00
15.02.21 09:35:59,845.00,845.00,845.00,845.00,225,15750,849.91,840.35,862.00
15.02.21 09:45:59,854.00,854.00,854.00,854.00,75,16350,850.16,848.90,854.00
15.02.21 09:46:59,853.00,853.00,853.00,853.00,300,16350,850.73,850.00,853.00
15.02.21 09:47:59,854.00,854.00,854.00,854.00,975,17625,851.90,850.00,874.15
15.02.21 10:02:59,850.00,850.00,850.00,850.00,75,17700,851.84,842.15,850.00
15.02.21 10:03:59,848.00,848.00,848.00,848.00,75,17775,851.73,841.20,850.00
15.02.21 10:05:59,850.00,850.00,850.00,850.00,150,17850,851.64,843.70,850.00
15.02.21 10:06:59,850.00,850.00,850.00,850.00,1125,17850,851.16,844.30,864.85
15.02.21 10:19:59,850.00,850.00,850.00,850.00,150,19125,851.12,840.35,855.00
15.02.21 10:24:59,840.00,840.00,840.00,840.00,225,19125,850.60,843.10,852.05
15.02.21 10:26:59,851.60,851.60,850.85,850.85,300,19200,850.63,840.75,851.85
15.02.21 10:27:59,851.00,851.00,851.00,851.00,450,19200,850.66,840.75,851.00
15.02.21 10:38:59,840.00,840.00,840.00,840.00,75,19650,850.51,840.00,841.50
15.02.21 10:39:59,840.00,841.00,840.00,841.00,150,19650,850.22,838.00,841.85
15.02.21 10:41:59,841.85,841.85,841.85,841.85,75,19650,850.10,838.00,840.95
15.02.21 10:42:59,838.00,838.00,838.00,838.00,525,19500,849.02,838.00,841.50
15.02.21 10:43:59,838.00,838.00,838.00,838.00,75,19500,848.88,835.00,841.95
15.02.21 10:49:59,830.00,830.00,830.00,830.00,450,18900,847.54,830.00,832.75
15.02.21 10:50:59,830.00,830.00,830.00,830.00,225,18900,846.95,830.00,831.00
15.02.21 10:52:59,831.00,831.00,830.00,830.00,225,18225,846.41,830.00,831.00
15.02.21 10:53:59,831.00,831.00,831.00,831.00,300,18225,845.76,830.00,831.00
15.02.21 10:56:59,831.00,831.00,831.00,831.00,225,18675,845.31,830.00,831.00
15.02.21 10:57:59,830.00,831.00,830.00,831.00,150,18675,845.01,824.25,832.00
15.02.21 11:18:59,825.00,825.00,825.00,825.00,150,18900,844.62,820.50,835.75
15.02.21 11:25:59,835.00,835.00,835.00,835.00,75,19050,844.53,825.00,835.10
15.02.21 11:27:59,833.00,833.00,825.00,825.00,150,19050,844.23,815.05,828.30
15.02.21 11:29:59,830.65,830.65,830.65,830.65,75,19050,844.10,815.05,830.65
15.02.21 11:42:59,831.00,831.00,831.00,831.00,600,19050,843.18,826.00,831.00
15.02.21 11:51:59,830.00,830.00,830.00,830.00,150,19650,842.95,830.00,837.20
15.02.21 11:54:59,835.90,835.90,835.90,835.90,150,19800,842.83,830.00,834.25
15.02.21 11:56:59,830.00,830.00,830.00,830.00,225,19800,842.52,828.00,831.40
15.02.21 11:57:59,832.95,832.95,828.00,828.00,375,19800,842.09,825.00,830.90
15.02.21 11:58:59,829.00,829.00,829.00,829.00,375,19800,841.59,825.00,829.55
15.02.21 12:00:59,829.00,829.00,829.00,829.00,150,19800,841.40,821.00,831.25
15.02.21 12:19:59,835.00,835.00,835.00,835.00,150,19800,841.31,821.05,835.00
15.02.21 12:25:59,835.00,835.00,835.00,835.00,75,19650,841.26,830.00,835.00
15.02.21 12:26:59,830.00,830.00,830.00,830.00,75,19650,841.18,829.00,834.90
15.02.21 12:40:59,828.60,828.60,828.55,828.55,150,19650,841.00,825.10,831.05
15.02.21 12:48:59,832.00,832.00,832.00,832.00,75,19650,840.93,828.00,838.15
15.02.21 13:01:59,830.00,830.00,822.00,822.00,375,19650,840.39,822.00,827.25
15.02.21 13:17:59,831.00,831.00,831.00,831.00,375,19425,840.08,826.00,832.85
15.02.21 13:47:59,830.00,830.00,830.00,830.00,150,19050,839.94,825.00,834.95
15.02.21 13:57:59,826.00,826.00,826.00,826.00,75,18975,839.85,826.00,838.75
15.02.21 14:21:59,826.00,826.00,819.00,819.00,1050,18975,838.27,815.00,827.10
15.02.21 15:05:59,825.00,825.00,825.00,825.00,75,18750,838.19,823.10,831.95
15.02.21 15:11:59,825.10,825.10,825.10,825.10,75,18750,838.11,820.05,825.00
15.02.21 15:12:59,820.05,820.05,820.00,820.00,675,18750,837.20,807.00,822.85
15.02.21 15:14:59,817.00,817.00,817.00,817.00,900,18975,835.92,802.00,817.20
15.02.21 15:26:59,805.00,805.00,800.00,800.00,600,18825,834.60,800.00,814.30
15.02.21 15:28:59,805.00,805.00,805.00,805.00,150,18675,834.30,800.00,813.05
15.02.21 15:30:00,810.00,810.00,800.00,800.00,300,18675,833.76,800.00,821.95
16.02.21 09:28:59,762.05,762.05,762.05,762.05,75,18375,762.05,756.00,764.15
16.02.21 09:31:59,755.00,755.00,755.00,755.00,75,18375,758.52,748.65,755.00
16.02.21 09:35:59,752.00,752.00,752.00,752.00,675,18450,753.18,753.00,756.00
16.02.21 09:37:59,745.00,745.00,745.00,745.00,75,18825,752.50,742.75,752.00
16.02.21 09:38:59,742.75,751.00,742.75,751.00,825,18975,751.42,740.05,765.50
16.02.21 09:48:59,755.00,755.00,755.00,755.00,75,0,751.57,746.55,755.00
16.02.21 09:50:59,755.00,755.00,755.00,755.00,225,19050,751.95,746.25,755.00
16.02.21 09:52:59,755.00,756.00,755.00,756.00,675,19050,752.91,747.20,760.00
16.02.21 09:54:59,760.00,760.00,760.00,760.00,2025,19425,755.94,760.00,775.95
16.02.21 10:18:59,770.00,770.00,770.00,770.00,75,21450,756.16,760.35,770.00
16.02.21 10:20:59,770.00,770.00,770.00,770.00,75,21450,756.38,761.10,770.00
16.02.21 10:25:59,769.00,769.00,769.00,769.00,150,21600,756.75,761.30,770.00
16.02.21 10:28:59,770.00,770.00,770.00,770.00,150,21600,757.14,762.05,779.65
16.02.21 10:36:59,767.00,767.00,767.00,767.00,75,21600,757.28,765.00,769.95
16.02.21 10:37:59,765.00,765.00,765.00,765.00,150,21600,757.49,760.00,767.70
16.02.21 10:38:59,760.00,760.00,760.00,760.00,75,21600,757.53,745.35,766.85
16.02.21 11:03:59,762.00,762.00,762.00,762.00,75,21600,757.59,744.75,764.80
16.02.21 11:17:59,765.20,765.20,765.20,765.20,75,21600,757.69,761.00,779.15
16.02.21 11:24:59,780.00,780.00,780.00,780.00,75,21675,757.98,770.15,780.00
16.02.21 11:26:59,780.00,785.00,780.00,782.50,525,21750,760.08,782.25,804.25
16.02.21 11:27:59,787.00,787.00,787.00,787.00,600,21750,762.45,774.35,790.00
16.02.21 11:30:59,785.00,788.00,785.00,788.00,975,22725,765.48,779.90,790.00
16.02.21 11:31:59,788.00,788.00,784.35,784.35,225,22725,766.07,773.05,790.00
16.02.21 11:36:59,784.00,784.00,784.00,784.00,150,23775,766.40,782.00,790.00
16.02.21 11:47:59,780.00,780.00,780.00,780.00,75,23925,766.52,771.20,789.95
16.02.21 11:55:59,790.00,790.00,790.00,790.00,75,23925,766.73,778.80,795.00
16.02.21 12:00:59,785.00,785.00,785.00,785.00,75,24000,766.90,771.60,795.00
16.02.21 12:13:59,780.00,780.00,780.00,780.00,150,24000,767.13,780.00,795.00
16.02.21 12:26:59,780.00,780.00,780.00,780.00,150,24150,767.35,779.55,785.00
16.02.21 12:27:59,785.00,785.00,785.00,785.00,75,24300,767.50,779.50,785.00
16.02.21 12:29:59,780.00,780.00,780.00,780.00,75,24300,767.60,778.80,795.00
16.02.21 12:36:59,795.00,795.00,795.00,795.00,75,24450,767.83,793.85,817.20
16.02.21 12:44:59,800.00,805.00,800.00,805.00,450,24525,769.50,805.05,810.00
16.02.21 12:45:59,810.00,815.00,810.00,815.00,225,24525,770.53,806.95,819.95
16.02.21 12:46:59,810.00,810.00,810.00,810.00,75,24525,770.83,792.80,817.90
16.02.21 12:55:59,804.00,804.00,804.00,804.00,75,25050,771.09,801.85,804.00
16.02.21 12:56:59,804.00,804.00,804.00,804.00,75,25050,771.34,800.15,819.95
16.02.21 13:00:59,819.95,825.00,819.95,825.00,525,25200,773.88,825.00,842.15
16.02.21 13:04:59,825.00,830.00,825.00,830.00,150,25200,774.65,835.00,845.00
16.02.21 13:05:59,845.00,845.00,845.00,845.00,75,25200,775.15,829.00,849.55
16.02.21 13:12:59,845.00,845.00,845.00,845.00,150,25875,776.12,835.05,850.00
16.02.21 13:27:59,820.05,820.05,820.05,820.05,75,25875,776.43,825.50,845.40
16.02.21 13:44:59,830.00,830.00,830.00,830.00,450,25800,778.57,814.25,837.70
16.02.21 13:53:59,833.20,833.20,833.20,833.20,75,25800,778.93,836.30,859.75
16.02.21 13:57:59,860.00,860.00,860.00,860.00,75,25800,779.47,846.95,874.05
16.02.21 14:06:59,840.00,840.00,840.00,840.00,375,25800,781.39,827.85,854.75
16.02.21 14:17:59,825.00,825.00,825.00,825.00,75,25800,781.67,816.65,839.95
16.02.21 14:22:59,825.00,825.00,825.00,825.00,75,25875,781.94,820.05,848.50
16.02.21 14:31:59,820.00,820.00,820.00,820.00,150,25875,782.41,810.00,833.30
16.02.21 14:38:59,802.00,802.00,802.00,802.00,150,25875,782.65,803.35,831.40
16.02.21 14:43:59,802.00,802.00,802.00,802.00,150,25875,782.89,806.65,827.40
16.02.21 14:58:59,804.00,804.00,804.00,804.00,150,25800,783.14,803.40,827.55
16.02.21 15:12:59,826.20,826.20,826.20,826.20,75,25800,783.40,806.65,823.95
16.02.21 15:23:59,800.65,800.65,800.65,800.65,75,26025,783.50,791.30,804.95
16.02.21 15:25:59,786.75,786.75,786.75,786.75,75,26025,783.52,789.00,800.00
16.02.21 15:30:00,795.00,795.00,795.00,795.00,450,26025,783.91,795.00,812.00
17.02.21 09:15:59,834.25,834.25,834.25,834.25,75,25725,834.25,835.30,879.95
17.02.21 09:32:59,860.00,860.00,860.00,860.00,75,25800,847.12,852.20,870.00
17.02.21 09:39:59,870.00,870.00,870.00,870.00,75,25800,854.75,857.90,874.00
17.02.21 09:46:59,850.90,850.90,850.90,850.90,75,25800,853.78,851.60,873.95
17.02.21 09:54:59,865.00,865.00,865.00,865.00,75,25800,856.03,857.05,870.00
17.02.21 09:55:59,870.00,870.00,870.00,870.00,75,25800,858.35,860.00,884.75
17.02.21 10:02:59,896.65,896.65,896.65,896.65,75,25950,863.82,870.95,891.00
17.02.21 10:03:59,880.00,880.00,880.00,880.00,150,25950,867.42,880.00,888.50
17.02.21 10:04:59,880.00,880.00,880.00,880.00,75,25950,868.68,862.40,887.30
17.02.21 10:05:59,887.30,887.30,887.30,887.30,75,25950,870.37,880.00,892.70
17.02.21 10:06:59,880.00,880.00,880.00,880.00,75,25950,871.17,861.30,887.90
17.02.21 10:08:59,875.00,875.00,875.00,875.00,75,25950,871.46,861.25,881.15
17.02.21 10:12:59,865.00,865.00,865.00,865.00,75,25950,871.00,855.00,868.10
17.02.21 10:18:59,861.00,861.00,861.00,861.00,75,25950,870.34,850.00,865.00
17.02.21 10:20:59,860.00,860.00,860.00,860.00,75,25950,869.69,850.00,859.00
17.02.21 10:23:59,855.00,855.00,855.00,855.00,75,25950,868.82,850.00,869.70
17.02.21 10:29:59,869.00,869.00,869.00,869.00,150,25950,868.84,856.35,869.00
17.02.21 10:30:59,869.00,869.00,869.00,869.00,75,26100,868.85,854.10,869.00
17.02.21 10:33:59,869.00,869.00,869.00,869.00,75,26175,868.86,858.50,869.00
17.02.21 10:35:59,869.00,869.00,869.00,869.00,75,26175,868.86,852.90,875.00
17.02.21 10:36:59,875.00,875.00,875.00,875.00,75,26325,869.13,852.45,876.25
17.02.21 10:48:59,865.00,865.00,865.00,865.00,225,26400,868.65,865.00,872.65
17.02.21 10:49:59,865.00,865.00,865.00,865.00,75,26400,868.52,861.20,868.55
17.02.21 10:50:59,861.20,861.20,861.20,861.20,75,26400,868.26,857.00,866.15
17.02.21 10:54:59,862.00,862.00,862.00,862.00,75,26400,868.04,860.00,867.50
17.02.21 10:55:59,860.00,860.00,860.00,860.00,75,26400,867.77,857.00,863.10
17.02.21 10:58:59,857.00,857.00,857.00,857.00,150,26325,867.10,857.00,862.80
17.02.21 10:59:59,857.00,857.00,836.90,836.90,450,26325,864.45,830.75,853.80
17.02.21 11:26:59,817.00,817.00,817.00,817.00,375,25950,858.93,815.00,829.60
17.02.21 11:33:59,823.65,823.65,823.65,823.65,75,26325,858.13,820.05,848.40
17.02.21 12:23:59,815.00,815.00,815.00,815.00,75,26400,857.17,815.00,821.70
17.02.21 12:30:59,821.00,821.00,821.00,821.00,75,0,856.39,815.00,820.05
17.02.21 12:31:59,815.00,815.00,815.00,815.00,75,26400,855.51,806.00,816.90
17.02.21 12:52:59,843.85,843.85,843.85,843.85,75,26400,855.26,821.85,838.85
17.02.21 12:54:59,847.65,847.65,847.65,847.65,75,26400,855.11,827.85,848.50
17.02.21 12:56:59,851.00,851.00,851.00,851.00,75,26400,855.03,830.00,846.95
17.02.21 12:57:59,847.80,848.00,847.80,848.00,150,26400,854.75,830.05,851.75
17.02.21 12:58:59,848.25,848.25,848.25,848.25,75,26400,854.63,830.05,849.50
17.02.21 13:02:59,867.00,867.00,867.00,867.00,75,0,854.86,852.45,874.35
17.02.21 13:05:59,886.10,886.10,886.10,886.10,75,26400,855.43,858.40,882.75
17.02.21 13:11:59,875.85,875.85,875.85,875.85,75,26400,855.79,854.25,875.00
17.02.21 13:15:59,879.95,879.95,879.95,879.95,75,26400,856.21,862.30,880.95
17.02.21 13:20:59,867.05,867.05,867.05,867.05,75,26400,856.40,844.75,869.10
17.02.21 13:22:59,865.00,865.00,865.00,865.00,75,26400,856.55,846.75,869.95
17.02.21 13:29:59,875.00,880.00,875.00,880.00,225,26400,857.60,880.00,886.90
17.02.21 13:30:59,880.00,880.00,880.00,880.00,150,26400,858.30,860.55,883.65
17.02.21 13:34:59,887.00,887.00,887.00,887.00,75,26400,858.74,875.60,904.35
17.02.21 13:36:59,899.60,899.60,899.60,899.60,75,26475,859.36,893.90,918.45
17.02.21 13:38:59,908.70,908.70,908.70,908.70,75,26475,860.10,887.50,909.00
17.02.21 14:15:59,850.00,850.00,850.00,850.00,75,26475,859.95,835.95,863.85
17.02.21 14:35:59,880.00,880.00,880.00,880.00,75,26475,860.24,863.25,889.05
17.02.21 14:43:59,885.00,885.00,885.00,885.00,75,26400,860.59,867.15,897.85
17.02.21 14:52:59,877.95,877.95,877.95,877.95,75,26400,860.84,857.10,877.90
17.02.21 14:53:59,875.00,875.00,875.00,875.00,75,26400,861.03,858.65,875.00
17.02.21 14:54:59,875.00,875.00,875.00,875.00,75,26400,861.23,861.50,878.00
17.02.21 14:55:59,878.00,878.00,878.00,878.00,75,26400,861.45,860.75,880.05
17.02.21 14:56:59,878.00,880.00,878.00,880.00,225,26400,862.15,862.20,890.55
17.02.21 15:00:59,880.00,880.00,880.00,880.00,75,26400,862.38,861.40,877.90
17.02.21 15:05:59,885.60,885.60,885.60,885.60,75,26400,862.67,864.95,885.60
17.02.21 15:06:59,885.60,885.60,885.60,885.60,75,26400,862.96,864.20,882.75
17.02.21 15:07:59,882.75,882.75,882.75,882.75,75,26475,863.20,869.10,888.70
17.02.21 15:08:59,888.70,888.70,888.60,888.60,225,26475,864.11,867.55,888.60
17.02.21 15:09:59,888.60,888.60,888.60,888.60,75,26475,864.40,871.55,890.00
17.02.21 15:10:59,891.60,891.60,891.60,891.60,150,26475,865.02,865.40,893.00
17.02.21 15:11:59,890.00,891.95,890.00,891.95,300,26475,866.16,867.50,894.95
17.02.21 15:13:59,879.05,879.10,879.05,879.10,300,26475,866.70,861.40,879.95
17.02.21 15:14:59,879.95,879.95,874.05,874.05,600,26475,867.49,861.40,874.05
17.02.21 15:15:59,873.70,877.75,873.70,877.75,675,26475,868.19,861.40,877.05
17.02.21 15:16:59,876.60,883.75,876.60,883.75,750,26475,869.17,862.65,881.95
17.02.21 15:17:59,881.80,881.80,880.00,880.00,225,26475,869.46,865.65,884.40
17.02.21 15:18:59,884.35,884.35,881.90,881.90,225,26625,869.77,863.45,883.70
17.02.21 15:19:59,883.00,883.00,883.00,883.00,375,26625,870.27,867.05,886.40
17.02.21 15:20:59,886.00,888.70,886.00,887.15,600,26625,871.21,864.30,887.10
17.02.21 15:21:59,890.00,893.00,890.00,893.00,600,26775,872.24,866.95,893.30
17.02.21 15:22:59,889.70,891.95,887.50,891.95,300,26775,872.71,866.80,893.35
17.02.21 15:23:59,890.30,890.30,890.30,890.30,150,26775,872.93,875.05,890.15
17.02.21 15:24:59,890.15,890.15,889.75,889.75,600,26775,873.77,871.10,889.80
17.02.21 15:25:59,890.50,890.50,890.50,890.50,300,26775,874.17,875.15,892.65
17.02.21 15:26:59,892.60,892.60,892.60,892.60,225,26775,874.49,875.45,893.20
17.02.21 15:28:59,895.00,895.00,895.00,895.00,75,26775,874.61,884.00,900.45
18.02.21 09:16:59,884.95,884.95,884.95,884.95,75,30825,884.95,862.00,884.75
18.02.21 09:18:59,880.00,880.00,880.00,880.00,75,30825,882.47,875.00,881.25
18.02.21 09:19:59,878.00,878.00,877.25,877.25,150,30825,880.05,857.00,878.00
18.02.21 09:20:59,875.60,875.95,875.60,875.95,150,31125,878.62,855.70,877.25
18.02.21 09:21:59,875.50,875.50,872.05,872.05,300,31125,876.63,855.35,873.80
18.02.21 09:22:59,873.70,873.70,871.00,871.00,300,31125,875.22,855.05,871.35
18.02.21 09:23:59,865.45,869.20,865.45,869.20,150,31875,874.24,855.05,870.70
18.02.21 09:24:59,866.90,866.90,866.90,866.90,75,31875,873.80,855.00,862.45
18.02.21 09:25:59,860.00,860.00,860.00,860.00,75,31875,873.04,852.70,870.35
18.02.21 09:26:59,875.35,879.75,873.75,879.00,375,32250,873.78,860.05,876.00
18.02.21 09:27:59,880.35,880.35,880.35,880.35,75,32250,874.05,860.85,878.45
18.02.21 09:28:59,878.40,879.35,878.40,879.30,225,32250,874.60,860.05,876.85
18.02.21 09:29:59,876.20,876.75,876.20,876.75,225,32925,874.79,860.05,876.65
18.02.21 09:30:59,878.25,878.25,878.25,878.25,75,32925,874.90,861.55,881.75
18.02.21 09:31:59,880.00,884.55,880.00,884.55,150,32925,875.35,865.75,886.45
18.02.21 09:33:59,883.10,883.10,876.85,876.85,525,33225,876.33,860.05,876.40
18.02.21 09:34:59,881.50,881.50,881.50,881.50,75,33225,876.45,860.05,873.50
18.02.21 09:35:59,871.75,871.75,871.65,871.65,225,33825,876.13,860.05,871.65
18.02.21 09:36:59,871.65,871.65,867.90,867.90,300,33825,875.58,854.05,867.90
18.02.21 09:38:59,872.80,876.40,872.80,876.35,300,34575,875.50,860.05,876.35
18.02.21 09:39:59,876.40,876.40,874.00,874.00,375,34575,875.46,859.85,878.25
18.02.21 09:40:59,877.60,877.80,877.60,877.80,150,34575,875.54,859.05,876.90
18.02.21 09:41:59,880.20,880.20,871.20,873.10,225,35250,875.51,856.05,872.80
18.02.21 09:42:59,871.45,872.95,869.95,869.95,525,35250,875.12,856.05,870.00
18.02.21 09:43:59,869.95,872.00,869.95,872.00,300,35250,874.86,858.25,875.90
18.02.21 09:44:59,875.65,875.65,872.80,872.80,150,35250,874.85,861.25,875.15
18.02.21 09:45:59,875.15,876.60,875.15,876.60,150,36300,874.87,865.00,874.50
18.02.21 09:46:59,874.00,875.35,872.00,872.00,375,36300,874.77,865.05,875.90
18.02.21 09:47:59,875.15,875.85,875.15,875.85,375,37050,874.82,865.00,878.45
18.02.21 09:48:59,877.85,879.25,877.85,879.25,450,37050,875.05,865.05,880.20
18.02.21 09:49:59,880.15,880.15,880.15,880.15,75,37050,875.11,867.85,881.95
18.02.21 09:50:59,880.15,880.15,880.15,880.15,75,37725,875.16,865.05,877.15
18.02.21 09:51:59,876.50,881.65,876.50,881.65,225,37725,875.26,866.00,881.50
18.02.21 09:52:59,881.45,882.00,879.65,879.65,225,37725,875.44,865.05,880.20
18.02.21 09:53:59,879.60,881.70,879.30,880.00,300,38400,875.62,865.15,881.25
18.02.21 09:54:59,880.40,883.90,880.00,883.90,300,38400,875.82,867.05,883.90
18.02.21 09:56:59,879.80,881.00,879.80,881.00,300,39000,875.99,875.00,883.60
18.02.21 09:57:59,881.00,881.00,878.40,878.40,300,39000,876.12,875.00,878.75
18.02.21 09:58:59,878.75,878.75,878.75,878.75,75,0,876.14,858.85,876.85
18.02.21 09:59:59,875.00,875.00,870.25,870.25,225,39450,876.05,854.35,871.80
18.02.21 10:02:59,869.80,869.80,869.80,869.80,75,39525,876.00,856.25,869.35
18.02.21 10:04:59,870.15,870.70,870.15,870.70,150,39525,875.91,857.05,869.25
18.02.21 10:05:59,869.20,873.70,869.20,873.70,225,39825,875.80,857.05,873.65
18.02.21 10:06:59,872.00,882.80,872.00,882.80,150,39825,875.82,857.50,878.90
18.02.21 10:08:59,873.00,873.00,873.00,873.00,75,39825,875.80,856.50,875.75
18.02.21 10:10:59,874.60,874.60,874.55,874.55,150,40200,875.78,861.05,873.75
18.02.21 10:11:59,873.75,874.95,873.75,874.95,150,40200,875.76,861.05,874.95
18.02.21 10:12:59,875.00,875.00,875.00,875.00,75,40500,875.76,861.15,876.35
18.02.21 10:13:59,874.80,874.80,873.40,873.40,225,40500,875.73,873.35,876.30
18.02.21 10:14:59,873.35,873.35,871.80,871.80,150,40800,875.68,861.00,874.50
18.02.21 10:17:59,876.45,876.45,876.45,876.45,75,40800,875.69,860.00,875.00
18.02.21 10:18:59,860.00,860.00,860.00,860.00,150,40950,875.56,872.00,877.65
18.02.21 10:19:59,874.00,874.00,874.00,874.00,75,40950,875.55,858.55,875.60
18.02.21 10:20:59,872.00,872.00,872.00,872.00,75,41100,875.53,855.25,872.25
18.02.21 10:21:59,870.60,870.60,867.60,867.60,150,41100,875.44,851.05,865.60
18.02.21 10:22:59,866.20,866.20,866.20,866.20,75,41100,875.38,851.05,865.55
18.02.21 10:29:59,865.00,865.00,865.00,865.00,75,41325,875.31,851.05,863.10
18.02.21 10:35:59,857.60,857.60,857.60,857.60,75,41400,875.19,850.10,861.50
18.02.21 10:36:59,863.75,864.00,863.75,864.00,150,41400,875.04,850.10,864.00
18.02.21 10:38:59,860.00,860.00,860.00,860.00,75,41400,874.94,860.00,865.25
18.02.21 10:39:59,861.05,861.05,861.05,861.05,75,41700,874.85,855.15,864.00
18.02.21 10:44:59,851.50,851.50,851.50,851.50,75,41775,874.70,853.25,864.00
18.02.21 10:46:59,862.00,862.00,862.00,862.00,150,41775,874.54,856.10,864.00
18.02.21 10:47:59,864.00,864.00,864.00,864.00,75,41775,874.47,856.50,866.00
18.02.21 10:56:59,868.00,868.00,865.65,865.65,150,41850,874.38,855.20,864.90
18.02.21 10:59:59,866.00,866.00,866.00,866.00,75,41925,874.33,860.10,868.25
18.02.21 11:05:59,865.85,865.85,865.85,865.85,75,42000,874.27,860.00,867.95
18.02.21 11:08:59,869.75,869.75,869.75,869.75,75,42000,874.25,856.25,870.90
18.02.21 11:09:59,870.00,870.00,870.00,870.00,75,42000,874.22,858.25,870.80
18.02.21 11:11:59,872.00,872.00,872.00,872.00,75,42000,874.21,859.25,871.40
18.02.21 11:13:59,868.00,868.00,868.00,868.00,150,42225,874.13,855.10,869.65
18.02.21 11:14:59,868.00,871.30,868.00,870.00,300,42525,874.04,856.65,872.45
18.02.21 11:15:59,870.00,873.30,870.00,873.30,225,42525,873.99,858.35,873.40
18.02.21 11:16:59,873.55,873.55,873.55,873.55,75,42525,873.99,861.25,873.10
18.02.21 11:17:59,873.10,873.10,873.10,873.10,75,42975,873.98,878.00,881.90
18.02.21 11:18:59,881.80,881.80,881.80,881.80,75,0,874.03,872.90,889.00
18.02.21 11:19:59,885.00,885.00,885.00,885.00,150,42975,874.15,874.75,892.45
18.02.21 11:20:59,889.95,889.95,889.95,889.95,75,42975,874.24,872.30,889.65
18.02.21 11:21:59,885.00,885.00,885.00,885.00,75,43275,874.30,871.60,887.00
18.02.21 11:22:59,885.00,890.00,885.00,890.00,150,43275,874.44,877.00,890.00
18.02.21 11:23:59,889.60,892.60,889.60,892.60,225,43275,874.70,880.05,892.55
18.02.21 11:24:59,892.60,894.55,892.60,894.55,150,43725,874.91,885.45,896.60
18.02.21 11:25:59,896.75,896.75,896.75,896.75,75,43725,875.02,887.90,897.90
18.02.21 11:26:59,895.95,897.00,895.55,895.80,450,43725,875.66,886.65,895.20
18.02.21 11:27:59,892.75,892.75,892.75,892.75,75,44250,875.75,883.75,890.00
18.02.21 11:28:59,894.65,894.65,894.65,894.65,75,44250,875.85,884.40,893.50
18.02.21 11:30:59,898.00,898.00,895.80,895.80,225,44400,876.16,890.15,899.25
18.02.21 11:31:59,890.15,898.00,890.15,896.85,225,44400,876.44,890.00,898.90
18.02.21 11:32:59,895.95,895.95,890.00,890.00,150,44400,876.60,882.75,890.05
18.02.21 11:33:59,890.00,890.40,890.00,890.00,225,44850,876.79,887.25,894.00
18.02.21 11:34:59,894.55,894.55,894.55,894.55,75,44850,876.88,890.00,903.55
18.02.21 11:35:59,910.00,910.00,910.00,910.00,75,44850,877.04,902.85,919.50
18.02.21 11:36:59,918.10,918.10,915.00,915.00,150,45225,877.41,905.80,917.50
18.02.21 11:38:59,908.50,908.50,908.50,908.50,75,45225,877.55,900.90,910.80
18.02.21 11:39:59,913.90,913.90,913.90,913.90,75,45450,877.72,910.00,916.00
18.02.21 11:40:59,915.00,915.00,915.00,915.00,150,45450,878.07,915.00,921.15
18.02.21 11:41:59,920.00,920.00,916.95,916.95,150,45750,878.44,915.10,918.90
18.02.21 11:42:59,929.45,929.45,929.45,929.45,75,45750,878.67,913.55,925.60
18.02.21 11:43:59,920.00,920.00,920.00,920.00,75,45750,878.86,917.15,926.85
18.02.21 11:44:59,925.00,925.00,925.00,925.00,75,45750,879.07,918.85,932.20
18.02.21 11:47:59,930.00,930.00,930.00,930.00,600,46050,880.85,918.00,931.25
18.02.21 11:50:59,930.05,930.05,930.05,930.05,225,46650,881.48,920.05,934.35
18.02.21 11:51:59,930.00,930.00,930.00,930.00,75,46800,881.69,920.05,930.55
18.02.21 11:57:59,920.00,924.40,920.00,924.05,300,46875,882.39,920.00,924.80
18.02.21 11:58:59,923.80,924.20,923.80,924.20,225,46875,882.89,912.05,923.25
18.02.21 12:01:59,920.00,920.45,919.40,920.45,300,47250,883.50,910.15,920.25
18.02.21 12:02:59,916.00,916.00,916.00,916.00,150,47250,883.76,910.15,920.10
18.02.21 12:04:59,920.00,920.00,920.00,920.00,150,47475,884.06,910.15,921.50
18.02.21 12:06:59,921.35,927.20,921.35,927.20,375,47625,884.84,916.45,929.95
18.02.21 12:10:59,929.70,930.00,929.70,930.00,300,47925,885.55,920.15,932.85
18.02.21 12:14:59,930.45,930.50,919.60,919.60,300,48225,886.19,919.85,931.90
18.02.21 12:15:59,935.60,952.75,935.60,952.75,150,48525,886.63,941.20,953.75
18.02.21 12:16:59,951.10,954.90,951.10,954.85,300,48525,887.63,944.05,957.30
18.02.21 12:17:59,954.50,955.05,954.50,955.00,225,48525,888.38,945.70,956.80
18.02.21 12:19:59,959.70,960.30,959.70,960.30,150,48900,888.90,948.75,961.70
18.02.21 12:20:59,955.00,955.00,955.00,955.00,150,48900,889.39,950.00,956.20
18.02.21 12:23:59,953.35,955.00,953.35,955.00,150,49050,889.86,945.05,955.05
18.02.21 12:24:59,953.90,954.55,953.90,954.55,150,49200,890.32,956.50,965.40
18.02.21 12:25:59,965.40,965.40,965.40,965.40,75,49200,890.59,960.15,972.10
18.02.21 12:27:59,965.00,965.00,965.00,965.00,150,49350,891.12,954.30,962.55
18.02.21 12:28:59,962.55,962.55,962.55,962.55,300,49350,892.12,951.60,964.15
18.02.21 12:30:59,960.00,960.00,960.00,960.00,75,49575,892.36,949.75,963.50
18.02.21 12:32:59,960.00,960.00,960.00,960.00,75,49575,892.59,950.95,964.15
18.02.21 12:33:59,963.45,963.45,963.45,963.45,75,49650,892.84,950.30,962.70
18.02.21 12:34:59,964.00,964.00,964.00,964.00,150,49650,893.33,960.05,967.30
18.02.21 12:36:59,960.35,963.15,960.35,963.15,150,49650,893.80,951.75,962.90
18.02.21 12:37:59,963.30,963.95,960.95,960.95,375,49650,894.95,953.35,961.00
18.02.21 12:38:59,961.00,961.00,961.00,961.00,75,49650,895.17,953.35,961.00
18.02.21 12:39:59,960.95,960.95,960.95,960.95,75,50025,895.39,953.40,961.00
18.02.21 12:40:59,961.00,961.00,961.00,961.00,300,50025,896.26,957.10,967.90
18.02.21 12:43:59,960.05,960.05,960.05,960.05,225,50100,896.89,954.60,968.80
18.02.21 12:45:59,967.55,967.55,965.00,965.00,150,50250,897.34,957.80,971.20
18.02.21 12:48:59,960.00,960.00,960.00,960.00,75,50400,897.54,955.05,961.40
18.02.21 12:49:59,958.95,958.95,958.95,958.95,75,50400,897.74,955.00,958.50
18.02.21 12:50:59,955.00,955.00,955.00,955.00,75,50400,897.92,937.50,949.20
18.02.21 12:51:59,948.40,948.40,948.40,948.40,75,50625,898.08,938.55,952.10
18.02.21 12:56:59,950.00,950.00,950.00,950.00,75,50700,898.25,941.35,951.35
18.02.21 12:59:59,945.00,945.00,945.00,945.00,150,50775,898.55,945.00,947.75
18.02.21 13:00:59,945.00,945.00,945.00,945.00,75,50925,898.69,936.35,947.80
18.02.21 13:02:59,960.00,960.00,960.00,960.00,150,50925,899.08,953.40,963.70
18.02.21 13:03:59,955.15,962.00,955.15,962.00,225,51150,899.65,960.00,963.95
18.02.21 13:04:59,963.60,965.15,963.60,965.15,150,51150,900.05,953.25,964.20
18.02.21 13:09:59,952.60,952.60,952.60,952.60,75,0,900.22,945.05,953.45
18.02.21 13:18:59,949.50,949.50,949.50,949.50,150,51450,900.52,955.00,963.95
18.02.21 13:19:59,960.00,965.00,960.00,965.00,225,51450,901.09,955.10,970.05
18.02.21 13:20:59,966.95,971.60,966.95,971.60,150,51450,901.50,956.20,967.25
18.02.21 13:21:59,967.50,967.50,967.50,967.50,75,51450,901.70,957.75,972.15
18.02.21 13:22:59,970.00,970.00,965.00,965.00,150,51675,902.10,952.10,968.55
18.02.21 13:26:59,964.90,964.90,964.90,964.90,75,51825,902.28,951.95,966.40
18.02.21 13:36:59,960.00,960.00,960.00,960.00,75,51900,902.46,950.85,961.85
18.02.21 13:37:59,965.00,965.00,965.00,965.00,150,51900,902.83,952.35,969.35
18.02.21 13:42:59,975.00,975.00,975.00,975.00,75,51900,903.04,966.30,976.10
18.02.21 13:43:59,970.00,970.00,970.00,970.00,75,51900,903.24,970.00,974.30
18.02.21 13:44:59,970.00,970.00,970.00,970.00,75,51900,903.43,963.40,973.55
18.02.21 13:50:59,994.50,995.25,994.50,995.25,150,52125,903.97,980.70,993.95
18.02.21 13:52:59,992.00,992.00,992.00,992.00,75,52275,904.22,987.40,992.00
18.02.21 13:53:59,992.00,992.00,992.00,992.00,75,52275,904.48,980.50,992.65
18.02.21 14:09:59,965.00,965.00,965.00,965.00,150,0,904.82,960.00,964.15
18.02.21 14:12:59,952.60,952.60,952.60,952.60,150,52200,905.10,942.40,955.15
18.02.21 14:14:59,952.00,952.00,952.00,952.00,75,52200,905.23,937.10,950.00
18.02.21 14:25:59,938.75,938.75,938.75,938.75,75,52275,905.33,929.30,944.30
18.02.21 14:26:59,945.00,945.00,945.00,945.00,75,52275,905.44,936.05,947.70
18.02.21 14:29:59,945.00,945.00,945.00,945.00,75,52275,905.55,931.95,944.65
18.02.21 14:31:59,945.00,945.00,945.00,945.00,75,52350,905.66,940.05,946.80
18.02.21 14:35:59,945.00,945.00,942.45,942.45,150,52350,905.88,931.40,943.90
18.02.21 14:37:59,939.30,939.30,939.30,939.30,75,52500,905.97,927.10,939.25
18.02.21 14:39:59,943.20,943.20,943.20,943.20,75,52500,906.08,929.75,941.65
18.02.21 14:40:59,940.75,940.75,920.00,920.00,150,52650,906.21,915.30,927.40
18.02.21 14:41:59,929.15,929.15,929.15,929.15,75,52650,906.27,920.30,929.90
18.02.21 14:43:59,934.35,934.35,933.85,933.85,225,52800,906.50,923.60,936.75
18.02.21 14:44:59,935.95,935.95,929.75,929.75,225,52800,906.72,920.35,930.75
18.02.21 14:45:59,930.15,932.80,930.15,932.55,675,53550,907.30,921.15,934.60
18.02.21 14:47:59,938.00,938.00,938.00,938.00,75,53550,907.39,927.45,941.35
18.02.21 14:48:59,940.00,940.00,939.00,939.00,150,53850,907.56,929.10,941.00
18.02.21 14:50:59,940.00,940.00,940.00,940.00,75,53850,907.64,929.00,940.00
18.02.21 14:51:59,937.95,948.40,937.95,948.40,450,54225,908.15,941.00,950.65
18.02.21 14:52:59,956.55,956.55,953.30,953.30,225,54225,908.52,941.70,954.40
18.02.21 14:53:59,954.65,956.30,954.65,956.30,150,54225,908.76,943.00,953.95
18.02.21 14:54:59,952.20,952.20,950.60,950.60,150,54900,908.97,950.60,954.55
18.02.21 14:55:59,954.00,954.00,954.00,954.00,75,54900,909.09,945.00,958.15
18.02.21 14:56:59,955.00,955.00,955.00,955.00,75,54900,909.20,943.40,955.95
18.02.21 14:57:59,964.20,964.20,964.20,964.20,75,55125,909.34,955.25,963.85
18.02.21 14:58:59,962.60,964.00,962.60,964.00,225,55125,909.75,968.00,968.55
18.02.21 14:59:59,968.00,968.00,967.95,967.95,150,55125,910.04,957.70,966.95
18.02.21 15:00:59,966.70,966.70,956.75,956.75,225,55575,910.42,950.05,956.75
18.02.21 15:01:59,955.20,955.20,950.00,955.00,825,55575,911.53,950.00,952.40
18.02.21 15:02:59,950.00,950.00,943.70,943.70,375,55575,911.97,936.15,943.75
18.02.21 15:03:59,943.75,943.75,941.70,942.90,450,56925,912.40,933.20,945.65
18.02.21 15:04:59,950.00,950.00,950.00,950.00,75,56925,912.49,942.00,953.20
18.02.21 15:05:59,949.20,949.20,949.20,949.20,75,56925,912.57,941.90,952.20
18.02.21 15:10:59,953.00,955.60,953.00,954.45,450,57225,913.14,946.50,955.50
18.02.21 15:11:59,954.30,954.30,954.30,954.30,75,57225,913.24,946.85,954.10
18.02.21 15:13:59,955.10,955.75,955.10,955.75,150,57750,913.43,944.85,956.05
18.02.21 15:15:59,955.00,955.00,955.00,955.00,75,57750,913.53,955.00,956.10
18.02.21 15:16:59,956.00,956.00,955.30,955.30,150,57900,913.72,948.15,955.40
18.02.21 15:17:59,954.55,954.65,954.55,954.65,300,57900,914.09,944.60,955.00
18.02.21 15:18:59,954.95,955.00,954.95,955.00,225,57900,914.36,955.00,959.30
18.02.21 15:20:59,956.80,956.80,956.80,956.80,75,58575,914.46,951.55,959.50
18.02.21 15:21:59,960.50,960.50,960.50,960.50,75,58575,914.56,956.15,968.40
18.02.21 15:23:59,965.00,965.00,965.00,965.00,225,58725,914.89,956.35,965.35
18.02.21 15:24:59,965.40,965.40,965.00,965.00,600,59250,915.77,956.70,963.85
18.02.21 15:26:59,960.00,960.00,960.00,960.00,375,59250,916.24,946.25,959.40
18.02.21 15:27:59,955.00,957.00,955.00,957.00,150,59925,916.41,946.20,957.25
18.02.21 15:30:00,955.00,955.00,955.00,955.00,150,59925,916.58,946.20,961.20
19.02.21 09:17:59,1015.00,1015.00,1015.00,1015.00,75,60150,1015.00,1000.55,1018.15
19.02.21 09:19:59,1004.95,1004.95,1004.00,1004.00,375,60150,1005.99,1000.05,1009.95
19.02.21 09:20:59,1010.00,1020.00,1010.00,1020.00,150,60225,1008.24,1000.05,1015.50
19.02.21 09:23:59,1015.10,1017.40,1013.95,1017.40,375,60300,1010.82,1003.10,1018.10
19.02.21 09:24:59,1015.55,1015.60,1013.15,1015.60,600,60300,1012.07,1002.60,1015.35
19.02.21 09:25:59,1012.85,1015.60,1012.85,1015.60,225,60300,1012.36,1022.80,1025.00
19.02.21 09:26:59,1024.95,1029.05,1024.95,1029.05,225,61575,1013.91,1018.25,1029.05
19.02.21 09:27:59,1028.55,1028.55,1024.15,1024.15,150,61575,1014.77,1011.95,1023.35
19.02.21 09:29:59,1027.95,1029.80,1027.85,1029.80,225,61875,1016.06,1018.80,1029.85
19.02.21 09:30:59,1028.00,1028.00,1028.00,1028.00,75,61875,1016.42,1025.00,1031.10
19.02.21 09:31:59,1025.00,1025.00,1025.00,1025.00,75,61875,1016.67,1013.25,1024.95
19.02.21 09:32:59,1024.65,1024.65,1024.65,1024.65,75,61875,1016.90,1008.95,1021.75
19.02.21 09:33:59,1022.00,1022.00,1021.95,1021.95,150,62250,1017.17,1007.75,1026.05
19.02.21 09:34:59,1020.00,1020.00,1018.30,1018.30,150,62250,1017.28,1003.30,1018.40
19.02.21 09:35:59,1018.70,1018.70,1018.70,1018.70,75,62250,1017.31,1015.05,1024.80
19.02.21 09:36:59,1024.75,1024.75,1022.85,1022.85,150,62475,1017.62,1009.80,1022.80
19.02.21 09:37:59,1021.60,1021.60,1021.60,1021.60,75,62475,1017.71,1003.65,1016.90
19.02.21 09:38:59,1013.95,1013.95,1013.95,1013.95,75,62700,1017.63,1003.65,1013.65
19.02.21 09:39:59,1005.00,1005.00,1005.00,1005.00,75,62700,1017.35,993.60,1008.65
19.02.21 09:41:59,998.95,998.95,998.95,998.95,75,62775,1016.95,995.00,999.55
19.02.21 09:42:59,995.00,995.00,995.00,995.00,75,62775,1016.48,990.10,1003.15
19.02.21 09:43:59,993.65,993.65,981.90,981.90,300,62775,1014.04,962.90,982.30
19.02.21 09:44:59,990.10,990.10,990.10,990.10,75,63000,1013.58,974.00,990.85
19.02.21 09:45:59,988.15,988.15,988.15,988.15,75,63000,1013.10,967.90,980.55
19.02.21 09:46:59,983.65,983.65,983.65,983.65,75,63000,1012.55,983.70,988.35
19.02.21 09:47:59,995.00,995.00,995.00,995.00,75,63225,1012.24,981.80,993.75
19.02.21 09:49:59,985.10,985.10,985.10,985.10,75,63225,1011.75,976.75,993.65
19.02.21 09:53:59,989.80,989.80,989.80,989.80,75,63375,1011.37,978.30,990.00
19.02.21 09:55:59,979.75,979.75,979.75,979.75,75,63375,1010.82,970.10,980.85
19.02.21 09:56:59,985.15,985.15,985.15,985.15,75,63375,1010.38,970.10,988.35
19.02.21 09:59:59,980.00,987.40,980.00,987.40,150,63600,1009.51,973.85,986.00
19.02.21 10:00:59,990.00,990.00,990.00,990.00,75,63600,1009.20,980.10,993.85
19.02.21 10:02:59,992.75,992.75,990.00,990.00,375,63900,1007.80,980.30,990.00
19.02.21 10:04:59,990.00,990.00,984.70,984.70,375,63900,1006.27,984.70,998.95
19.02.21 10:05:59,998.50,998.50,997.40,997.40,150,64350,1006.05,981.25,996.10
19.02.21 10:07:59,996.35,996.55,993.85,996.55,225,64350,1005.64,973.60,991.05
19.02.21 10:09:59,991.45,991.45,991.45,991.45,75,64650,1005.46,985.00,989.70
19.02.21 10:10:59,985.00,985.00,985.00,985.00,75,64650,1005.20,963.10,977.15
19.02.21 10:11:59,969.35,969.35,960.00,960.00,150,64875,1004.20,955.35,968.05
19.02.21 10:19:59,967.90,970.80,966.20,966.20,225,64875,1002.92,954.05,964.40
19.02.21 10:20:59,962.45,962.45,962.45,962.45,75,64875,1002.44,946.25,954.30
19.02.21 10:30:59,955.00,955.00,955.00,955.00,150,65175,1001.35,943.55,958.25
19.02.21 10:31:59,950.00,950.00,940.00,940.00,450,65175,997.50,930.35,948.95
19.02.21 10:37:59,942.70,943.50,941.35,943.50,300,65400,995.23,929.50,946.35
19.02.21 10:41:59,940.00,940.00,940.00,940.00,75,65700,994.67,929.35,941.05
19.02.21 10:43:59,945.00,945.00,945.00,945.00,75,65775,994.17,934.00,948.05
19.02.21 10:44:59,949.35,949.35,949.35,949.35,150,65775,993.28,936.10,948.00
19.02.21 10:46:59,955.00,955.00,954.90,954.90,150,65925,992.54,945.85,959.40
19.02.21 10:53:59,974.00,974.65,974.00,974.65,150,66150,992.19,962.10,975.50
19.02.21 10:54:59,978.00,978.00,978.00,978.00,75,66150,992.06,967.35,979.20
19.02.21 10:55:59,978.00,990.00,978.00,990.00,150,66150,991.91,976.30,990.55
19.02.21 10:59:59,987.85,994.95,987.20,994.95,225,66600,991.85,983.85,995.00
19.02.21 11:00:59,1000.05,1000.95,1000.05,1000.95,150,66600,992.01,986.80,998.05
19.02.21 11:01:59,998.00,998.00,995.00,995.00,150,66600,992.09,981.45,994.15
19.02.21 11:02:59,995.00,995.00,994.30,995.00,300,66975,992.17,985.75,998.00
19.02.21 11:03:59,993.35,994.45,992.40,992.40,300,66975,992.20,982.80,995.30
19.02.21 11:04:59,992.40,999.90,992.40,998.00,300,66975,992.32,989.25,999.70
19.02.21 11:05:59,995.90,996.00,994.30,994.30,225,67950,992.39,986.15,996.90
19.02.21 11:06:59,1000.00,1000.00,1000.00,1000.00,75,67950,992.45,983.70,995.20
19.02.21 11:07:59,995.15,995.15,995.15,995.15,75,0,992.47,974.95,987.85
19.02.21 11:09:59,994.95,994.95,994.95,994.95,75,68250,992.49,985.30,998.55
19.02.21 11:10:59,995.45,995.45,995.45,995.45,75,68250,992.51,987.05,999.20
19.02.21 11:11:59,998.00,999.90,998.00,999.90,225,68550,992.66,995.20,999.85
19.02.21 11:12:59,998.00,998.00,995.15,997.50,300,68550,992.76,983.35,995.25
19.02.21 11:13:59,995.00,995.00,994.00,994.00,150,68550,992.79,980.25,990.10
19.02.21 11:16:59,1000.00,1000.00,999.95,999.95,375,69000,993.03,985.30,999.40
19.02.21 11:17:59,996.45,996.45,996.45,996.45,75,69000,993.05,985.95,997.90
19.02.21 11:18:59,1000.35,1000.35,996.20,996.20,150,69300,993.12,981.65,995.55
19.02.21 11:21:59,993.10,993.10,985.40,985.40,150,69450,993.07,976.45,989.30
19.02.21 11:23:59,994.00,994.00,994.00,994.00,75,69450,993.08,980.50,991.50
19.02.21 11:24:59,989.05,989.05,989.05,989.05,75,69675,993.05,973.15,987.15
19.02.21 11:27:59,989.10,989.10,989.10,989.10,75,69750,993.03,977.50,991.25
19.02.21 11:30:59,980.00,980.00,980.00,980.00,75,69825,992.94,970.35,983.55
19.02.21 11:31:59,978.15,978.15,978.15,978.15,75,69825,992.85,969.15,978.50
19.02.21 11:37:59,987.30,987.30,987.30,987.30,75,69975,992.81,980.15,988.80
19.02.21 11:38:59,985.20,985.20,984.10,984.10,150,69975,992.71,975.15,981.95
19.02.21 11:39:59,981.85,981.85,981.85,981.85,75,70200,992.65,972.15,980.00
19.02.21 11:40:59,981.45,985.00,981.45,985.00,150,70200,992.53,980.05,984.95
19.02.21 11:41:59,983.00,983.00,983.00,983.00,75,70425,992.47,981.05,990.75
19.02.21 11:45:59,972.25,972.25,972.25,972.25,75,70425,992.35,962.05,969.40
19.02.21 11:47:59,970.00,970.00,970.00,970.00,75,70500,992.22,960.15,969.20
19.02.21 11:48:59,968.90,968.90,968.90,968.90,75,70500,992.08,957.15,965.00
19.02.21 11:49:59,962.00,962.00,962.00,962.00,75,70500,991.90,961.25,969.80
19.02.21 11:52:59,965.00,965.00,958.00,958.00,150,70575,991.54,955.05,961.50
19.02.21 11:55:59,969.30,969.30,969.30,969.30,75,70650,991.42,961.25,972.10
19.02.21 11:56:59,972.10,972.10,971.80,971.80,150,70650,991.19,970.00,973.40
19.02.21 11:57:59,973.90,975.40,973.90,975.40,150,70875,991.00,975.00,980.80
19.02.21 11:58:59,979.00,982.20,979.00,982.20,375,70875,990.71,978.00,984.55
19.02.21 11:59:59,982.60,982.75,977.00,977.00,375,70875,990.44,964.55,977.25
19.02.21 12:00:59,983.45,983.50,981.05,981.05,300,71700,990.28,970.60,984.00
19.02.21 12:01:59,983.35,984.25,982.20,984.25,450,71700,990.07,983.05,986.20
19.02.21 12:02:59,983.05,983.05,982.85,982.85,300,71700,989.92,966.65,980.85
19.02.21 12:03:59,981.20,982.10,980.65,980.65,225,72750,989.79,970.00,983.20
19.02.21 12:04:59,982.90,984.55,982.90,984.55,225,72750,989.70,973.50,984.40
19.02.21 12:05:59,984.00,984.40,983.45,983.45,375,72750,989.57,971.25,983.60
19.02.21 12:06:59,981.90,982.55,981.90,982.00,225,73575,989.46,971.30,982.95
19.02.21 12:07:59,983.25,983.25,977.45,978.10,300,73575,989.28,967.70,979.55
19.02.21 12:08:59,978.00,978.60,975.00,978.60,300,74325,989.07,967.10,977.70
19.02.21 12:09:59,978.25,978.25,978.25,978.25,75,74325,989.02,960.55,970.90
19.02.21 12:10:59,974.00,974.30,974.00,974.30,150,74325,988.89,964.05,974.40
19.02.21 12:11:59,974.40,979.50,974.40,979.05,375,74925,988.62,968.75,978.15
19.02.21 12:12:59,978.50,980.80,978.50,979.75,525,74925,988.37,970.75,979.20
19.02.21 12:13:59,973.95,973.95,971.80,971.80,300,74925,988.11,963.65,974.10
19.02.21 12:14:59,974.40,975.25,974.15,974.15,225,75825,987.94,960.95,975.15
19.02.21 12:15:59,973.80,973.80,973.80,973.80,75,75825,987.88,965.45,978.45
19.02.21 12:55:59,975.00,975.00,975.00,975.00,75,76125,987.83,971.70,985.50
19.02.21 13:04:59,980.00,980.00,980.00,980.00,75,76050,987.80,974.60,985.15
19.02.21 13:10:59,983.50,983.50,983.50,983.50,75,75975,987.78,969.45,983.30
19.02.21 13:17:59,980.25,980.25,980.25,980.25,75,76050,987.75,969.20,983.40
19.02.21 13:37:59,1000.00,1000.00,1000.00,1000.00,75,76050,987.80,1000.15,1012.40
19.02.21 13:41:59,1010.00,1015.00,1010.00,1015.00,150,76050,987.99,1016.70,1024.90
19.02.21 14:00:59,1010.00,1010.00,1010.00,1010.00,75,75900,988.08,1010.85,1015.00
19.02.21 14:02:59,1020.00,1020.00,1020.00,1020.00,75,75900,988.21,1023.60,1025.00
19.02.21 14:03:59,1025.00,1025.00,1025.00,1025.00,75,0,988.35,1030.00,1032.00
19.02.21 14:04:59,1035.00,1035.00,1035.00,1035.00,150,75750,988.70,1038.95,1050.00
19.02.21 14:05:59,1048.05,1048.05,1048.05,1048.05,75,75750,988.93,1031.40,1045.00
19.02.21 14:06:59,1045.00,1045.00,1045.00,1045.00,75,75600,989.15,1044.20,1058.10
19.02.21 14:09:59,1085.00,1085.00,1085.00,1085.00,75,75525,989.52,1085.90,1100.00
19.02.21 14:10:59,1085.00,1085.00,1072.80,1072.80,150,75525,990.20,1063.10,1084.85
19.02.21 14:12:59,1100.00,1100.00,1100.00,1100.00,150,75375,991.03,1095.20,1110.00
19.02.21 14:14:59,1088.00,1105.00,1088.00,1105.00,450,75375,993.31,1108.40,1115.70
19.02.21 14:16:59,1100.00,1100.00,1100.00,1100.00,450,75300,995.63,1070.85,1095.55
19.02.21 14:18:59,1085.00,1085.00,1085.00,1085.00,75,75750,995.95,1079.75,1095.75
19.02.21 14:42:59,1080.00,1080.00,1080.00,1080.00,75,75675,996.26,1066.90,1083.15
19.02.21 14:53:59,1090.00,1090.00,1090.00,1090.00,75,75675,996.59,1083.15,1099.90
19.02.21 14:59:59,1112.60,1112.60,1111.85,1111.85,300,75600,998.23,1103.45,1115.60
19.02.21 15:00:59,1108.00,1108.00,1108.00,1108.00,75,75750,998.61,1092.75,1108.65
19.02.21 15:12:59,1045.00,1045.00,1045.00,1045.00,150,75750,998.94,1039.75,1052.45
19.02.21 15:13:59,1037.10,1037.10,1037.10,1037.10,150,75750,999.21,1035.00,1046.65
19.02.21 15:21:59,1039.80,1039.80,1039.80,1039.80,75,75825,999.35,1031.85,1039.75
19.02.21 15:22:59,1034.80,1034.80,1034.80,1034.80,75,75825,999.47,1039.80,1039.85
19.02.21 15:23:59,1039.80,1039.80,1039.75,1039.75,150,75825,999.74,1028.05,1037.45
19.02.21 15:28:59,1031.60,1031.60,1031.60,1031.60,75,75750,999.85,1032.00,1033.10
19.02.21 15:30:00,1033.00,1033.00,1033.00,1033.00,75,75750,999.97,1030.00,1033.05
22.02.21 09:25:59,1080.00,1080.00,1080.00,1080.00,75,75750,1080.00,1057.65,1082.20
22.02.21 09:27:59,1059.00,1059.00,1059.00,1059.00,150,75750,1066.00,1050.00,1069.20
22.02.21 09:29:59,1042.00,1042.00,1042.00,1042.00,75,75750,1060.00,1023.60,1042.85
22.02.21 09:31:59,1043.00,1043.00,1043.00,1043.00,150,75750,1054.33,1040.00,1048.20
22.02.21 09:32:59,1040.00,1040.00,1040.00,1040.00,75,75750,1052.28,1030.95,1042.00
22.02.21 09:33:59,1042.00,1042.00,1042.00,1042.00,225,75750,1049.20,1032.35,1042.00
22.02.21 09:35:59,1042.00,1042.00,1042.00,1042.00,75,75750,1048.54,1029.45,1047.40
22.02.21 09:41:59,1055.00,1055.00,1055.00,1055.00,75,75750,1049.08,1052.85,1060.00
22.02.21 09:49:59,1054.90,1054.90,1054.90,1054.90,75,75750,1049.53,1039.65,1055.00
22.02.21 09:50:59,1055.00,1055.00,1055.00,1055.00,225,75675,1050.55,1052.65,1069.35
22.02.21 10:06:59,1099.00,1099.00,1099.00,1099.00,225,75450,1058.20,1094.40,1109.95
22.02.21 10:09:59,1097.85,1110.00,1097.85,1110.00,225,75300,1064.71,1107.15,1110.00
22.02.21 10:10:59,1110.00,1115.70,1110.00,1115.70,375,75300,1073.31,1108.70,1115.00
22.02.21 10:11:59,1115.00,1115.00,1115.00,1115.00,75,75300,1074.80,1113.35,1130.45
22.02.21 10:15:59,1125.00,1131.00,1125.00,1131.00,150,75075,1078.34,1130.90,1146.05
22.02.21 10:17:59,1135.50,1135.50,1135.50,1135.50,75,75075,1080.19,1133.30,1141.00
22.02.21 10:18:59,1141.00,1141.00,1141.00,1141.00,375,74925,1088.63,1130.30,1145.75
22.02.21 10:41:59,1110.00,1110.00,1110.00,1110.00,300,74550,1090.77,1108.40,1118.55
22.02.21 10:50:59,1111.00,1111.00,1111.00,1111.00,75,74325,1091.26,1111.05,1120.00
22.02.21 11:01:59,1120.00,1120.00,1120.00,1120.00,375,74250,1094.39,1127.40,1139.75
22.02.21 11:06:59,1130.00,1130.00,1130.00,1130.00,75,74250,1095.14,1129.00,1139.65
22.02.21 11:08:59,1140.00,1140.00,1140.00,1140.00,150,74250,1096.97,1138.20,1145.00
22.02.21 11:11:59,1145.00,1150.00,1145.00,1150.00,150,74100,1098.95,1145.25,1156.55
22.02.21 11:19:59,1149.00,1150.00,1149.00,1150.00,150,74025,1100.86,1157.85,1172.75
22.02.21 11:22:59,1165.00,1165.00,1165.00,1165.00,75,73875,1102.05,1165.75,1175.00
22.02.21 11:26:59,1170.00,1170.00,1170.00,1170.00,75,73800,1103.28,1167.35,1175.00
22.02.21 11:27:59,1175.00,1175.00,1175.00,1175.00,300,73800,1108.14,1173.20,1178.55
22.02.21 11:38:59,1168.25,1169.00,1168.25,1169.00,150,73800,1110.13,1163.85,1177.55
22.02.21 11:57:59,1199.00,1199.00,1199.00,1199.00,75,73725,1111.56,1194.85,1200.00
22.02.21 11:59:59,1199.00,1199.00,1199.00,1199.00,75,73725,1112.95,1184.40,1197.55
22.02.21 12:07:59,1204.00,1204.00,1204.00,1204.00,75,73800,1114.37,1204.65,1219.70
22.02.21 12:12:59,1194.80,1194.80,1194.80,1194.80,75,73725,1115.61,1193.15,1206.30
22.02.21 12:25:59,1220.00,1220.00,1220.00,1220.00,150,73725,1118.72,1205.70,1222.20
22.02.21 12:53:59,1220.00,1220.00,1220.00,1220.00,75,73725,1120.21,1217.70,1233.30
22.02.21 13:03:59,1230.00,1230.00,1230.00,1230.00,75,73650,1121.80,1222.00,1234.05
22.02.21 13:07:59,1220.00,1220.00,1220.00,1220.00,75,73650,1123.21,1210.05,1225.55
22.02.21 13:08:59,1220.00,1220.00,1220.00,1220.00,75,73650,1124.57,1216.85,1231.25
22.02.21 13:30:59,1251.00,1251.00,1251.00,1251.00,225,73575,1129.64,1244.00,1257.95
22.02.21 13:35:59,1264.50,1264.50,1264.50,1264.50,75,73425,1131.44,1261.15,1277.30
22.02.21 13:36:59,1261.00,1261.00,1261.00,1261.00,150,73425,1134.80,1258.10,1272.55
22.02.21 13:50:59,1298.95,1298.95,1298.95,1298.95,75,73275,1136.91,1285.70,1298.90
22.02.21 13:54:59,1295.00,1299.00,1295.00,1299.00,225,73275,1142.81,1300.90,1313.85
22.02.21 14:01:59,1285.00,1285.00,1285.00,1285.00,75,73125,1144.55,1287.25,1300.10
22.02.21 14:14:59,1293.80,1293.80,1293.80,1293.80,75,73050,1146.35,1287.65,1297.10
22.02.21 14:18:59,1307.75,1307.75,1307.75,1307.75,150,72975,1150.14,1308.50,1314.15
22.02.21 14:21:59,1315.00,1315.00,1315.00,1315.00,150,72975,1153.93,1314.10,1326.25
22.02.21 14:29:59,1303.60,1303.60,1303.60,1303.60,150,72825,1157.30,1289.00,1303.60
22.02.21 14:35:59,1290.00,1290.00,1290.00,1290.00,150,72825,1160.21,1278.80,1291.05
22.02.21 14:49:59,1251.00,1251.00,1251.00,1251.00,75,72825,1161.20,1243.95,1255.55
22.02.21 14:59:59,1267.15,1267.15,1267.15,1267.15,150,72900,1163.45,1266.15,1278.75
22.02.21 15:10:59,1290.00,1295.00,1290.00,1295.00,150,72750,1166.14,1292.70,1301.55
22.02.21 15:11:59,1295.00,1295.00,1295.00,1295.00,75,72750,1167.47,1291.00,1299.95
22.02.21 15:13:59,1295.00,1295.00,1295.00,1295.00,375,72825,1173.72,1302.55,1307.30
22.02.21 15:14:59,1302.55,1302.55,1294.95,1294.95,150,72825,1176.13,1301.95,1307.30
22.02.21 15:15:59,1300.00,1300.00,1300.00,1300.00,225,72825,1179.60,1297.30,1300.10
22.02.21 15:16:59,1300.10,1303.05,1299.60,1299.60,225,72975,1182.91,1297.80,1306.95
22.02.21 15:17:59,1301.00,1301.15,1301.00,1301.15,300,72975,1187.07,1308.40,1320.00
22.02.21 15:21:59,1333.00,1333.00,1333.00,1333.00,150,72975,1189.58,1334.15,1340.85
22.02.21 15:22:59,1331.25,1331.25,1331.25,1331.25,75,72975,1190.79,1332.05,1340.85
22.02.21 15:25:59,1330.75,1330.75,1330.75,1330.75,675,72975,1200.79,1334.05,1345.70
22.02.21 15:26:59,1341.80,1341.80,1341.80,1341.80,150,72975,1202.99,1342.05,1345.65
22.02.21 15:27:59,1342.40,1342.40,1342.40,1342.40,75,72825,1204.07,1343.95,1352.30
22.02.21 15:28:59,1341.80,1341.80,1340.70,1340.70,150,72825,1206.17,1337.90,1345.00
23.02.21 09:25:59,1251.00,1251.00,1250.00,1250.00,150,72525,1250.50,1236.10,1248.65
23.02.21 09:30:59,1250.00,1250.00,1250.00,1250.00,75,72600,1250.33,1231.95,1242.50
23.02.21 09:37:59,1262.00,1262.00,1262.00,1262.00,75,72675,1253.25,1258.10,1273.05
23.02.21 09:40:59,1265.00,1265.00,1265.00,1265.00,75,72750,1255.60,1260.25,1269.55
23.02.21 09:44:59,1292.20,1292.20,1292.20,1292.20,75,72825,1261.70,1290.05,1296.70
23.02.21 09:46:59,1305.00,1305.00,1305.00,1305.00,150,72825,1272.52,1304.35,1315.15
23.02.21 09:47:59,1310.00,1323.25,1310.00,1323.25,150,72975,1281.34,1308.05,1323.60
23.02.21 10:01:59,1260.00,1260.00,1260.00,1260.00,75,72975,1279.40,1246.35,1259.00
23.02.21 10:07:59,1252.55,1252.55,1252.55,1252.55,75,72975,1277.16,1240.55,1252.60
23.02.21 10:08:59,1246.05,1246.05,1246.05,1246.05,75,72975,1274.77,1238.95,1252.55
23.02.21 10:13:59,1245.75,1245.75,1245.75,1245.75,75,72900,1272.70,1238.45,1255.65
23.02.21 10:20:59,1220.00,1220.00,1220.00,1220.00,450,72900,1256.89,1215.00,1221.60
23.02.21 10:22:59,1215.00,1215.00,1209.95,1209.95,150,73275,1252.85,1198.00,1210.85
23.02.21 10:31:59,1185.00,1185.00,1185.00,1185.00,150,73425,1247.19,1170.75,1184.70
23.02.21 10:34:59,1171.00,1171.00,1171.00,1171.00,75,73425,1244.15,1170.00,1176.85
23.02.21 10:35:59,1170.00,1172.00,1170.00,1172.00,150,73425,1238.73,1147.10,1160.70
23.02.21 10:36:59,1166.80,1166.80,1166.80,1166.80,75,73350,1236.16,1152.80,1170.20
23.02.21 10:44:59,1150.00,1150.00,1150.00,1150.00,75,73575,1233.19,1149.70,1163.55
23.02.21 10:56:59,1170.00,1170.00,1170.00,1170.00,75,73650,1231.08,1157.25,1174.00
23.02.21 11:09:59,1175.00,1175.00,1175.00,1175.00,75,73725,1229.27,1161.55,1172.50
23.02.21 11:30:59,1200.00,1200.00,1200.00,1200.00,75,73800,1228.36,1196.60,1209.40
23.02.21 11:32:59,1211.00,1211.00,1211.00,1211.00,150,73800,1227.33,1211.80,1224.15
23.02.21 11:34:59,1205.45,1205.45,1205.45,1205.45,75,73800,1226.71,1210.45,1220.55
23.02.21 11:39:59,1227.60,1227.60,1227.60,1227.60,75,73800,1226.73,1227.95,1245.45
23.02.21 11:42:59,1230.00,1230.00,1230.00,1230.00,75,73800,1226.82,1235.10,1250.00
23.02.21 11:43:59,1250.00,1250.00,1250.00,1250.00,75,73800,1227.43,1244.75,1260.30
23.02.21 11:49:59,1258.00,1258.00,1258.00,1258.00,75,73800,1228.22,1262.70,1280.10
23.02.21 12:17:59,1257.20,1257.20,1257.20,1257.20,75,73800,1228.94,1254.80,1268.20
23.02.21 12:18:59,1259.70,1259.70,1259.70,1259.70,75,73800,1229.69,1257.70,1271.90
23.02.21 12:20:59,1250.00,1250.00,1250.00,1250.00,75,73800,1230.17,1237.20,1249.95
23.02.21 12:21:59,1240.00,1240.00,1240.00,1240.00,300,73800,1231.07,1235.75,1251.85
23.02.21 13:01:59,1255.00,1255.00,1255.00,1255.00,75,73500,1231.58,1248.95,1262.20
23.02.21 13:05:59,1240.00,1240.00,1240.00,1240.00,75,73575,1231.75,1223.60,1240.75
23.02.21 13:20:59,1240.00,1240.00,1240.00,1240.00,375,73575,1232.53,1234.40,1240.00
23.02.21 13:22:59,1240.00,1240.00,1240.00,1240.00,75,73575,1232.67,1235.70,1249.15
23.02.21 13:47:59,1219.00,1219.00,1219.00,1219.00,150,0,1232.18,1229.80,1246.10
23.02.21 14:03:59,1251.00,1251.00,1251.00,1251.00,75,73425,1232.51,1223.35,1240.95
23.02.21 14:23:59,1230.05,1230.05,1230.05,1230.05,75,73425,1232.47,1225.95,1241.60
23.02.21 14:28:59,1238.25,1238.25,1238.25,1238.25,75,73500,1232.57,1231.50,1245.90
23.02.21 14:29:59,1235.00,1235.00,1235.00,1235.00,75,73500,1232.61,1224.85,1237.45
23.02.21 14:31:59,1230.00,1230.00,1230.00,1230.00,75,73500,1232.56,1228.95,1245.15
23.02.21 14:33:59,1240.80,1240.80,1240.80,1240.80,75,73500,1232.70,1231.15,1242.50
23.02.21 14:58:59,1265.00,1265.00,1265.00,1265.00,75,73500,1233.21,1260.20,1273.15
23.02.21 14:59:59,1279.60,1279.60,1279.60,1279.60,75,73500,1233.93,1273.40,1285.40
23.02.21 15:08:59,1280.00,1280.00,1280.00,1280.00,75,73500,1234.64,1278.30,1286.20
24.02.21 09:16:59,1272.95,1272.95,1263.30,1263.30,150,73500,1268.12,1250.00,1260.70
24.02.21 09:17:59,1251.65,1251.65,1251.65,1251.65,75,73575,1262.63,1235.75,1252.05
24.02.21 09:19:59,1242.65,1242.65,1242.65,1242.65,75,73575,1257.63,1230.00,1242.10
24.02.21 09:25:59,1245.00,1245.00,1245.00,1245.00,75,73575,1255.11,1245.70,1260.50
24.02.21 09:31:59,1230.00,1230.00,1230.00,1230.00,75,73575,1250.92,1230.00,1231.95
24.02.21 09:32:59,1230.00,1230.00,1230.00,1230.00,750,73575,1237.84,1219.45,1230.55
24.02.21 09:39:59,1217.00,1217.00,1217.00,1217.00,75,74025,1236.62,1219.15,1224.95
24.02.21 09:58:59,1222.75,1222.75,1222.75,1222.75,75,74100,1235.85,1213.50,1225.45
24.02.21 10:01:59,1208.00,1208.00,1208.00,1208.00,225,74025,1231.87,1200.55,1209.35
24.02.21 10:02:59,1209.35,1209.35,1209.35,1209.35,75,74025,1230.84,1202.95,1221.20
24.02.21 10:11:59,1208.35,1208.35,1202.25,1208.35,300,73950,1226.69,1187.05,1202.70
24.02.21 10:45:59,1219.00,1219.00,1219.00,1219.00,225,73950,1225.89,1212.00,1220.05
24.02.21 11:10:59,1180.00,1180.00,1180.00,1180.00,75,73950,1224.36,1161.30,1176.15
24.02.21 11:36:59,1220.00,1220.00,1220.00,1220.00,75,73950,1224.22,1212.95,1227.35
24.02.21 16:08:59,1175.00,1175.00,1175.00,1175.00,150,74700,1220.31,1175.00,1178.35
24.02.21 16:10:59,1175.00,1175.00,1175.00,1175.00,150,74700,1217.86,1148.35,1168.55
24.02.21 16:25:59,1272.95,1272.95,1045.00,1045.00,3075,0,1202.60,1060.60,1075.85
24.02.21 16:27:59,1079.00,1079.00,1079.00,1079.00,75,75075,1199.66,1075.00,1079.45
24.02.21 16:28:59,1075.00,1076.40,1075.00,1075.00,300,75075,1188.85,1055.00,1062.45
24.02.21 16:29:59,1055.00,1055.00,1055.00,1055.00,150,75375,1183.27,1045.10,1062.10
24.02.21 16:31:59,1048.80,1048.80,1048.80,1048.80,75,75375,1180.53,1042.05,1061.80
24.02.21 16:37:59,1035.00,1035.00,1035.00,1035.00,525,75525,1162.34,1019.05,1036.40
24.02.21 16:44:59,1041.30,1041.30,1041.30,1041.30,75,75525,1160.21,1024.55,1061.05
24.02.21 16:54:59,1068.65,1068.65,1068.65,1068.65,75,75600,1158.64,1058.85,1075.00
25.02.21 09:18:59,939.00,939.00,939.00,939.00,75,75525,939.00,931.90,948.15
25.02.21 09:23:59,939.00,939.00,930.00,930.00,300,75525,937.20,930.00,939.80
25.02.21 09:25:59,930.00,930.00,930.00,930.00,75,75525,936.00,921.95,930.00
25.02.21 09:29:59,920.00,920.00,920.00,920.00,75,75600,933.71,919.10,931.10
25.02.21 09:33:59,922.00,922.00,922.00,922.00,75,75675,932.25,920.00,923.35
25.02.21 09:34:59,920.00,920.00,920.00,920.00,75,75675,930.88,906.80,920.10
25.02.21 09:38:59,910.00,910.00,910.00,910.00,75,0,928.80,915.85,923.10
25.02.21 09:39:59,915.85,915.85,915.85,915.85,75,75750,927.62,920.90,923.10
25.02.21 09:40:59,923.10,923.10,923.10,923.10,150,75750,926.92,920.90,943.85
25.02.21 09:44:59,920.00,920.00,920.00,920.00,75,75750,926.43,917.15,934.60
25.02.21 09:54:59,930.00,930.00,930.00,930.00,75,75825,926.67,910.05,930.00
25.02.21 10:01:59,930.00,930.00,930.00,930.00,75,75750,926.87,935.00,942.70
25.02.21 10:02:59,935.00,935.00,935.00,935.00,75,75600,927.35,921.35,935.00
25.02.21 10:05:59,925.00,925.00,925.00,925.00,75,75600,927.22,925.95,937.00
25.02.21 10:07:59,930.00,930.00,930.00,930.00,75,75600,927.37,926.70,940.00
25.02.21 10:20:59,935.00,935.00,935.00,935.00,450,75525,929.20,930.05,938.00
25.02.21 10:22:59,930.15,930.15,930.15,930.15,75,75525,929.23,930.05,940.05
25.02.21 10:29:59,930.70,930.70,930.70,930.70,75,75525,929.29,930.00,941.50
25.02.21 10:41:59,930.00,930.00,930.00,930.00,75,75675,929.31,925.00,936.15
25.02.21 10:42:59,925.00,925.00,925.00,925.00,75,75675,929.16,919.80,934.00
25.02.21 10:47:59,925.00,925.00,925.00,925.00,75,75600,929.03,922.95,933.65
25.02.21 11:04:59,921.45,921.45,921.45,921.45,75,75600,928.78,921.40,930.00
25.02.21 11:17:59,922.00,922.00,922.00,922.00,75,75600,928.57,913.25,926.25
25.02.21 11:35:59,933.00,933.00,933.00,933.00,150,75750,928.83,933.55,942.25
25.02.21 11:38:59,949.90,949.90,949.90,949.90,450,75750,931.99,946.35,949.90
25.02.21 11:39:59,949.90,949.90,949.90,949.90,150,75750,932.84,948.80,949.90
25.02.21 11:40:59,949.90,949.90,949.90,949.90,150,75750,933.62,939.00,950.00
25.02.21 11:43:59,959.50,959.50,959.50,959.50,150,75750,934.73,943.15,959.25
25.02.21 11:45:59,960.00,960.00,960.00,960.00,75,75750,935.27,953.65,972.45
25.02.21 12:49:59,935.00,935.00,935.00,935.00,75,75750,935.26,920.55,935.00
25.02.21 12:51:59,925.00,925.00,925.00,925.00,300,75750,934.47,925.95,933.60
25.02.21 13:30:59,935.00,935.00,935.00,935.00,75,75750,934.48,922.10,933.60
25.02.21 13:38:59,925.00,925.00,925.00,925.00,75,75525,934.31,922.00,933.80
25.02.21 13:44:59,922.00,922.00,922.00,922.00,75,75525,934.08,918.00,930.75
25.02.21 14:27:59,908.95,908.95,905.00,905.00,150,75525,933.13,900.35,913.05
25.02.21 14:29:59,898.00,898.00,898.00,898.00,75,75525,932.53,888.30,901.25
25.02.21 14:51:59,910.00,910.00,910.00,910.00,75,75675,932.14,905.35,920.25
25.02.21 15:01:59,939.90,939.90,935.00,935.00,600,75675,932.57,930.00,935.00
25.02.21 15:02:59,935.00,939.90,935.00,939.90,825,75675,933.29,936.35,953.35
25.02.21 15:14:59,939.90,939.90,939.90,939.90,450,75675,933.76,935.20,950.05
25.02.21 15:21:59,950.00,950.00,950.00,950.00,225,75675,934.32,937.20,951.55
25.02.21 15:23:59,935.25,935.25,935.00,935.00,450,75675,934.34,930.55,935.00
25.02.21 15:24:59,935.00,935.00,931.00,932.25,450,75675,934.27,932.75,944.30
26.02.21 09:16:59,1204.00,1204.50,1177.45,1204.50,675,76725,1199.31,1181.10,1212.65
26.02.21 09:18:59,1204.50,1204.50,1204.50,1204.50,150,76725,1200.25,1168.95,1190.65
26.02.21 09:20:59,1200.00,1200.00,1200.00,1200.00,225,76725,1200.20,1180.00,1192.00
26.02.21 09:21:59,1180.00,1180.00,1180.00,1180.00,75,76350,1198.85,1152.65,1170.10
26.02.21 09:24:59,1172.05,1172.05,1169.25,1172.05,300,76125,1192.84,1150.95,1170.10
26.02.21 09:25:59,1142.00,1142.00,1142.00,1142.00,75,76125,1190.30,1142.00,1154.30
26.02.21 09:26:59,1142.00,1142.00,1103.40,1103.40,900,76125,1160.01,1112.80,1136.00
26.02.21 09:27:59,1129.15,1129.15,1128.15,1128.15,600,76125,1153.75,1124.45,1147.75
26.02.21 09:31:59,1140.00,1140.00,1140.00,1140.00,75,76125,1153.41,1125.95,1142.25
26.02.21 09:38:59,1156.20,1156.20,1156.20,1156.20,150,76800,1153.53,1140.00,1155.30
26.02.21 09:55:59,1170.00,1170.00,1170.00,1170.00,75,76275,1153.91,1159.05,1175.05
26.02.21 10:04:59,1161.30,1161.30,1161.30,1161.30,150,76425,1154.23,1162.20,1173.65
26.02.21 10:17:59,1180.00,1180.00,1180.00,1180.00,75,76425,1154.78,1178.25,1193.05
26.02.21 10:20:59,1200.00,1200.00,1196.00,1196.00,150,76425,1156.54,1194.90,1207.65
26.02.21 10:21:59,1192.35,1192.35,1192.35,1192.35,75,76425,1157.26,1193.90,1200.60
26.02.21 10:25:59,1247.05,1247.05,1247.05,1247.05,300,76425,1163.32,1233.65,1249.95
26.02.21 10:26:59,1250.00,1250.00,1250.00,1250.00,1575,76425,1187.59,1239.55,1259.05
26.02.21 10:34:59,1237.00,1247.90,1237.00,1247.90,150,76425,1189.02,1237.45,1251.40
26.02.21 10:45:59,1242.75,1242.75,1242.75,1242.75,75,76350,1189.70,1235.00,1245.15
26.02.21 10:50:59,1242.75,1242.75,1242.75,1242.75,75,76350,1190.38,1235.00,1244.20
26.02.21 10:55:59,1248.80,1248.80,1248.80,1248.80,75,76350,1191.11,1235.10,1245.60
26.02.21 11:01:59,1272.80,1273.40,1272.80,1272.80,450,76350,1196.83,1283.05,1295.90
26.02.21 11:13:59,1310.00,1310.00,1310.00,1310.00,75,76350,1198.13,1293.95,1307.25
26.02.21 11:15:59,1300.00,1300.00,1300.00,1300.00,75,76425,1199.29,1312.30,1331.80
26.02.21 11:21:59,1350.00,1352.40,1350.00,1352.40,150,76500,1202.66,1344.85,1364.85
26.02.21 11:24:59,1350.00,1350.00,1350.00,1350.00,300,76500,1208.94,1347.35,1362.65
26.02.21 11:33:59,1373.30,1373.30,1373.30,1373.30,75,76800,1210.67,1381.45,1396.20
26.02.21 11:35:59,1380.00,1380.00,1380.00,1380.00,75,76800,1212.44,1388.80,1399.95
26.02.21 11:36:59,1382.30,1382.30,1382.30,1382.30,75,76800,1214.19,1376.00,1388.20
26.02.21 11:43:59,1380.00,1380.00,1380.00,1380.00,75,75975,1215.88,1368.00,1380.15
26.02.21 11:53:59,1370.10,1370.10,1370.10,1370.10,75,75975,1217.44,1344.20,1356.45
26.02.21 11:56:59,1350.00,1350.00,1350.00,1350.00,75,75975,1218.76,1346.30,1356.70
26.02.21 12:00:59,1362.35,1362.35,1362.35,1362.35,75,75975,1220.18,1363.05,1371.40
26.02.21 12:04:59,1408.80,1410.50,1408.80,1410.50,300,76050,1227.29,1411.65,1422.40
26.02.21 12:10:59,1413.15,1413.15,1413.15,1413.15,75,76050,1229.04,1406.40,1416.35
26.02.21 12:12:59,1401.50,1401.50,1401.50,1401.50,75,76050,1230.66,1399.45,1412.20
26.02.21 12:14:59,1420.00,1420.00,1420.00,1420.00,75,76050,1232.41,1424.80,1434.10
26.02.21 12:16:59,1450.00,1450.00,1450.00,1450.00,75,76050,1234.41,1434.40,1443.70
26.02.21 12:21:59,1420.00,1420.00,1420.00,1420.00,75,76050,1236.09,1411.75,1421.50
26.02.21 12:26:59,1429.25,1429.25,1429.25,1429.25,75,76050,1237.83,1418.00,1424.90
26.02.21 12:27:59,1415.00,1415.00,1415.00,1415.00,75,76125,1239.41,1414.75,1423.25
26.02.21 12:30:59,1420.00,1430.00,1420.00,1430.00,150,76125,1242.67,1420.70,1429.95
26.02.21 12:32:59,1429.95,1430.00,1428.35,1428.35,300,76125,1248.97,1422.65,1432.50
26.02.21 12:34:59,1435.00,1440.00,1435.00,1440.00,225,76125,1253.63,1437.60,1449.40
26.02.21 12:36:59,1450.00,1450.00,1450.00,1450.00,150,76125,1256.82,1447.20,1462.95
26.02.21 12:39:59,1460.00,1460.00,1460.00,1460.00,75,76200,1258.46,1460.25,1475.20
26.02.21 12:41:59,1460.00,1470.00,1460.00,1470.00,150,76200,1261.74,1471.50,1480.00
26.02.21 12:46:59,1460.00,1460.00,1460.00,1460.00,75,76200,1263.30,1449.95,1458.50
26.02.21 12:47:59,1449.95,1449.95,1449.95,1449.95,75,0,1264.76,1444.45,1457.25
26.02.21 12:49:59,1445.00,1445.00,1445.00,1445.00,75,76200,1266.16,1445.00,1448.00
26.02.21 12:50:59,1445.00,1445.00,1445.00,1445.00,75,76200,1267.53,1425.70,1439.85
26.02.21 12:51:59,1440.00,1440.00,1440.00,1440.00,150,76200,1270.14,1437.15,1448.15
26.02.21 12:53:59,1440.00,1440.00,1440.00,1440.00,75,76200,1271.42,1431.45,1445.15
26.02.21 12:57:59,1410.00,1410.00,1410.00,1410.00,75,76200,1272.46,1409.55,1419.85
26.02.21 12:58:59,1405.00,1405.00,1405.00,1405.00,75,76200,1273.44,1377.75,1397.90
26.02.21 12:59:59,1390.00,1390.00,1390.00,1390.00,300,76200,1276.79,1372.05,1386.80
26.02.21 13:03:59,1405.00,1410.00,1405.00,1410.00,150,76200,1278.65,1406.20,1419.80
26.02.21 13:05:59,1420.00,1420.00,1420.00,1420.00,75,76200,1279.64,1419.50,1430.00
26.02.21 13:07:59,1429.95,1429.95,1429.95,1429.95,75,76125,1280.69,1413.25,1427.35
26.02.21 13:09:59,1429.95,1429.95,1429.95,1429.95,75,76125,1281.73,1411.20,1425.20
26.02.21 13:12:59,1430.00,1430.00,1430.00,1430.00,75,76125,1282.75,1428.45,1440.00
26.02.21 13:14:59,1440.00,1440.00,1434.95,1434.95,150,76125,1284.86,1434.80,1445.80
26.02.21 13:16:59,1444.00,1450.00,1444.00,1450.00,150,76125,1287.03,1436.70,1452.05
26.02.21 13:22:59,1420.00,1420.00,1420.00,1420.00,75,76125,1287.92,1418.25,1432.95
26.02.21 14:02:59,1372.00,1372.00,1372.00,1372.00,75,76125,1288.48,1355.20,1367.00
26.02.21 14:04:59,1350.00,1350.00,1350.00,1350.00,300,76125,1290.06,1331.60,1346.15
26.02.21 14:07:59,1343.00,1343.00,1343.00,1343.00,75,76125,1290.40,1330.65,1342.35
26.02.21 14:14:59,1321.75,1321.75,1321.75,1321.75,75,76125,1290.60,1324.00,1335.00
26.02.21 14:16:59,1335.00,1335.00,1335.00,1335.00,75,76125,1290.88,1331.70,1345.85
26.02.21 14:17:59,1350.00,1350.00,1350.00,1350.00,75,76125,1291.25,1344.30,1359.55
26.02.21 14:18:59,1360.00,1360.00,1360.00,1360.00,75,76125,1291.68,1355.15,1369.95
26.02.21 14:20:59,1370.00,1380.00,1370.00,1380.00,150,76125,1292.71,1373.45,1389.00
26.02.21 14:23:59,1368.80,1368.80,1368.80,1368.80,75,76125,1293.18,1354.85,1368.70
26.02.21 14:42:59,1351.10,1351.10,1351.10,1351.10,75,76125,1293.53,1334.90,1346.75
26.02.21 14:43:59,1340.80,1340.80,1340.80,1340.80,75,76125,1293.82,1341.05,1349.95
26.02.21 14:44:59,1344.55,1344.55,1343.10,1343.10,150,76125,1294.42,1342.10,1354.45
26.02.21 14:52:59,1350.00,1350.00,1350.00,1350.00,75,76050,1294.75,1350.00,1356.95
26.02.21 14:53:59,1350.00,1350.00,1350.00,1350.00,300,76050,1296.03,1340.55,1353.65
26.02.21 14:57:59,1360.00,1360.00,1360.00,1360.00,75,76050,1296.40,1358.90,1370.00
26.02.21 15:00:59,1370.00,1399.00,1370.00,1399.00,300,76050,1298.40,1404.60,1410.00
26.02.21 15:01:59,1410.00,1430.00,1410.00,1430.00,150,76050,1299.76,1430.40,1444.05
26.02.21 15:02:59,1442.20,1442.20,1442.20,1442.20,75,76050,1300.55,1443.80,1460.10
26.02.21 15:03:59,1425.75,1425.75,1425.75,1425.75,75,76050,1301.24,1430.15,1448.05
26.02.21 15:07:59,1460.00,1460.00,1460.00,1460.00,75,76050,1302.11,1459.55,1470.00
26.02.21 15:12:59,1450.00,1450.00,1450.00,1450.00,150,75975,1303.72,1447.30,1461.20
26.02.21 15:16:59,1455.00,1470.00,1455.00,1470.00,150,75975,1305.43,1469.55,1480.00
26.02.21 15:17:59,1467.00,1467.00,1467.00,1467.00,150,75975,1307.15,1476.45,1489.75
26.02.21 15:21:59,1470.45,1470.45,1470.45,1470.45,75,0,1308.01,1481.55,1490.00
26.02.21 15:22:59,1490.00,1490.00,1490.00,1490.00,75,75975,1308.97,1496.15,1498.90
26.02.21 15:23:59,1499.00,1500.00,1499.00,1500.00,225,75975,1311.93,1498.20,1508.70
26.02.21 15:25:59,1492.65,1492.65,1492.65,1492.65,75,75975,1312.86,1492.90,1500.00
26.02.21 15:26:59,1495.20,1495.20,1495.20,1495.20,150,75975,1314.72,1490.40,1500.00
26.02.21 15:28:59,1478.00,1478.00,1478.00,1478.00,75,76050,1315.55,1478.00,1480.00
26.02.21 15:30:00,1480.00,1488.90,1480.00,1485.00,300,76050,1318.89,1455.40,1488.20
01.03.21 09:19:59,1325.00,1325.00,1325.00,1325.00,75,76725,1325.00,1325.00,1328.35
01.03.21 09:20:59,1325.00,1325.00,1325.00,1325.00,75,76725,1325.00,1292.20,1314.15
01.03.21 09:28:59,1349.00,1349.00,1349.00,1349.00,75,76800,1333.00,1343.35,1349.00
01.03.21 09:29:59,1349.00,1349.00,1349.00,1349.00,75,76800,1337.00,1334.80,1350.00
01.03.21 09:45:59,1282.95,1282.95,1282.95,1282.95,75,76650,1326.19,1274.75,1278.15
01.03.21 09:46:59,1274.75,1283.25,1274.75,1283.25,375,76650,1303.87,1275.00,1284.55
01.03.21 09:52:59,1284.90,1284.90,1284.90,1284.90,75,76425,1302.14,1267.55,1280.35
01.03.21 10:13:59,1282.10,1284.20,1282.10,1284.20,225,76425,1298.15,1282.00,1289.35
01.03.21 10:14:59,1288.20,1288.20,1288.20,1288.20,150,76500,1296.90,1289.20,1296.55
01.03.21 10:15:59,1290.00,1290.00,1290.00,1290.00,75,76500,1296.50,1278.45,1290.40
01.03.21 10:17:59,1281.00,1281.00,1281.00,1281.00,75,76500,1295.63,1272.05,1280.10
01.03.21 10:20:59,1271.00,1271.00,1261.00,1261.00,375,76575,1288.54,1250.00,1261.35
01.03.21 10:24:59,1255.00,1255.00,1250.00,1250.00,150,76725,1285.66,1250.00,1258.75
01.03.21 10:25:59,1250.00,1250.00,1250.00,1250.00,75,76725,1284.28,1232.75,1245.25
01.03.21 10:28:59,1244.65,1244.65,1244.65,1244.65,75,76950,1282.82,1230.05,1240.70
01.03.21 10:34:59,1244.65,1244.65,1244.65,1244.65,75,77025,1281.45,1244.65,1246.60
01.03.21 10:37:59,1244.50,1244.50,1244.50,1244.50,75,77100,1280.18,1231.00,1242.80
01.03.21 10:40:59,1225.00,1225.00,1224.00,1224.00,750,77175,1266.05,1215.45,1228.40
01.03.21 11:26:59,1264.00,1264.00,1264.00,1264.00,300,76650,1265.86,1256.85,1267.60
01.03.21 11:27:59,1264.00,1264.00,1264.00,1264.00,450,76950,1265.63,1253.15,1263.45
01.03.21 11:28:59,1253.15,1253.15,1253.15,1253.15,75,76950,1265.38,1258.10,1269.60
01.03.21 11:33:59,1265.50,1265.50,1265.50,1265.50,300,76800,1265.42,1264.95,1275.10
01.03.21 11:45:59,1316.45,1316.45,1316.45,1316.45,150,76650,1267.24,1303.90,1318.75
01.03.21 11:50:59,1303.00,1303.00,1303.00,1303.00,75,76800,1267.87,1283.75,1295.95
01.03.21 12:01:59,1310.10,1310.10,1310.10,1310.10,75,76875,1268.60,1303.80,1318.30
01.03.21 12:17:59,1310.00,1310.00,1310.00,1310.00,300,76950,1271.27,1297.60,1313.65
01.03.21 12:23:59,1301.80,1309.00,1301.80,1309.00,450,77250,1274.31,1311.30,1321.95
01.03.21 12:24:59,1315.80,1343.80,1315.80,1337.25,450,77475,1279.29,1337.55,1349.75
01.03.21 12:28:59,1339.00,1339.00,1339.00,1339.00,75,77775,1280.09,1342.70,1356.30
01.03.21 12:34:59,1349.00,1349.00,1349.00,1349.00,75,77850,1281.00,1349.00,1359.00
01.03.21 12:36:59,1345.00,1345.00,1345.00,1345.00,75,77775,1281.83,1328.25,1340.25
01.03.21 12:45:59,1330.00,1330.00,1330.00,1330.00,75,77850,1282.45,1314.45,1328.50
01.03.21 13:02:59,1286.75,1286.75,1286.75,1286.75,75,0,1282.50,1272.65,1283.45
01.03.21 13:15:59,1265.65,1265.65,1265.65,1265.65,225,78000,1281.88,1262.60,1274.50
01.03.21 13:17:59,1286.00,1286.00,1286.00,1286.00,450,78000,1282.16,1285.80,1298.20
01.03.21 13:30:59,1250.00,1250.00,1250.00,1250.00,150,78375,1281.46,1241.45,1255.55
01.03.21 14:01:59,1270.90,1270.90,1270.90,1270.90,75,78525,1281.34,1261.60,1264.20
01.03.21 14:02:59,1261.60,1261.60,1261.60,1261.60,75,78525,1281.13,1250.00,1251.70
01.03.21 14:03:59,1250.00,1250.00,1250.00,1250.00,75,78525,1280.79,1238.50,1249.60
01.03.21 14:16:59,1245.00,1245.00,1245.00,1245.00,75,78525,1280.41,1235.75,1243.05
01.03.21 14:30:59,1255.05,1255.05,1255.05,1255.05,75,78600,1280.15,1238.95,1252.40
01.03.21 14:36:59,1235.00,1235.00,1235.00,1235.00,150,78675,1279.22,1239.00,1248.65
01.03.21 14:52:59,1275.00,1275.00,1275.00,1275.00,75,78675,1279.17,1280.25,1290.05
01.03.21 14:53:59,1299.00,1299.00,1299.00,1299.00,75,78675,1279.37,1292.90,1305.50
01.03.21 15:07:59,1274.00,1274.00,1274.00,1274.00,300,78600,1279.16,1258.10,1268.65
01.03.21 15:17:59,1236.00,1236.00,1236.00,1236.00,75,78900,1278.75,1226.80,1234.80
01.03.21 15:20:59,1237.40,1237.40,1237.40,1237.40,75,78900,1278.35,1238.95,1246.80
01.03.21 15:24:59,1238.95,1238.95,1238.95,1238.95,75,78975,1277.98,1232.15,1242.00
01.03.21 15:30:00,1232.00,1232.00,1232.00,1232.00,75,78900,1277.55,1232.00,1249.65
02.03.21 09:18:59,1204.45,1204.50,1204.45,1204.50,150,78900,1204.47,1200.00,1203.85
02.03.21 09:19:59,1204.05,1204.05,1200.00,1200.00,225,78900,1203.21,1183.20,1195.05
02.03.21 09:20:59,1175.15,1175.15,1174.90,1175.15,150,78975,1195.15,1170.00,1176.45
02.03.21 09:21:59,1170.00,1170.00,1170.00,1170.00,300,78975,1186.00,1160.90,1171.55
02.03.21 09:22:59,1169.95,1169.95,1169.95,1169.95,150,78975,1183.53,1162.20,1171.60
02.03.21 09:23:59,1174.90,1174.90,1174.90,1174.90,150,79200,1182.38,1166.25,1174.85
02.03.21 09:24:59,1170.00,1170.00,1161.00,1161.00,525,79200,1177.62,1161.00,1165.70
02.03.21 09:25:59,1161.00,1161.00,1160.00,1160.00,675,79200,1172.76,1157.25,1167.60
02.03.21 09:30:59,1157.80,1157.80,1150.00,1150.00,225,79725,1171.21,1136.95,1145.75
02.03.21 09:32:59,1142.60,1142.60,1142.60,1142.60,150,80250,1169.62,1138.65,1149.75
02.03.21 09:35:59,1145.90,1145.90,1145.90,1145.90,150,79950,1168.37,1141.35,1151.95
02.03.21 09:46:59,1171.45,1171.45,1171.45,1171.45,75,80250,1168.45,1162.90,1174.00
02.03.21 09:54:59,1161.00,1161.85,1161.00,1161.85,900,80400,1166.75,1152.15,1161.90
02.03.21 09:55:59,1155.35,1155.35,1150.00,1150.00,150,80400,1166.22,1150.00,1152.60
02.03.21 09:56:59,1152.60,1154.50,1145.00,1150.00,3000,80400,1159.03,1145.00,1149.65
02.03.21 10:00:59,1145.00,1145.00,1145.00,1145.00,75,80400,1158.88,1129.90,1140.25
02.03.21 10:03:59,1129.00,1129.00,1129.00,1129.00,75,80400,1158.57,1120.10,1132.70
02.03.21 10:06:59,1120.00,1120.00,1120.00,1120.00,525,80400,1155.92,1115.75,1125.90
02.03.21 10:08:59,1119.75,1119.75,1119.75,1119.75,75,80400,1155.57,1118.85,1127.45
02.03.21 10:09:59,1125.00,1125.00,1125.00,1125.00,75,80400,1155.28,1125.00,1128.55
02.03.21 10:10:59,1125.00,1125.00,1114.85,1114.85,150,80400,1154.61,1115.85,1127.25
02.03.21 10:20:59,1139.35,1139.35,1139.35,1139.35,150,82575,1154.33,1124.15,1136.75
02.03.21 10:24:59,1142.65,1142.65,1142.65,1142.65,75,82575,1154.22,1132.65,1141.80
02.03.21 10:25:59,1141.70,1141.70,1141.70,1141.70,75,82575,1154.11,1127.85,1141.75
02.03.21 10:27:59,1138.70,1138.70,1138.70,1138.70,75,82650,1153.97,1128.35,1140.75
02.03.21 10:33:59,1152.00,1152.00,1150.00,1150.00,3225,83175,1153.05,1149.75,1161.50
02.03.21 10:34:59,1158.15,1158.15,1155.15,1156.45,300,83175,1153.15,1145.75,1155.20
02.03.21 10:37:59,1160.00,1160.00,1160.00,1160.00,75,83325,1153.19,1152.35,1162.50
02.03.21 10:38:59,1163.00,1165.95,1163.00,1165.70,300,83325,1153.48,1156.10,1162.00
02.03.21 10:40:59,1162.00,1177.95,1162.00,1177.95,300,83400,1153.86,1165.65,1176.70
02.03.21 10:45:59,1167.00,1167.00,1167.00,1167.00,75,83400,1153.94,1165.10,1172.15
02.03.21 10:46:59,1165.00,1165.00,1165.00,1165.00,75,83400,1154.00,1160.05,1171.95
02.03.21 10:50:59,1180.00,1180.00,1180.00,1180.00,75,83400,1154.16,1171.95,1183.25
02.03.21 11:06:59,1189.00,1189.00,1189.00,1189.00,450,83625,1155.34,1195.80,1198.00
02.03.21 11:07:59,1198.00,1198.00,1198.00,1198.00,75,83625,1155.59,1191.90,1202.25
02.03.21 11:14:59,1194.35,1194.35,1194.35,1194.35,75,83700,1155.80,1210.15,1217.50
02.03.21 11:15:59,1230.00,1230.00,1230.00,1230.00,300,83700,1157.43,1240.00,1246.10
02.03.21 11:16:59,1245.00,1245.00,1243.05,1243.05,150,83700,1158.38,1237.15,1247.20
02.03.21 11:19:59,1240.05,1246.00,1240.05,1240.05,150,83700,1159.29,1249.20,1263.10
02.03.21 11:23:59,1230.10,1230.10,1230.10,1230.10,75,83700,1159.66,1230.20,1240.00
02.03.21 11:26:59,1241.00,1241.00,1240.00,1240.00,300,83175,1161.36,1225.00,1233.20
02.03.21 11:28:59,1245.00,1245.00,1245.00,1245.00,75,81225,1161.79,1227.90,1240.50
02.03.21 11:29:59,1240.75,1240.75,1240.75,1240.75,300,81225,1163.38,1240.75,1244.25
02.03.21 11:30:59,1244.75,1244.75,1244.75,1244.75,300,81375,1165.00,1237.85,1247.70
02.03.21 11:40:59,1198.00,1198.00,1198.00,1198.00,300,81600,1165.65,1191.00,1199.15
02.03.21 11:45:59,1180.10,1184.50,1180.10,1184.50,300,81750,1166.09,1183.25,1193.30
02.03.21 11:50:59,1183.00,1185.75,1183.00,1185.75,750,81750,1166.92,1175.40,1185.90
02.03.21 11:51:59,1187.20,1187.20,1187.20,1187.20,75,81750,1167.02,1179.15,1188.40
02.03.21 11:52:59,1195.75,1195.75,1195.75,1195.75,75,81750,1167.15,1177.25,1187.55
02.03.21 11:53:59,1187.55,1187.55,1187.55,1187.55,75,81750,1167.24,1182.90,1192.55
02.03.21 12:01:59,1195.70,1195.70,1195.70,1195.70,75,81825,1167.37,1191.70,1200.40
02.03.21 12:07:59,1211.55,1211.55,1211.55,1211.55,75,81825,1167.57,1203.90,1213.55
02.03.21 12:36:59,1210.00,1210.00,1210.00,1210.00,3225,81750,1174.05,1201.20,1212.65
02.03.21 12:40:59,1205.70,1205.70,1205.70,1205.70,750,81750,1175.20,1192.55,1204.55
02.03.21 12:42:59,1196.60,1196.60,1196.60,1196.60,750,81750,1175.95,1186.20,1198.45
02.03.21 12:46:59,1216.00,1216.00,1216.00,1216.00,150,81750,1176.23,1213.70,1216.00
02.03.21 12:47:59,1216.00,1216.00,1211.00,1211.00,4500,81750,1182.60,1213.40,1224.60
02.03.21 12:48:59,1232.60,1232.60,1232.60,1232.60,75,81750,1182.75,1223.65,1233.70
02.03.21 12:50:59,1230.00,1233.00,1230.00,1233.00,150,81750,1183.03,1221.85,1231.55
02.03.21 12:51:59,1221.00,1221.00,1221.00,1221.00,75,81750,1183.13,1207.95,1218.55
02.03.21 12:55:59,1214.00,1214.00,1214.00,1214.00,75,81750,1183.22,1206.20,1214.90
02.03.21 12:57:59,1213.00,1213.00,1213.00,1213.00,75,81750,1183.30,1201.35,1210.80
02.03.21 13:02:59,1195.00,1195.00,1195.00,1195.00,75,81675,1183.34,1197.00,1208.35
02.03.21 13:03:59,1210.50,1210.50,1208.90,1208.90,150,81675,1183.49,1211.05,1216.60
02.03.21 13:04:59,1211.05,1211.05,1208.70,1208.70,150,81675,1183.63,1204.00,1207.65
02.03.21 13:06:59,1207.00,1207.00,1206.00,1206.00,150,81750,1183.76,1200.05,1208.70
02.03.21 13:11:59,1204.00,1210.00,1204.00,1208.95,225,81750,1183.96,1201.00,1209.15
02.03.21 13:12:59,1210.00,1210.00,1210.00,1210.00,75,81750,1184.03,1210.25,1219.60
02.03.21 13:13:59,1216.20,1216.35,1216.20,1216.35,150,81750,1184.20,1206.00,1214.70
02.03.21 13:19:59,1204.00,1204.00,1198.05,1198.05,150,81900,1184.29,1197.05,1207.50
02.03.21 13:30:59,1210.70,1210.70,1210.70,1210.70,75,81900,1184.37,1197.85,1206.45
02.03.21 13:32:59,1220.40,1220.40,1220.40,1220.40,75,81900,1184.46,1215.00,1220.45
02.03.21 13:34:59,1222.45,1222.45,1222.45,1222.45,75,81900,1184.56,1210.45,1218.75
02.03.21 13:35:59,1220.10,1220.10,1220.10,1220.10,75,81900,1184.66,1210.35,1220.85
02.03.21 13:36:59,1233.00,1233.00,1233.00,1233.00,75,81900,1184.79,1226.25,1233.00
02.03.21 13:37:59,1232.95,1232.95,1232.95,1232.95,75,81900,1184.92,1217.70,1227.15
02.03.21 13:45:59,1161.00,1161.00,1161.00,1161.00,450,81900,1184.54,1142.75,1154.10
02.03.21 14:03:59,1170.00,1170.00,1170.00,1170.00,300,82500,1184.39,1170.00,1173.50
02.03.21 14:04:59,1170.00,1170.00,1170.00,1170.00,75,82500,1184.35,1155.50,1164.35
02.03.21 14:06:59,1170.00,1170.00,1170.00,1170.00,75,82650,1184.32,1161.65,1171.35
02.03.21 14:10:59,1169.55,1169.55,1169.55,1169.55,75,82650,1184.28,1161.40,1170.45
02.03.21 14:11:59,1170.00,1170.00,1170.00,1170.00,75,82650,1184.24,1162.65,1173.85
02.03.21 14:12:59,1175.05,1175.05,1175.05,1175.05,75,82650,1184.22,1165.10,1175.00
02.03.21 14:18:59,1162.00,1162.00,1162.00,1162.00,75,82650,1184.16,1154.55,1161.90
02.03.21 14:19:59,1161.90,1164.70,1161.90,1164.70,225,82650,1184.00,1159.50,1167.15
02.03.21 14:20:59,1167.55,1169.15,1167.55,1169.15,225,82650,1183.88,1161.40,1171.00
02.03.21 14:21:59,1171.00,1175.75,1171.00,1175.75,225,82650,1183.80,1165.35,1175.15
02.03.21 14:22:59,1173.20,1173.20,1173.20,1173.20,75,82650,1183.78,1158.40,1168.65
02.03.21 14:24:59,1168.00,1168.00,1168.00,1168.00,75,82650,1183.74,1157.10,1166.70
02.03.21 14:25:59,1165.90,1174.35,1165.90,1173.90,375,82650,1183.58,1164.55,1175.30
02.03.21 14:27:59,1168.15,1168.15,1168.15,1168.15,75,82650,1183.54,1163.50,1174.20
02.03.21 14:28:59,1180.85,1180.85,1178.75,1178.75,225,82650,1183.51,1166.80,1178.55
02.03.21 14:29:59,1180.85,1180.85,1180.85,1180.85,450,82650,1183.47,1167.60,1179.85
02.03.21 14:44:59,1170.00,1170.00,1170.00,1170.00,75,82875,1183.44,1163.15,1172.85
02.03.21 14:48:59,1159.00,1170.65,1159.00,1170.65,150,82875,1183.35,1161.95,1175.30
02.03.21 14:49:59,1175.15,1175.15,1175.15,1175.15,75,82875,1183.33,1179.65,1183.65
02.03.21 14:57:59,1180.00,1180.00,1179.95,1179.95,150,83100,1183.32,1172.65,1182.55
02.03.21 14:58:59,1180.00,1180.00,1180.00,1180.00,150,83175,1183.30,1168.45,1178.65
02.03.21 14:59:59,1180.00,1180.00,1180.00,1180.00,75,83175,1183.29,1163.35,1172.90
02.03.21 15:02:59,1155.00,1155.00,1155.00,1155.00,75,83175,1183.23,1145.10,1160.45
02.03.21 15:03:59,1150.00,1150.00,1150.00,1150.00,450,83175,1182.77,1144.45,1153.95
02.03.21 15:06:59,1152.25,1152.25,1152.25,1152.25,75,83175,1182.70,1143.30,1152.70
02.03.21 15:08:59,1146.35,1149.10,1146.35,1147.95,375,83175,1182.30,1141.75,1150.10
02.03.21 15:09:59,1146.55,1146.55,1142.35,1142.35,300,83175,1181.96,1123.20,1134.05
02.03.21 15:14:59,1112.20,1112.20,1094.05,1094.05,300,83325,1181.26,1082.05,1093.65
02.03.21 15:15:59,1091.20,1091.20,1088.95,1088.95,150,83325,1180.86,1079.90,1092.50
02.03.21 15:20:59,1078.40,1078.40,1078.40,1078.40,75,83400,1180.63,1082.75,1092.90
02.03.21 15:22:59,1082.05,1082.05,1082.05,1082.05,150,83400,1180.19,1075.00,1082.20
02.03.21 15:23:59,1075.00,1075.00,1075.00,1075.00,150,83400,1179.73,1066.30,1075.85
02.03.21 15:27:59,1071.30,1071.30,1071.30,1071.30,75,83400,1179.49,1068.05,1075.00
02.03.21 15:30:00,1073.00,1073.00,1073.00,1073.00,150,83400,1179.03,1060.90,1075.00
03.03.21 09:15:59,1019.60,1019.65,999.00,999.00,450,90000,1011.80,992.05,1015.45
03.03.21 09:16:59,1008.55,1008.55,1007.25,1007.25,300,90000,1010.31,991.35,1006.60
03.03.21 09:19:59,1000.00,1000.00,1000.00,1000.00,300,90675,1007.36,1000.00,1007.30
03.03.21 09:20:59,1000.00,1000.00,990.00,990.00,525,90675,1004.43,980.20,991.80
03.03.21 09:22:59,992.30,992.30,989.50,989.50,975,90675,998.96,1001.95,1006.60
03.03.21 09:23:59,1006.60,1006.60,995.80,995.80,225,92400,999.29,993.95,1002.00
03.03.21 09:25:59,1005.00,1005.00,1005.00,1005.00,75,0,999.44,997.90,1005.00
03.03.21 09:26:59,1005.00,1005.00,1005.00,1005.00,75,92400,999.58,1005.00,1010.00
03.03.21 09:27:59,1010.00,1010.00,1010.00,1010.00,75,92700,999.84,1001.65,1015.15
03.03.21 09:29:59,1007.30,1007.30,1007.30,1007.30,75,92775,1000.02,998.45,1006.95
03.03.21 09:34:59,1008.80,1008.80,1008.80,1008.80,225,92925,1000.62,999.30,1009.15
03.03.21 09:35:59,1010.00,1010.00,1010.00,1010.00,75,92925,1000.83,1001.05,1010.20
03.03.21 09:37:59,1001.00,1001.00,1001.00,1001.00,75,92925,1000.83,999.00,1005.30
03.03.21 09:39:59,1002.00,1002.00,1002.00,1002.00,150,92925,1000.88,1002.00,1008.95
03.03.21 09:42:59,1016.00,1016.00,1016.00,1016.00,150,92925,1001.49,1007.15,1017.10
03.03.21 09:43:59,1016.85,1016.85,1016.85,1016.85,75,92925,1001.79,1015.70,1025.00
03.03.21 09:44:59,1024.80,1024.95,1024.80,1024.80,150,92925,1002.66,1016.05,1025.00
03.03.21 09:45:59,1025.00,1027.05,1025.00,1027.05,150,92925,1003.51,1016.65,1027.15
03.03.21 10:00:59,999.00,999.00,998.70,998.70,150,93450,1003.35,1005.00,1010.30
03.03.21 10:01:59,1005.00,1005.00,1005.00,1005.00,75,93450,1003.37,995.60,1005.25
03.03.21 10:05:59,1000.00,1000.00,1000.00,1000.00,750,93900,1002.88,995.00,1001.55
03.03.21 10:06:59,995.00,995.00,995.00,995.00,75,93900,1002.76,990.30,999.70
03.03.21 10:13:59,1000.00,1001.90,1000.00,1001.90,150,93975,1002.71,993.45,1002.30
03.03.21 10:14:59,1004.45,1004.45,1004.45,1004.45,75,93975,1002.74,994.80,1004.15
03.03.21 10:22:59,997.05,997.05,997.05,997.05,75,93975,1002.66,990.05,998.40
03.03.21 10:24:59,990.00,993.40,990.00,993.40,150,93975,1002.37,985.50,991.90
03.03.21 10:28:59,987.75,987.75,987.75,987.75,75,93975,1002.17,987.05,995.20
03.03.21 10:29:59,984.10,985.65,984.10,985.65,975,94125,999.89,985.60,992.55
03.03.21 10:30:59,983.00,985.30,982.30,985.30,1950,94125,996.10,975.00,982.40
03.03.21 10:31:59,975.00,975.00,975.00,975.00,75,94125,995.92,963.40,975.55
03.03.21 10:33:59,979.55,979.55,978.00,978.00,1500,94125,993.36,972.05,979.55
03.03.21 10:36:59,979.05,979.05,972.00,972.00,225,94950,992.98,963.05,975.80
03.03.21 10:38:59,963.00,963.00,963.00,963.00,1725,94950,988.73,963.00,967.45
03.03.21 10:39:59,963.00,963.00,963.00,963.00,1425,94950,986.02,959.45,969.20
03.03.21 10:48:59,960.00,960.00,960.00,960.00,75,94575,985.88,957.60,966.20
03.03.21 10:58:59,960.00,960.00,960.00,960.00,150,95400,985.60,956.65,965.70
03.03.21 11:01:59,965.00,965.00,965.00,965.00,75,96375,985.49,960.15,968.45
03.03.21 11:08:59,960.00,960.00,960.00,960.00,1950,96300,982.35,951.75,962.50
03.03.21 11:25:59,957.40,958.00,957.40,957.75,525,96525,981.56,955.40,959.10
03.03.21 11:26:59,959.10,959.10,959.10,959.10,75,96525,981.45,955.35,959.00
03.03.21 11:27:59,956.95,957.00,955.25,955.75,900,96450,980.12,953.45,961.50
03.03.21 11:28:59,956.35,957.80,956.35,957.80,375,96450,979.63,955.25,958.50
03.03.21 11:29:59,958.75,958.75,955.70,955.70,225,96450,979.35,952.40,956.00
03.03.21 11:30:59,955.90,955.95,952.70,952.70,300,96450,978.94,950.05,953.15
03.03.21 11:31:59,951.60,952.50,937.05,943.75,1050,96450,977.13,940.75,952.00
03.03.21 11:35:59,941.20,941.20,941.20,941.20,300,96825,976.56,934.70,946.00
03.03.21 11:36:59,935.60,940.00,935.60,940.00,225,96825,976.13,938.15,948.80
03.03.21 11:38:59,948.00,948.00,948.00,948.00,75,97800,976.03,946.50,949.70
03.03.21 11:39:59,945.80,945.80,945.80,945.80,150,97800,975.81,945.25,950.00
03.03.21 11:41:59,950.00,950.00,950.00,950.00,75,97800,975.71,950.55,960.00
03.03.21 11:47:59,945.00,945.00,945.00,945.00,1500,100200,973.58,940.45,950.25
03.03.21 11:51:59,935.00,935.00,926.05,929.00,1650,100200,970.57,930.65,939.40
03.03.21 11:52:59,932.10,932.10,931.00,931.00,150,100200,970.32,925.80,935.20
03.03.21 11:53:59,933.30,933.30,933.25,933.25,150,101325,970.08,930.05,934.00
03.03.21 11:54:59,934.00,934.00,934.00,934.00,75,0,969.96,928.85,937.60
03.03.21 11:55:59,942.95,942.95,942.95,942.95,75,101325,969.88,929.65,937.85
03.03.21 11:57:59,940.00,940.00,940.00,940.00,75,99375,969.78,935.05,938.70
03.03.21 11:58:59,938.10,938.10,938.10,938.10,75,99375,969.69,935.00,937.75
03.03.21 11:59:59,935.00,935.00,927.30,927.30,225,99375,969.34,928.00,936.35
03.03.21 12:00:59,931.50,932.25,931.50,932.25,150,99150,969.10,926.95,932.00
03.03.21 12:01:59,928.00,928.00,920.75,921.30,525,99150,968.15,921.90,933.05
03.03.21 12:03:59,926.75,926.75,920.65,920.65,150,99150,967.88,919.60,925.95
03.03.21 12:04:59,916.65,916.65,912.80,916.00,300,99150,967.25,913.40,919.05
03.03.21 12:05:59,919.00,919.00,919.00,919.00,450,99150,966.40,916.70,923.00
03.03.21 12:06:59,921.00,921.00,917.90,917.90,525,99375,965.47,918.40,922.95
03.03.21 12:07:59,923.00,923.00,923.00,923.00,75,99375,965.35,918.95,924.00
03.03.21 12:11:59,928.50,928.50,928.50,928.50,75,100050,965.25,924.65,930.00
03.03.21 12:15:59,918.00,918.00,918.00,918.00,75,99450,965.11,915.20,922.00
03.03.21 12:16:59,917.00,917.00,917.00,917.00,75,99450,964.97,915.10,922.95
03.03.21 12:29:59,925.00,925.00,925.00,925.00,75,98550,964.86,921.05,928.70
03.03.21 12:31:59,930.00,930.00,930.00,930.00,75,98550,964.76,930.00,933.95
03.03.21 12:34:59,924.90,924.90,924.90,924.90,150,98550,964.55,924.30,928.90
03.03.21 12:35:59,924.50,924.50,924.50,924.50,75,98550,964.44,916.05,923.15
03.03.21 12:38:59,924.80,924.80,924.80,924.80,75,98550,964.33,918.00,924.60
03.03.21 12:39:59,923.70,924.60,923.70,924.60,150,98475,964.11,917.85,925.15
03.03.21 12:40:59,923.25,923.40,921.20,922.90,825,98475,962.87,917.75,925.20
03.03.21 12:41:59,924.30,924.95,923.50,923.95,375,98475,962.36,919.15,926.75
03.03.21 12:42:59,924.00,928.95,924.00,928.95,300,99900,961.97,917.10,927.95
03.03.21 12:44:59,912.15,912.15,912.15,912.15,150,99900,961.72,911.35,919.45
03.03.21 12:47:59,918.35,918.35,900.00,910.65,1350,99750,959.37,905.45,912.35
03.03.21 12:48:59,910.55,913.70,909.65,909.65,450,100875,958.66,910.05,914.10
03.03.21 12:49:59,905.00,912.25,902.75,906.25,1650,100875,956.05,903.25,911.50
03.03.21 12:50:59,908.15,910.20,900.35,908.15,2250,100875,952.83,908.00,910.20
03.03.21 12:51:59,908.00,908.45,902.30,902.30,825,103950,951.73,902.25,910.85
03.03.21 12:52:59,904.10,905.30,904.10,905.30,450,103950,951.13,904.20,908.25
03.03.21 12:53:59,904.00,907.05,903.80,903.80,450,103950,950.55,904.40,907.65
03.03.21 12:54:59,904.05,905.55,900.50,905.50,1275,104175,948.94,900.05,906.55
03.03.21 12:55:59,900.00,900.00,900.00,900.00,75,104175,948.85,901.40,905.85
03.03.21 12:56:59,903.00,905.45,900.95,904.80,450,104175,948.31,901.15,905.35
03.03.21 12:57:59,903.95,903.95,897.55,898.55,1125,105300,946.94,895.45,898.55
03.03.21 12:58:59,897.45,902.25,897.45,902.25,900,105300,945.86,899.90,905.90
03.03.21 13:00:59,895.50,895.50,891.30,895.05,825,107175,944.82,891.10,899.45
03.03.21 13:01:59,896.00,896.00,896.00,896.00,75,107175,944.73,896.30,905.75
03.03.21 13:07:59,910.75,910.75,910.75,910.75,75,107925,944.67,902.55,911.25
03.03.21 13:08:59,911.75,911.75,911.75,911.75,75,107925,944.61,902.70,908.30
03.03.21 13:14:59,907.20,907.20,907.20,907.20,75,107925,944.54,904.20,910.55
03.03.21 13:15:59,901.00,901.00,901.00,901.00,150,108000,944.38,900.30,910.60
03.03.21 13:16:59,901.75,906.20,901.75,906.20,225,108000,944.16,900.00,904.90
03.03.21 13:20:59,901.50,903.00,901.50,903.00,375,108000,943.78,900.00,900.10
03.03.21 13:21:59,900.10,900.10,895.00,895.00,900,108000,942.81,892.35,895.00
03.03.21 13:22:59,894.95,897.75,894.95,897.75,3375,108000,939.35,893.40,902.75
03.03.21 13:27:59,890.00,890.00,890.00,890.00,75,108075,939.27,882.60,892.30
03.03.21 13:28:59,890.10,890.15,890.10,890.15,150,108075,939.11,890.80,901.95
03.03.21 13:30:59,894.00,894.00,894.00,894.00,225,108225,938.89,892.20,894.00
03.03.21 13:32:59,896.95,896.95,896.95,896.95,75,108225,938.83,894.85,903.30
03.03.21 13:35:59,902.00,902.00,902.00,902.00,75,108300,938.77,901.80,909.35
03.03.21 13:36:59,907.00,907.00,902.00,902.00,450,108300,938.46,897.40,905.65
03.03.21 13:46:59,880.00,880.00,880.00,880.00,150,108975,938.27,874.05,881.50
03.03.21 13:48:59,879.00,879.00,879.00,879.00,75,108375,938.18,874.65,882.45
03.03.21 13:50:59,877.00,877.00,877.00,877.00,75,108375,938.08,877.65,886.55
03.03.21 13:52:59,885.00,888.00,885.00,888.00,150,108375,937.92,884.10,892.60
03.03.21 13:53:59,896.85,896.85,896.85,896.85,75,108375,937.85,888.25,895.00
03.03.21 13:54:59,895.00,895.00,895.00,895.00,75,108375,937.79,890.55,898.50
03.03.21 13:56:59,899.00,899.00,899.00,899.00,75,108375,937.73,893.00,901.30
03.03.21 13:58:59,895.00,895.00,895.00,895.00,75,108375,937.66,887.50,897.45
03.03.21 14:02:59,892.35,892.35,892.35,892.35,75,108450,937.59,885.50,892.45
03.03.21 14:04:59,904.10,904.10,904.10,904.10,150,108600,937.48,893.05,901.60
03.03.21 14:12:59,903.00,903.00,903.00,903.00,225,108750,937.32,897.40,905.85
03.03.21 14:24:59,875.00,877.05,870.00,870.00,1125,108600,935.94,863.60,871.45
03.03.21 14:29:59,867.30,867.90,867.30,867.60,600,108600,935.12,862.85,870.60
03.03.21 14:31:59,874.00,875.35,874.00,874.15,225,108600,934.85,865.35,875.85
03.03.21 14:33:59,877.00,877.00,875.05,875.05,300,108675,934.50,870.00,874.20
03.03.21 14:36:59,870.00,870.00,864.00,864.00,300,108675,934.10,860.00,867.80
03.03.21 14:37:59,864.40,864.90,864.40,864.55,525,108675,933.39,860.00,864.20
03.03.21 14:38:59,854.70,860.05,854.70,860.05,975,108675,931.97,856.00,861.40
03.03.21 14:39:59,862.35,862.35,862.35,862.35,225,108675,931.68,858.00,865.50
03.03.21 14:42:59,862.35,862.35,862.35,862.35,75,108675,931.58,858.00,863.35
03.03.21 14:47:59,842.10,842.10,842.10,842.10,75,108675,931.45,838.00,844.10
03.03.21 14:49:59,840.00,840.00,840.00,840.00,75,108750,931.32,822.85,835.60
03.03.21 14:53:59,845.00,845.00,845.00,845.00,75,108750,931.20,840.20,848.10
03.03.21 15:00:59,840.00,840.00,840.00,840.00,75,108900,931.07,826.30,833.95
03.03.21 15:02:59,835.95,835.95,835.95,835.95,75,108900,930.93,831.05,835.65
03.03.21 15:07:59,834.95,835.00,834.95,835.00,150,108750,930.66,835.25,840.00
03.03.21 15:08:59,840.00,840.00,838.60,838.60,150,108750,930.41,828.85,837.20
03.03.21 15:09:59,835.85,840.05,835.00,835.00,225,108750,930.02,832.10,836.80
03.03.21 15:10:59,839.05,839.05,839.05,839.05,75,108750,929.89,827.85,837.75
03.03.21 15:14:59,818.00,828.60,818.00,828.60,150,108825,929.59,819.90,827.95
03.03.21 15:17:59,817.35,817.35,816.20,816.20,150,108900,929.28,815.45,819.35
03.03.21 15:18:59,815.05,815.05,811.85,811.85,225,108900,928.80,811.45,816.35
03.03.21 15:20:59,815.15,820.00,815.15,820.00,825,108975,927.14,817.55,821.75
03.03.21 15:21:59,820.00,820.00,820.00,820.00,75,108975,927.00,817.20,822.55
03.03.21 15:23:59,820.90,820.90,820.05,820.10,450,108975,926.13,817.60,821.00
03.03.21 15:24:59,821.00,822.00,821.00,822.00,150,108975,925.85,820.45,825.00
03.03.21 15:25:59,822.90,822.90,822.90,822.90,150,109050,925.57,818.60,825.00
04.03.21 09:15:59,940.00,950.00,920.00,950.00,600,112725,941.25,978.75,999.95
04.03.21 09:16:59,968.30,995.60,968.30,980.00,450,112725,958.82,972.65,993.65
04.03.21 09:17:59,999.50,999.50,999.50,999.50,75,112725,961.53,978.80,993.85
04.03.21 09:18:59,990.00,990.00,988.45,988.45,300,112350,967.33,973.20,990.70
04.03.21 09:19:59,978.00,992.70,978.00,992.70,1200,112350,976.37,971.65,988.85
04.03.21 09:20:59,972.30,990.00,972.30,985.00,975,112425,978.61,970.80,983.05
04.03.21 09:21:59,979.35,980.00,979.35,980.00,375,112425,978.73,958.80,974.80
04.03.21 09:22:59,974.50,974.50,974.50,974.50,300,112425,978.43,964.95,975.00
04.03.21 09:23:59,975.00,978.35,975.00,978.35,150,112425,978.37,960.75,974.30
04.03.21 09:27:59,960.00,964.95,960.00,964.95,375,112425,976.98,962.00,971.60
04.03.21 09:28:59,978.35,980.00,978.35,980.00,525,112425,977.14,979.75,989.40
04.03.21 09:30:59,989.50,990.00,989.50,990.00,150,112425,977.49,987.25,992.35
04.03.21 09:31:59,994.30,995.30,988.85,988.85,375,112425,978.51,986.40,992.75
04.03.21 09:32:59,999.85,999.85,999.85,999.85,75,112875,978.78,988.30,999.30
04.03.21 09:33:59,997.20,998.15,997.00,997.00,375,112875,979.90,996.55,1001.90
04.03.21 09:34:59,1001.55,1008.00,1001.55,1005.00,525,112875,981.90,1004.30,1011.70
04.03.21 09:35:59,1015.00,1015.00,1015.00,1015.00,300,113025,983.29,1010.50,1016.40
04.03.21 09:36:59,1015.00,1015.00,1015.00,1015.00,75,113025,983.62,1015.65,1022.10
04.03.21 09:37:59,1029.85,1035.55,1029.85,1035.55,300,113025,985.51,1033.15,1040.00
04.03.21 09:39:59,1035.55,1035.55,1030.00,1030.00,150,113100,986.44,1014.15,1021.45
04.03.21 09:40:59,1021.65,1034.50,1021.65,1034.50,150,113100,987.24,1030.70,1036.35
04.03.21 09:41:59,1039.00,1039.00,1035.00,1035.50,300,113625,989.05,1029.75,1034.95
04.03.21 09:42:59,1031.00,1037.85,1031.00,1031.80,2475,113625,999.32,1025.35,1035.15
04.03.21 09:43:59,1035.00,1035.00,1035.00,1035.00,75,113625,999.57,1022.95,1033.80
04.03.21 09:44:59,1034.30,1034.30,1034.30,1034.30,75,113625,999.82,1028.00,1034.60
04.03.21 09:45:59,1040.85,1043.15,1033.50,1043.15,225,113625,1000.62,1044.25,1050.75
04.03.21 09:46:59,1044.30,1063.15,1044.30,1063.15,450,113625,1002.72,1055.50,1061.75
04.03.21 09:47:59,1065.00,1065.00,1065.00,1065.00,75,113625,1003.13,1060.10,1066.80
04.03.21 09:48:59,1060.00,1060.00,1055.20,1060.00,450,113625,1005.21,1048.55,1057.55
04.03.21 09:49:59,1055.00,1060.40,1055.00,1060.40,150,113625,1005.86,1053.00,1062.05
04.03.21 09:50:59,1061.65,1061.65,1050.90,1050.90,300,113625,1007.07,1028.10,1040.60
04.03.21 09:51:59,1036.60,1036.60,1036.55,1036.55,300,113625,1007.77,1028.10,1036.05
04.03.21 09:52:59,1029.25,1029.25,1029.25,1029.25,75,113625,1007.90,1031.50,1039.85
04.03.21 09:53:59,1044.10,1044.10,1034.00,1034.00,225,113625,1008.44,1028.50,1039.75
04.03.21 09:55:59,1034.30,1034.30,1028.00,1028.00,300,113625,1008.92,1020.20,1028.45
04.03.21 09:57:59,1024.10,1024.10,1024.10,1024.10,75,113625,1009.01,1015.35,1024.25
04.03.21 09:58:59,1024.15,1024.20,1020.00,1023.45,375,113625,1009.37,1023.40,1027.10
04.03.21 09:59:59,1027.05,1030.80,1020.00,1020.00,450,113625,1009.89,1016.50,1024.40
04.03.21 10:00:59,1029.60,1029.60,1026.55,1026.55,225,113625,1010.17,1019.10,1028.05
04.03.21 10:01:59,1029.00,1029.00,1029.00,1029.00,75,113625,1010.27,1011.90,1022.30
04.03.21 10:03:59,1004.75,1004.75,1004.75,1004.75,75,113775,1010.24,1013.65,1022.85
04.03.21 10:04:59,1020.00,1020.00,1020.00,1020.00,75,113775,1010.29,1009.70,1021.70
04.03.21 10:07:59,1015.00,1015.00,1015.00,1015.00,75,113775,1010.31,1001.65,1012.90
04.03.21 10:10:59,1005.00,1005.00,1005.00,1005.00,75,113775,1010.28,995.50,1006.50
04.03.21 10:11:59,998.70,998.70,998.50,998.50,150,113775,1010.17,989.65,1000.00
04.03.21 10:12:59,1000.00,1000.00,1000.00,1000.00,75,113775,1010.12,999.30,1009.80
04.03.21 10:13:59,1009.75,1010.20,1009.75,1009.80,225,113775,1010.11,989.15,998.90
04.03.21 10:15:59,991.55,991.55,991.55,991.55,150,113925,1009.93,995.65,1008.40
04.03.21 10:16:59,1003.85,1003.85,1003.25,1003.25,225,113925,1009.84,992.55,1004.30
04.03.21 10:21:59,1019.45,1023.35,1019.45,1023.35,150,114000,1009.95,1015.15,1024.15
04.03.21 10:22:59,1023.00,1023.00,1023.00,1023.00,75,0,1010.01,1018.35,1026.70
04.03.21 10:23:59,1020.00,1020.00,1020.00,1020.00,75,114000,1010.06,1015.10,1026.40
04.03.21 10:25:59,1020.00,1020.00,1015.00,1015.00,150,114000,1010.13,1002.05,1013.40
04.03.21 10:28:59,1000.00,1000.00,1000.00,1000.00,150,114000,1010.03,991.85,1001.80
04.03.21 10:32:59,988.85,988.85,988.45,988.45,150,114150,1009.84,975.70,987.00
04.03.21 10:34:59,984.50,984.50,984.50,984.50,75,114150,1009.72,973.05,984.40
04.03.21 10:35:59,980.00,985.00,980.00,985.00,150,114075,1009.47,977.85,988.10
04.03.21 10:36:59,985.00,985.00,980.00,980.00,150,114075,1009.23,976.05,984.65
04.03.21 10:40:59,985.30,990.00,985.30,990.00,225,114225,1008.94,981.45,993.95
04.03.21 10:41:59,990.00,1000.35,990.00,994.85,450,114375,1008.55,982.60,994.85
04.03.21 10:42:59,994.85,994.85,992.95,992.95,150,114375,1008.43,975.85,987.15
04.03.21 10:43:59,985.00,985.00,985.00,985.00,75,114375,1008.33,971.95,983.15
04.03.21 10:45:59,988.75,988.75,988.75,988.75,75,114375,1008.25,977.55,990.75
04.03.21 10:47:59,980.00,980.00,980.00,980.00,75,114375,1008.13,978.00,980.30
04.03.21 10:48:59,978.00,978.00,978.00,978.00,75,114450,1008.00,980.50,993.70
04.03.21 10:49:59,990.00,990.00,990.00,990.00,75,114450,1007.93,980.75,994.05
04.03.21 10:51:59,985.00,985.00,985.00,985.00,75,114525,1007.83,976.35,987.85
04.03.21 10:52:59,985.00,985.00,985.00,985.00,75,114525,1007.73,976.75,988.75
04.03.21 10:55:59,995.00,995.00,990.00,990.00,150,114525,1007.61,990.05,998.30
04.03.21 10:56:59,995.00,1000.00,995.00,1000.00,225,114525,1007.50,989.80,1000.00
04.03.21 10:59:59,990.00,990.00,990.00,990.00,75,114525,1007.43,981.55,993.05
04.03.21 11:00:59,991.40,991.40,991.40,991.40,150,114525,1007.30,985.00,988.85
04.03.21 11:01:59,990.00,992.00,990.00,991.80,225,114525,1007.11,980.75,992.55
04.03.21 11:08:59,985.00,985.00,980.00,980.00,150,114750,1006.91,971.75,980.65
04.03.21 11:09:59,975.00,975.00,975.00,975.00,75,114750,1006.79,956.65,970.20
04.03.21 11:10:59,950.00,950.00,950.00,950.00,150,114750,1006.34,929.85,942.10
04.03.21 11:12:59,940.00,940.00,938.95,938.95,225,114825,1005.57,926.75,940.25
04.03.21 11:13:59,941.75,941.75,941.75,941.75,75,114825,1005.33,935.05,941.75
04.03.21 11:14:59,941.70,941.70,935.00,935.00,225,114825,1004.58,922.65,935.65
04.03.21 11:15:59,940.00,940.25,940.00,940.25,225,115050,1003.85,931.25,940.30
04.03.21 11:16:59,940.65,940.90,940.65,940.90,150,115050,1003.38,935.40,946.05
04.03.21 11:17:59,919.05,919.05,919.05,919.05,75,115050,1003.07,911.50,921.25
04.03.21 11:18:59,913.60,925.00,913.60,925.00,150,114600,1002.46,917.70,929.95
04.03.21 11:19:59,925.95,928.10,925.65,925.65,225,114600,1001.63,917.55,926.60
04.03.21 11:20:59,925.00,926.00,921.65,925.65,825,114675,998.66,917.75,926.45
04.03.21 11:21:59,920.00,920.00,920.00,920.00,75,114675,998.38,916.05,924.40
04.03.21 11:23:59,923.00,923.00,923.00,923.00,75,114675,998.12,918.40,926.75
04.03.21 11:24:59,939.45,939.45,939.45,939.45,75,114675,997.92,931.05,943.75
04.03.21 11:25:59,941.20,941.20,939.65,939.65,150,114675,997.52,923.25,933.05
04.03.21 11:27:59,940.00,940.00,940.00,940.00,150,114750,997.13,935.20,948.15
04.03.21 11:31:59,945.00,945.00,945.00,945.00,75,114750,996.95,932.80,942.10
04.03.21 11:33:59,935.00,935.00,935.00,935.00,225,114825,996.33,928.25,937.55
04.03.21 11:34:59,932.00,940.00,932.00,940.00,375,114825,995.33,932.05,943.05
04.03.21 11:36:59,934.65,937.95,934.65,935.00,375,114825,994.38,929.40,937.55
04.03.21 11:37:59,935.00,935.00,928.80,928.80,150,114825,993.97,920.45,930.00
04.03.21 11:38:59,930.00,930.00,930.00,930.00,150,114825,993.56,919.65,931.00
04.03.21 11:39:59,924.35,924.35,920.00,920.00,750,114825,991.36,905.25,918.15
04.03.21 11:40:59,915.00,915.00,905.00,907.55,225,114825,990.60,903.20,917.15
04.03.21 11:43:59,910.05,910.05,910.05,910.05,225,114825,989.86,904.75,916.95
04.03.21 11:44:59,916.85,916.85,915.00,915.00,150,114825,989.41,909.65,922.20
04.03.21 11:46:59,910.00,910.00,910.00,910.00,75,114900,989.17,903.35,915.05
04.03.21 11:48:59,920.10,920.10,920.00,920.00,150,114900,988.76,912.85,925.10
04.03.21 11:49:59,925.00,925.00,925.00,925.00,75,114900,988.56,915.65,926.75
04.03.21 11:51:59,925.00,925.00,925.00,925.00,75,114900,988.37,917.90,926.75
04.03.21 11:52:59,925.00,925.00,925.00,925.00,75,114900,988.19,918.85,928.75
04.03.21 11:53:59,925.00,925.00,925.00,925.00,75,114900,988.00,920.90,930.55
04.03.21 11:54:59,936.85,936.85,936.85,936.85,75,114825,987.85,927.20,937.45
04.03.21 11:55:59,935.00,935.00,935.00,935.00,75,114825,987.69,928.15,939.45
04.03.21 11:59:59,925.00,925.00,925.00,925.00,75,114900,987.50,921.90,932.80
04.03.21 12:00:59,930.00,930.00,930.00,930.00,75,114900,987.33,928.75,937.95
04.03.21 12:02:59,930.00,930.00,930.00,930.00,150,114900,987.00,926.75,937.65
04.03.21 12:04:59,932.00,932.00,932.00,932.00,75,115125,986.84,933.55,943.70
04.03.21 12:09:59,935.00,935.00,935.00,935.00,75,115350,986.69,935.00,943.10
04.03.21 12:10:59,940.00,940.00,940.00,940.00,75,115350,986.55,935.10,944.95
04.03.21 12:12:59,940.00,940.00,940.00,940.00,75,115500,986.42,934.75,944.60
04.03.21 12:14:59,940.00,941.00,940.00,941.00,150,115500,986.15,933.30,942.95
04.03.21 12:18:59,940.00,940.00,940.00,940.00,1275,115500,984.00,935.40,946.15
04.03.21 12:23:59,930.00,930.00,930.00,930.00,75,115875,983.86,922.20,931.85
04.03.21 12:24:59,930.00,930.00,930.00,930.00,75,116025,983.71,924.85,934.25
04.03.21 12:26:59,928.00,928.00,928.00,928.00,75,116025,983.56,917.45,926.70
04.03.21 12:29:59,919.95,919.95,919.95,919.95,300,116250,982.87,912.45,919.95
04.03.21 12:30:59,920.00,920.00,920.00,920.00,150,116325,982.54,915.05,923.90
04.03.21 12:31:59,920.00,920.00,920.00,920.00,75,116325,982.37,911.30,920.90
04.03.21 12:32:59,920.00,920.00,920.00,920.00,300,116325,981.71,911.50,921.35
04.03.21 12:33:59,915.00,915.00,915.00,915.00,75,116325,981.54,903.85,914.55
04.03.21 12:34:59,910.00,910.00,910.00,910.00,75,116325,981.35,903.45,913.55
04.03.21 12:35:59,915.00,915.00,915.00,915.00,150,116325,981.00,909.65,918.45
04.03.21 12:37:59,915.00,915.00,915.00,915.00,75,116325,980.83,911.10,921.45
04.03.21 12:38:59,915.00,915.00,915.00,915.00,75,116325,980.66,906.65,915.20
04.03.21 12:40:59,900.00,900.00,900.00,900.00,225,116325,980.04,896.15,903.50
04.03.21 12:41:59,900.00,900.00,900.00,900.00,75,116325,979.83,890.10,898.75
04.03.21 12:42:59,900.00,900.00,900.00,900.00,75,116325,979.63,894.15,903.00
04.03.21 12:45:59,905.00,905.00,905.00,905.00,75,116325,979.44,893.85,905.75
04.03.21 12:47:59,900.00,901.00,900.00,901.00,600,116325,977.86,892.05,901.25
04.03.21 12:48:59,900.00,900.00,898.00,898.00,150,116325,977.47,890.15,899.15
04.03.21 12:51:59,910.85,910.85,910.00,910.00,150,116325,977.13,902.55,910.05
04.03.21 12:54:59,898.00,898.00,898.00,898.00,75,116325,976.94,893.30,900.80
04.03.21 12:55:59,893.00,893.00,885.00,885.00,150,116325,976.51,877.80,889.15
04.03.21 13:00:59,891.70,891.70,891.70,891.70,75,116325,976.30,882.50,892.60
04.03.21 13:02:59,900.00,900.00,900.00,900.00,225,116325,975.74,894.05,902.85
04.03.21 13:04:59,902.90,902.90,902.90,902.90,75,116325,975.56,897.40,906.05
04.03.21 13:06:59,904.95,905.00,904.95,905.00,150,116400,975.22,905.00,908.35
04.03.21 13:07:59,905.00,905.00,905.00,905.00,225,116400,974.71,899.55,907.60
04.03.21 13:08:59,900.00,900.00,900.00,900.00,75,116400,974.53,891.10,900.30
04.03.21 13:15:59,883.65,883.65,883.65,883.65,75,116550,974.32,880.55,893.25
04.03.21 13:18:59,893.10,893.10,890.00,890.00,150,116550,973.92,882.25,895.95
04.03.21 13:20:59,890.00,890.00,890.00,890.00,375,116550,972.94,900.05,910.50
04.03.21 13:21:59,900.00,900.00,900.00,900.00,150,116625,972.60,900.05,908.30
04.03.21 13:23:59,913.95,920.00,913.95,920.00,675,116625,971.43,907.85,919.45
04.03.21 13:24:59,917.60,917.60,915.00,915.00,150,116700,971.17,907.90,919.15
04.03.21 13:25:59,915.00,915.00,905.00,905.00,225,116700,970.75,912.85,922.80
04.03.21 13:26:59,920.00,926.95,920.00,926.95,300,116700,970.33,920.95,931.55
04.03.21 13:27:59,930.00,930.00,930.00,930.00,75,116700,970.24,918.20,934.50
04.03.21 13:28:59,930.00,930.00,930.00,930.00,75,116700,970.15,919.90,931.95
04.03.21 13:29:59,925.00,925.00,925.00,925.00,150,116700,969.95,919.10,929.00
04.03.21 13:30:59,925.00,925.00,925.00,925.00,75,116700,969.85,904.95,918.50
04.03.21 13:31:59,915.00,915.00,915.00,915.00,75,116700,969.73,901.15,913.60
04.03.21 13:32:59,905.00,905.00,905.00,905.00,75,116700,969.58,898.65,911.85
04.03.21 13:38:59,909.90,909.90,909.90,909.90,600,116700,968.54,905.20,917.25
04.03.21 13:39:59,910.00,910.00,910.00,910.00,75,116700,968.42,902.75,913.85
04.03.21 13:45:59,929.85,930.00,929.85,930.00,300,116700,968.09,915.05,927.90
04.03.21 13:46:59,930.00,930.00,930.00,930.00,75,116700,968.00,923.95,934.50
04.03.21 13:48:59,928.00,928.00,928.00,928.00,75,116700,967.92,906.35,916.60
04.03.21 13:51:59,909.85,909.85,909.85,909.85,75,116925,967.79,902.35,916.60
04.03.21 13:52:59,910.00,920.00,910.00,920.00,225,116925,967.47,913.65,927.20
04.03.21 13:53:59,920.00,920.00,920.00,920.00,150,116925,967.27,925.00,929.10
04.03.21 13:54:59,925.00,930.00,925.00,930.00,150,116925,967.10,923.65,934.70
04.03.21 13:56:59,949.75,949.75,949.75,949.75,75,116925,967.06,934.70,945.55
04.03.21 13:57:59,940.00,940.00,940.00,940.00,75,116925,967.01,932.95,943.65
04.03.21 13:58:59,940.35,940.35,940.35,940.35,75,117000,966.95,944.80,950.00
04.03.21 13:59:59,950.00,950.00,949.95,950.00,600,117000,966.67,949.20,961.30
04.03.21 14:00:59,960.00,960.00,960.00,960.00,150,117000,966.64,954.40,965.10
04.03.21 14:13:59,920.00,920.00,920.00,920.00,75,117075,966.55,917.95,927.70
04.03.21 14:23:59,920.00,922.90,920.00,922.90,150,117075,966.37,913.85,924.35
04.03.21 14:25:59,920.00,920.00,920.00,920.00,75,123600,966.27,915.40,925.65
04.03.21 14:38:59,924.10,924.10,924.10,924.10,150,123675,966.10,928.00,935.25
04.03.21 14:40:59,940.00,940.00,940.00,940.00,75,123750,966.05,930.50,942.10
04.03.21 14:43:59,950.00,950.00,950.00,950.00,150,123750,965.99,943.00,951.20
04.03.21 14:45:59,950.00,950.00,950.00,950.00,150,123825,965.92,943.90,953.10
04.03.21 14:46:59,950.00,950.00,950.00,950.00,150,123825,965.86,944.40,955.00
04.03.21 14:51:59,935.00,935.00,935.00,935.00,150,124125,965.73,930.80,940.75
04.03.21 14:58:59,940.35,940.35,940.35,940.35,150,124125,965.63,935.40,950.30
04.03.21 15:05:59,986.00,986.00,986.00,986.00,150,124125,965.71,981.30,988.70
04.03.21 15:06:59,995.25,996.00,995.25,996.00,150,124125,965.83,985.60,996.45
04.03.21 15:07:59,986.20,986.20,982.00,982.00,150,124125,965.90,982.05,989.70
04.03.21 15:08:59,982.00,982.00,982.00,982.00,150,124125,965.97,979.40,988.50
04.03.21 15:10:59,975.00,975.00,975.00,975.00,150,124500,966.00,976.20,984.95
04.03.21 15:14:59,975.00,975.00,975.00,975.00,75,124575,966.02,975.15,984.65
04.03.21 15:17:59,990.00,990.00,990.00,990.00,75,124575,966.07,983.05,993.10
04.03.21 15:21:59,989.90,989.90,989.90,989.90,75,124650,966.11,982.70,993.30
04.03.21 15:22:59,990.00,990.00,990.00,990.00,75,124575,966.16,985.15,994.75
04.03.21 15:23:59,990.20,990.20,990.20,990.20,75,124575,966.20,984.70,993.40
04.03.21 15:24:59,984.70,989.00,984.70,989.00,450,124575,966.43,985.20,992.45
04.03.21 15:25:59,990.65,990.65,990.00,990.00,150,124950,966.52,984.35,994.25
04.03.21 15:26:59,991.10,991.10,991.10,991.10,300,124950,966.70,985.25,995.15
04.03.21 15:30:00,975.15,975.15,975.15,975.15,75,124950,966.72,975.10,988.55
05.03.21 09:15:59,1100.00,1100.00,1100.00,1100.00,300,124875,1100.00,1089.70,1122.85
05.03.21 09:17:59,1100.00,1101.90,1090.00,1090.00,225,125025,1098.84,1082.85,1100.25
05.03.21 09:18:59,1075.00,1075.00,1075.00,1075.00,150,125025,1093.54,1066.85,1078.25
05.03.21 09:21:59,1085.00,1085.00,1085.00,1085.00,75,125250,1092.69,1076.55,1092.35
05.03.21 09:23:59,1090.00,1090.00,1085.00,1085.00,300,125250,1091.56,1075.00,1086.90
05.03.21 09:25:59,1058.00,1058.00,1058.00,1058.00,150,125250,1087.36,1053.95,1064.95
05.03.21 09:26:59,1065.00,1065.00,1065.00,1065.00,1200,125550,1076.18,1053.30,1066.85
05.03.21 09:28:59,1070.00,1070.00,1070.00,1070.00,75,125550,1075.99,1062.25,1070.00
05.03.21 09:29:59,1070.00,1070.00,1070.00,1070.00,1650,125550,1073.59,1070.00,1079.80
05.03.21 09:30:59,1080.00,1080.00,1080.00,1080.00,75,127125,1073.71,1072.35,1087.05
05.03.21 09:31:59,1080.00,1080.00,1080.00,1080.00,75,127125,1073.82,1080.65,1096.30
05.03.21 09:32:59,1084.00,1084.00,1084.00,1084.00,75,127200,1073.99,1079.80,1094.15
05.03.21 09:34:59,1090.00,1100.00,1090.00,1100.00,375,127200,1075.90,1093.05,1100.00
05.03.21 09:35:59,1100.00,1100.00,1100.00,1100.00,900,127275,1079.75,1100.05,1114.75
05.03.21 09:36:59,1100.00,1100.00,1098.00,1098.00,225,127275,1080.49,1091.65,1098.00
05.03.21 09:37:59,1090.00,1090.00,1090.00,1090.00,1200,127275,1082.11,1087.85,1104.25
05.03.21 09:39:59,1085.10,1085.10,1085.10,1085.10,75,127575,1082.14,1072.55,1087.55
05.03.21 09:41:59,1070.00,1070.00,1065.00,1065.00,150,127650,1081.84,1060.00,1071.95
05.03.21 09:42:59,1060.00,1060.00,1060.00,1060.00,225,127650,1081.19,1051.95,1060.00
05.03.21 09:43:59,1060.00,1060.00,1055.00,1055.00,150,127650,1080.72,1053.00,1056.20
05.03.21 09:44:59,1053.00,1053.00,1050.00,1050.00,300,127650,1079.59,1034.70,1046.35
05.03.21 09:45:59,1040.00,1040.00,1040.00,1040.00,75,128175,1079.22,1030.65,1043.70
05.03.21 09:47:59,1040.00,1040.00,1039.50,1039.50,225,128250,1078.15,1025.00,1033.95
05.03.21 09:48:59,1033.90,1033.90,1033.90,1033.90,75,128250,1077.75,1030.30,1042.10
05.03.21 09:50:59,1026.05,1026.05,1026.05,1026.05,75,128250,1077.28,1025.05,1035.95
05.03.21 09:51:59,1035.05,1035.05,1035.00,1035.00,2850,128400,1066.57,1035.00,1039.50
05.03.21 09:52:59,1040.00,1040.00,1040.00,1040.00,75,128400,1066.40,1035.60,1046.00
05.03.21 09:55:59,1020.00,1020.00,1020.00,1020.00,75,131175,1066.09,1020.00,1031.25
05.03.21 09:58:59,1030.00,1030.00,1030.00,1030.00,75,131250,1065.85,1025.00,1034.75
05.03.21 09:59:59,1028.00,1028.00,1028.00,1028.00,75,131325,1065.61,1016.00,1025.55
05.03.21 10:00:59,1015.00,1015.00,1015.00,1015.00,75,131325,1065.28,1010.65,1022.80
05.03.21 10:05:59,1040.00,1040.00,1040.00,1040.00,75,131400,1065.12,1031.25,1043.15
05.03.21 10:09:59,1010.00,1010.00,1010.00,1010.00,750,131475,1061.80,1000.80,1011.35
05.03.21 10:10:59,1000.00,1000.00,999.00,1000.00,300,131475,1060.34,1001.35,1011.30
05.03.21 10:15:59,1020.00,1020.00,1020.00,1020.00,75,132450,1060.10,1020.35,1031.05
05.03.21 10:17:59,1030.00,1030.00,1025.00,1025.00,3675,131850,1052.91,1024.70,1035.55
05.03.21 10:20:59,1044.00,1049.00,1044.00,1049.00,150,129825,1052.85,1035.35,1044.20
05.03.21 10:24:59,1050.00,1050.00,1050.00,1050.00,75,129750,1052.84,1042.65,1051.65
05.03.21 10:33:59,1045.00,1045.00,1045.00,1045.00,75,129825,1052.80,1035.45,1046.55
05.03.21 10:34:59,1036.00,1036.00,1036.00,1036.00,75,129825,1052.73,1031.15,1043.85
05.03.21 10:40:59,1060.00,1060.00,1060.00,1060.00,675,129975,1053.01,1058.95,1060.00
05.03.21 10:41:59,1060.00,1060.00,1060.00,1060.00,75,129975,1053.04,1064.95,1074.90
05.03.21 10:42:59,1064.30,1064.30,1064.30,1064.30,75,130275,1053.08,1060.65,1071.90
05.03.21 10:55:59,1100.00,1101.00,1100.00,1101.00,600,130275,1054.63,1079.70,1093.25
05.03.21 10:57:59,1086.75,1086.75,1086.75,1086.75,75,130200,1054.76,1075.45,1086.70
05.03.21 10:58:59,1080.00,1080.00,1080.00,1080.00,675,130200,1055.65,1086.75,1098.85
05.03.21 11:00:59,1100.00,1100.05,1100.00,1100.05,225,130125,1056.17,1100.05,1105.00
05.03.21 11:01:59,1102.00,1102.00,1102.00,1102.00,75,130125,1056.35,1078.70,1092.35
05.03.21 11:02:59,1088.00,1088.00,1088.00,1088.00,75,130125,1056.47,1086.15,1097.50
05.03.21 11:06:59,1075.00,1075.00,1075.00,1075.00,75,130200,1056.54,1065.35,1077.75
05.03.21 11:10:59,1075.20,1075.20,1075.20,1075.20,150,130125,1056.68,1066.70,1078.70
05.03.21 11:28:59,1040.00,1040.00,1040.00,1040.00,150,130050,1056.56,1039.65,1040.00
05.03.21 11:29:59,1040.00,1040.00,1040.00,1040.00,225,130050,1056.37,1041.15,1049.85
05.03.21 11:30:59,1050.00,1050.00,1050.00,1050.00,300,130050,1056.28,1044.45,1050.00
05.03.21 11:31:59,1040.00,1040.00,1040.00,1040.00,75,130050,1056.22,1037.20,1045.70
05.03.21 11:40:59,1038.40,1038.45,1037.00,1038.45,450,130275,1055.82,1040.65,1042.95
05.03.21 11:46:59,1050.45,1050.45,1050.45,1050.45,75,130575,1055.80,1040.45,1044.15
05.03.21 11:48:59,1040.00,1040.00,1040.00,1040.00,75,130575,1055.74,1037.70,1042.00
05.03.21 11:59:59,1067.00,1067.00,1067.00,1067.00,75,130575,1055.78,1061.50,1069.50
05.03.21 12:06:59,1075.00,1079.30,1075.00,1079.30,300,130575,1056.08,1075.00,1076.95
05.03.21 12:07:59,1075.00,1076.15,1075.00,1076.15,675,130575,1056.66,1067.10,1072.40
05.03.21 12:09:59,1075.00,1075.00,1075.00,1075.00,450,130425,1057.03,1072.95,1077.80
05.03.21 12:11:59,1065.00,1069.30,1065.00,1069.30,300,130425,1057.16,1069.70,1070.00
05.03.21 12:12:59,1074.30,1074.30,1074.30,1074.30,300,131175,1057.36,1071.70,1076.00
05.03.21 12:13:59,1066.05,1066.05,1066.05,1066.05,75,131175,1057.39,1064.60,1065.95
05.03.21 12:14:59,1063.45,1065.10,1063.45,1065.10,300,131175,1057.47,1050.85,1058.90
05.03.21 12:30:59,1035.00,1035.00,1035.00,1035.00,150,131625,1057.33,1027.15,1034.80
05.03.21 12:37:59,1045.00,1045.00,1045.00,1045.00,150,131775,1057.25,1042.35,1053.60
05.03.21 13:01:59,1050.00,1050.00,1050.00,1050.00,75,131850,1057.23,1045.90,1058.95
05.03.21 13:05:59,1059.00,1059.00,1059.00,1059.00,150,131850,1057.24,1061.50,1071.45
05.03.21 13:12:59,1051.35,1051.35,1051.35,1051.35,150,131775,1057.20,1041.30,1050.25
05.03.21 13:22:59,1061.25,1063.55,1061.25,1063.55,150,131925,1057.23,1052.30,1063.70
05.03.21 13:23:59,1050.00,1050.00,1050.00,1050.00,150,131925,1057.19,1038.95,1050.20
05.03.21 13:24:59,1048.40,1048.40,1045.00,1045.00,150,132150,1057.12,1034.75,1046.10
05.03.21 13:38:59,1075.10,1080.35,1075.10,1080.35,225,132225,1057.32,1080.15,1092.00
05.03.21 13:39:59,1080.00,1080.00,1080.00,1080.00,225,132450,1057.52,1076.45,1089.60
05.03.21 13:41:59,1099.20,1099.20,1095.00,1095.00,150,132450,1057.76,1090.00,1098.55
05.03.21 13:42:59,1098.45,1098.45,1090.00,1090.00,150,132825,1057.97,1081.10,1090.75
05.03.21 13:43:59,1090.00,1090.00,1090.00,1090.00,75,132825,1058.07,1073.25,1083.80
05.03.21 13:45:59,1100.00,1100.00,1098.15,1098.15,150,132975,1058.31,1090.00,1098.40
05.03.21 13:46:59,1090.00,1090.00,1090.00,1090.00,75,132975,1058.40,1076.20,1087.95
05.03.21 13:49:59,1080.00,1084.70,1080.00,1084.70,1425,133125,1059.55,1084.50,1096.35
05.03.21 13:53:59,1099.00,1122.65,1099.00,1122.65,1050,134475,1061.25,1126.50,1139.00
05.03.21 13:54:59,1130.50,1130.55,1130.50,1130.50,150,134475,1061.62,1136.90,1145.00
05.03.21 13:55:59,1145.00,1161.95,1145.00,1160.00,375,134475,1062.83,1154.40,1168.90
05.03.21 13:56:59,1150.00,1150.00,1150.00,1150.00,225,134475,1063.51,1136.40,1149.15
05.03.21 13:58:59,1145.00,1145.00,1139.50,1139.50,225,134475,1064.13,1123.80,1136.40
05.03.21 13:59:59,1120.65,1120.65,1120.65,1120.65,75,134475,1064.27,1130.05,1134.90
05.03.21 14:00:59,1133.85,1147.35,1133.85,1147.35,2400,134475,1070.14,1135.00,1141.85
05.03.21 14:02:59,1145.00,1145.00,1145.00,1145.00,75,0,1070.32,1138.85,1147.50
05.03.21 14:03:59,1150.00,1150.00,1150.00,1150.00,75,134475,1070.51,1144.90,1159.50
05.03.21 14:04:59,1155.00,1155.00,1155.00,1155.00,75,134475,1070.71,1145.35,1161.45
05.03.21 14:05:59,1165.00,1175.00,1165.00,1175.00,225,134475,1071.41,1167.95,1179.50
05.03.21 14:06:59,1180.00,1183.45,1175.35,1183.45,450,134400,1072.90,1166.25,1177.65
05.03.21 14:07:59,1175.00,1175.00,1175.00,1175.00,75,134400,1073.14,1155.00,1168.65
05.03.21 14:08:59,1157.00,1157.00,1157.00,1157.00,75,134400,1073.33,1150.35,1162.15
05.03.21 14:09:59,1155.00,1155.00,1155.00,1155.00,225,134475,1073.89,1154.95,1165.30
05.03.21 14:10:59,1179.00,1179.00,1176.75,1176.75,150,134475,1074.36,1162.45,1176.45
05.03.21 14:12:59,1180.30,1180.30,1180.30,1180.30,75,134550,1074.60,1168.45,1180.75
05.03.21 14:13:59,1180.35,1180.35,1180.35,1180.35,75,134550,1074.84,1158.35,1167.15
05.03.21 14:14:59,1159.15,1159.15,1150.30,1150.30,525,134550,1076.14,1151.20,1159.70
05.03.21 14:15:59,1168.30,1175.00,1168.30,1175.00,450,134250,1077.43,1166.00,1175.00
05.03.21 14:16:59,1175.00,1180.00,1175.00,1180.00,225,134250,1078.09,1165.05,1178.05
05.03.21 14:18:59,1165.00,1165.00,1160.00,1160.00,150,134475,1078.45,1136.45,1152.60
05.03.21 14:21:59,1140.00,1140.00,1140.00,1140.00,75,134475,1078.59,1120.10,1134.65
05.03.21 14:25:59,1155.00,1155.00,1155.00,1155.00,1350,134475,1081.46,1142.20,1155.45
05.03.21 14:29:59,1150.00,1150.00,1150.00,1150.00,75,134700,1081.60,1143.70,1156.00
05.03.21 14:36:59,1134.65,1144.35,1134.65,1144.35,150,134775,1081.84,1128.20,1140.90
05.03.21 14:37:59,1140.40,1140.40,1140.40,1140.40,150,134775,1082.08,1127.80,1139.95
05.03.21 14:39:59,1128.20,1136.00,1128.20,1136.00,150,134925,1082.29,1134.50,1141.00
05.03.21 14:40:59,1141.00,1141.00,1141.00,1141.00,75,134925,1082.41,1146.35,1157.55
05.03.21 14:42:59,1150.00,1150.00,1150.00,1150.00,75,134925,1082.55,1146.20,1158.75
05.03.21 14:48:59,1160.00,1160.00,1160.00,1160.00,150,134850,1082.86,1144.50,1157.75
05.03.21 14:50:59,1150.00,1150.00,1150.00,1150.00,75,134850,1083.00,1149.55,1162.45
05.03.21 14:52:59,1140.00,1140.00,1133.45,1133.45,150,134925,1083.22,1131.45,1141.40
05.03.21 14:56:59,1150.00,1150.00,1150.00,1150.00,75,134850,1083.35,1142.35,1155.65
05.03.21 14:59:59,1150.00,1150.00,1150.00,1150.00,525,134850,1084.29,1150.00,1159.50
05.03.21 15:00:59,1150.00,1150.00,1150.00,1150.00,75,134850,1084.42,1153.10,1164.35
05.03.21 15:01:59,1171.95,1171.95,1165.00,1165.00,150,135375,1084.75,1154.50,1167.90
05.03.21 15:02:59,1165.95,1165.95,1165.95,1165.95,75,135375,1084.91,1138.80,1150.20
05.03.21 15:03:59,1139.15,1139.15,1139.15,1139.15,1275,135450,1086.68,1136.70,1139.15
05.03.21 15:04:59,1139.15,1148.65,1139.15,1140.00,300,135450,1087.12,1124.10,1138.85
05.03.21 15:05:59,1141.95,1143.30,1140.00,1142.70,300,135450,1087.53,1126.20,1142.05
05.03.21 15:06:59,1138.80,1138.80,1138.80,1138.80,75,135450,1087.63,1107.55,1120.10
05.03.21 15:08:59,1125.00,1125.00,1125.00,1125.00,75,136500,1087.70,1115.35,1126.70
05.03.21 15:12:59,1115.00,1115.00,1115.00,1115.00,75,136500,1087.75,1096.95,1116.25
05.03.21 15:13:59,1115.00,1115.00,1115.00,1115.00,75,0,1087.80,1103.80,1113.65
05.03.21 15:17:59,1119.55,1119.55,1119.55,1119.55,150,136500,1087.92,1108.90,1119.25
05.03.21 15:18:59,1118.95,1118.95,1118.95,1118.95,75,0,1087.98,1103.00,1106.30
05.03.21 15:19:59,1104.00,1104.00,1104.00,1104.00,75,136650,1088.01,1098.75,1110.95
05.03.21 15:24:59,1100.00,1100.00,1100.00,1100.00,75,136650,1088.03,1093.95,1102.00
05.03.21 15:26:59,1095.15,1095.15,1095.15,1095.15,75,136650,1088.04,1090.50,1098.10
08.03.21 09:17:59,1060.00,1060.00,1036.75,1036.75,150,136575,1048.37,1040.10,1057.90
08.03.21 09:19:59,1038.00,1038.00,1031.05,1031.05,150,136575,1041.45,1030.00,1038.80
08.03.21 09:23:59,1047.95,1047.95,1047.95,1047.95,75,136500,1042.75,1031.70,1045.90
08.03.21 09:24:59,1042.05,1042.05,1035.00,1035.00,150,136500,1041.54,1031.25,1044.40
08.03.21 09:29:59,1026.65,1026.65,1026.65,1026.65,450,0,1035.45,1023.95,1036.20
08.03.21 09:33:59,1026.65,1026.65,1026.65,1026.65,1275,136350,1030.46,1022.00,1031.60
08.03.21 09:36:59,1028.00,1028.00,1022.00,1022.00,225,137625,1030.06,1020.00,1029.75
08.03.21 09:37:59,1030.05,1030.05,1030.05,1030.05,75,137625,1030.06,1020.00,1029.90
08.03.21 09:44:59,1033.65,1033.65,1033.65,1033.65,75,137550,1030.16,1024.15,1037.40
08.03.21 09:45:59,1030.00,1030.00,1030.00,1030.00,75,137550,1030.15,1018.35,1031.00
08.03.21 09:50:59,1000.00,1000.00,1000.00,1000.00,75,137700,1029.34,995.10,1007.95
08.03.21 09:52:59,981.50,981.50,981.50,981.50,75,137700,1028.08,982.55,993.65
08.03.21 09:55:59,990.00,990.00,990.00,990.00,75,137700,1027.10,983.05,994.25
08.03.21 09:57:59,990.00,990.00,990.00,990.00,75,137775,1026.18,982.40,992.40
08.03.21 10:01:59,970.00,970.00,970.00,970.00,75,137850,1024.80,963.65,972.50
08.03.21 10:06:59,970.30,970.30,970.30,970.30,150,137925,1022.27,965.00,968.50
08.03.21 10:07:59,965.00,965.00,965.00,965.00,75,137925,1020.97,956.05,967.90
08.03.21 10:10:59,965.00,965.00,965.00,965.00,75,138150,1019.72,962.70,974.80
08.03.21 10:12:59,967.00,967.00,965.00,965.00,150,138150,1017.44,955.60,967.75
08.03.21 10:13:59,970.00,970.00,970.00,970.00,75,138150,1016.45,960.25,972.05
08.03.21 10:14:59,972.00,972.00,972.00,972.00,75,138150,1015.54,963.55,975.00
08.03.21 10:16:59,986.05,986.05,980.00,980.00,675,138375,1010.86,970.15,981.95
08.03.21 10:19:59,985.00,985.00,985.00,985.00,150,138225,1009.99,976.70,987.85
08.03.21 10:23:59,970.00,970.00,970.00,970.00,75,138225,1009.34,963.70,974.55
08.03.21 10:26:59,975.00,975.00,975.00,975.00,75,138300,1008.78,973.45,985.40
08.03.21 10:30:59,980.00,980.00,980.00,980.00,225,138300,1007.46,971.95,983.95
08.03.21 10:31:59,984.00,990.00,984.00,990.00,225,138300,1006.52,982.40,995.00
08.03.21 10:32:59,995.00,995.00,995.00,995.00,75,138525,1006.36,990.00,997.00
08.03.21 10:34:59,995.00,995.00,991.00,991.00,225,138525,1005.77,990.00,992.65
08.03.21 10:35:59,990.00,990.00,990.00,990.00,150,138525,1005.36,985.25,996.50
08.03.21 10:37:59,990.00,990.00,990.00,990.00,75,138900,1005.15,983.95,995.60
08.03.21 10:39:59,1000.00,1000.00,1000.00,1000.00,75,138600,1005.09,990.45,1003.15
08.03.21 10:41:59,1009.65,1010.00,1009.65,1010.00,150,138225,1005.21,998.25,1010.50
08.03.21 10:42:59,1013.40,1032.00,1013.40,1032.00,300,138225,1006.23,1035.05,1044.60
08.03.21 10:43:59,1035.00,1035.00,1035.00,1035.00,75,138225,1006.58,1025.80,1038.50
08.03.21 10:44:59,1050.00,1050.00,1050.00,1050.00,75,138225,1007.10,1050.05,1061.85
08.03.21 10:47:59,1060.00,1060.00,1050.95,1050.95,225,138300,1008.77,1050.95,1056.00
08.03.21 10:48:59,1050.95,1053.10,1050.95,1053.10,150,138300,1009.74,1043.55,1050.00
08.03.21 10:49:59,1050.00,1050.00,1050.00,1050.00,75,138300,1010.19,1038.05,1051.70
08.03.21 10:52:59,1039.95,1039.95,1038.05,1038.05,225,138225,1011.12,1026.40,1037.60
08.03.21 10:53:59,1035.00,1035.00,1034.45,1034.45,150,138225,1011.62,1030.45,1041.95
08.03.21 10:54:59,1045.25,1045.25,1042.25,1042.45,225,138525,1012.59,1027.10,1039.15
08.03.21 10:55:59,1042.55,1048.80,1042.55,1048.80,150,138525,1013.25,1031.60,1043.25
08.03.21 10:56:59,1040.85,1040.85,1038.05,1038.05,600,138750,1014.84,1040.00,1044.25
08.03.21 10:57:59,1042.00,1042.00,1042.00,1042.00,75,138750,1015.09,1038.60,1050.05
08.03.21 10:58:59,1040.00,1040.00,1038.00,1040.00,300,138750,1015.96,1029.25,1040.85
08.03.21 11:00:59,1050.00,1050.00,1048.70,1048.70,225,139125,1016.82,1045.15,1053.60
08.03.21 11:01:59,1050.00,1050.00,1050.00,1050.00,225,139125,1017.66,1045.10,1055.00
08.03.21 11:02:59,1050.00,1050.00,1049.60,1049.60,150,139800,1018.19,1035.30,1049.85
08.03.21 11:03:59,1052.00,1055.00,1052.00,1055.00,225,139800,1019.06,1055.00,1058.65
08.03.21 11:04:59,1055.00,1055.00,1050.00,1050.00,150,139800,1019.59,1045.25,1056.80
08.03.21 11:05:59,1060.00,1060.00,1060.00,1060.00,150,139800,1020.22,1042.40,1051.25
08.03.21 11:06:59,1050.00,1050.00,1050.00,1050.00,75,140175,1020.45,1026.95,1038.45
08.03.21 11:07:59,1035.00,1035.00,1035.00,1035.00,75,140175,1020.56,1035.00,1043.05
08.03.21 11:08:59,1040.00,1040.10,1038.85,1038.85,300,140475,1021.13,1028.75,1039.10
08.03.21 11:09:59,1038.65,1040.00,1038.65,1040.00,150,140475,1021.40,1024.85,1036.80
08.03.21 11:10:59,1038.35,1045.00,1038.35,1045.00,150,140475,1021.70,1023.85,1035.45
08.03.21 11:11:59,1025.00,1025.00,1025.00,1025.00,75,140775,1021.72,1018.35,1028.15
08.03.21 11:12:59,1030.00,1030.00,1030.00,1030.00,75,140775,1021.78,1022.00,1029.20
08.03.21 11:13:59,1030.00,1033.00,1028.00,1028.00,225,140775,1021.96,1026.00,1030.45
08.03.21 11:14:59,1032.00,1032.00,1028.00,1028.00,150,141000,1022.07,1018.20,1028.95
08.03.21 11:15:59,1025.00,1025.00,1025.00,1025.00,75,141000,1022.09,1020.00,1026.05
08.03.21 11:16:59,1030.00,1030.00,1030.00,1030.00,75,141000,1022.14,1020.10,1029.75
08.03.21 11:17:59,1029.35,1029.35,1029.35,1029.35,75,141000,1022.19,1020.00,1027.10
08.03.21 11:18:59,1025.00,1025.00,1025.00,1025.00,150,141300,1022.23,1003.75,1015.65
08.03.21 11:19:59,1015.00,1015.00,1015.00,1015.00,75,141300,1022.18,1002.00,1012.10
08.03.21 11:20:59,1010.00,1010.00,1010.00,1010.00,75,141300,1022.10,998.65,1008.90
08.03.21 11:22:59,1016.00,1016.00,1016.00,1016.00,75,141600,1022.06,1015.00,1019.80
08.03.21 11:23:59,1025.70,1025.70,1020.00,1020.00,225,141600,1022.09,1020.00,1022.40
08.03.21 11:24:59,1022.00,1023.75,1022.00,1023.75,225,141900,1022.10,1013.20,1025.05
08.03.21 11:26:59,1026.00,1026.25,1026.00,1026.25,150,141900,1022.15,1015.60,1025.85
08.03.21 11:27:59,1023.05,1024.20,1020.35,1020.35,300,142275,1022.16,1008.10,1018.30
08.03.21 11:28:59,1020.00,1020.00,1018.35,1018.35,150,142275,1022.13,1025.00,1030.50
08.03.21 11:29:59,1030.60,1031.00,1030.00,1030.00,300,142800,1022.32,1019.65,1030.80
08.03.21 11:30:59,1030.85,1030.85,1030.85,1030.85,75,142800,1022.37,1013.85,1023.40
08.03.21 11:31:59,1025.00,1025.00,1024.95,1024.95,225,142800,1022.42,1016.00,1024.05
08.03.21 11:32:59,1015.00,1015.00,1014.25,1014.25,150,142950,1022.33,1010.00,1017.70
08.03.21 11:33:59,1015.00,1015.00,1015.00,1015.00,75,142950,1022.29,1010.00,1018.85
08.03.21 11:34:59,1010.00,1010.00,1010.00,1010.00,75,142950,1022.22,1002.85,1013.90
08.03.21 11:35:59,1010.00,1015.00,1010.00,1015.00,150,143100,1022.11,1010.00,1014.00
08.03.21 11:36:59,1013.85,1015.00,1013.85,1015.00,900,143100,1021.66,1001.20,1013.85
08.03.21 11:37:59,998.00,998.00,998.00,998.00,150,143100,1021.42,1000.10,1013.25
08.03.21 11:39:59,1015.00,1015.00,1015.00,1015.00,75,143400,1021.39,1006.65,1016.80
08.03.21 11:40:59,1019.75,1020.00,1015.00,1020.00,225,143400,1021.34,1011.55,1022.70
08.03.21 11:41:59,1020.00,1020.00,1020.00,1020.00,825,143400,1021.27,1011.70,1022.45
08.03.21 11:42:59,1024.10,1025.00,1024.10,1025.00,150,143625,1021.30,1009.40,1021.70
08.03.21 11:43:59,1020.00,1020.00,1020.00,1020.00,75,143625,1021.30,1013.35,1023.80
08.03.21 11:44:59,1023.40,1023.40,1023.40,1023.40,75,143625,1021.31,1024.30,1030.95
08.03.21 11:45:59,1024.25,1024.30,1023.00,1023.00,225,143775,1021.34,1015.85,1026.20
08.03.21 11:46:59,1032.30,1032.30,1032.30,1032.30,75,143775,1021.39,1032.00,1033.70
08.03.21 11:47:59,1032.00,1032.55,1026.70,1026.70,225,143775,1021.51,1016.70,1028.30
08.03.21 11:49:59,1032.70,1032.70,1032.70,1032.70,75,144000,1021.56,1030.00,1032.25
08.03.21 11:50:59,1030.00,1033.00,1030.00,1033.00,300,144300,1021.73,1023.20,1035.20
08.03.21 11:51:59,1032.00,1034.00,1032.00,1033.00,225,144300,1021.87,1020.30,1031.95
08.03.21 11:52:59,1030.00,1030.00,1030.00,1030.00,75,144300,1021.91,1017.35,1026.50
08.03.21 11:53:59,1026.80,1026.80,1026.80,1026.80,75,144300,1021.93,1016.20,1029.25
08.03.21 11:56:59,1022.60,1022.60,1018.35,1018.35,150,144600,1021.92,1007.95,1018.85
08.03.21 11:57:59,1018.00,1018.00,1018.00,1018.00,75,144750,1021.90,1011.75,1022.35
08.03.21 11:59:59,1022.00,1029.05,1022.00,1025.00,225,144825,1021.95,1021.00,1026.45
08.03.21 12:00:59,1021.00,1021.00,1021.00,1021.00,75,144825,1021.94,1009.20,1019.60
08.03.21 12:01:59,1022.40,1022.40,1022.40,1022.40,75,144825,1021.94,1025.00,1031.25
08.03.21 12:02:59,1029.45,1029.45,1029.45,1029.45,75,144825,1021.97,1025.00,1027.40
08.03.21 12:03:59,1030.00,1030.00,1030.00,1030.00,75,145125,1022.01,1022.00,1030.40
08.03.21 12:04:59,1030.00,1035.00,1030.00,1035.00,150,145125,1022.09,1023.20,1034.40
08.03.21 12:05:59,1035.90,1035.90,1032.85,1032.85,150,145425,1022.19,1032.85,1034.75
08.03.21 12:06:59,1032.85,1045.30,1032.85,1043.40,525,145425,1022.73,1033.10,1045.05
08.03.21 12:07:59,1044.10,1044.25,1042.80,1043.40,375,145425,1023.14,1040.00,1044.45
08.03.21 12:08:59,1044.10,1046.50,1044.10,1046.50,300,146175,1023.47,1044.00,1048.15
08.03.21 12:09:59,1047.15,1050.30,1047.15,1050.10,300,146175,1023.86,1040.70,1050.10
08.03.21 12:10:59,1050.10,1050.10,1046.55,1046.55,225,146175,1024.13,1036.25,1046.20
08.03.21 12:11:59,1046.05,1046.05,1040.20,1040.20,300,146175,1024.41,1029.55,1042.25
08.03.21 12:12:59,1042.80,1042.95,1042.45,1042.45,450,146700,1024.80,1027.10,1039.90
08.03.21 12:13:59,1040.00,1040.00,1040.00,1040.00,75,146700,1024.86,1040.00,1042.15
08.03.21 12:14:59,1040.00,1042.60,1040.00,1042.60,150,146700,1024.97,1031.55,1044.10
08.03.21 12:15:59,1044.00,1044.00,1040.00,1040.00,225,147225,1025.15,1031.15,1044.35
08.03.21 12:16:59,1040.00,1040.00,1040.00,1040.00,75,147225,1025.20,1024.70,1036.90
08.03.21 12:17:59,1035.00,1035.00,1035.00,1035.00,75,147225,1025.24,1024.85,1038.05
08.03.21 12:18:59,1040.00,1040.00,1040.00,1040.00,75,147375,1025.29,1029.95,1041.20
08.03.21 12:23:59,1036.85,1036.85,1035.35,1035.35,150,147375,1025.37,1023.25,1034.90
08.03.21 12:24:59,1037.45,1037.45,1037.45,1037.45,75,147525,1025.41,1028.45,1039.15
08.03.21 12:31:59,1038.90,1038.90,1038.90,1038.90,75,147525,1025.45,1023.20,1035.95
08.03.21 12:37:59,1030.00,1030.00,1030.00,1030.00,75,147600,1025.47,1020.25,1032.60
08.03.21 12:46:59,1065.00,1065.00,1065.00,1065.00,75,147600,1025.60,1060.25,1073.20
08.03.21 12:51:59,1065.00,1065.00,1065.00,1065.00,75,147525,1025.74,1066.20,1079.75
08.03.21 12:53:59,1080.00,1080.00,1080.00,1080.00,75,147525,1025.92,1080.70,1091.35
08.03.21 13:03:59,1070.05,1070.05,1070.00,1070.00,1125,147450,1028.05,1055.60,1069.20
08.03.21 13:09:59,1065.00,1069.20,1065.00,1069.20,225,148425,1028.42,1065.80,1075.30
08.03.21 13:10:59,1065.00,1065.00,1065.00,1065.00,600,148425,1029.33,1057.60,1067.80
08.03.21 13:11:59,1052.00,1052.00,1052.00,1052.00,75,148425,1029.40,1044.40,1054.65
08.03.21 13:12:59,1050.00,1050.00,1040.80,1040.80,825,149100,1030.06,1044.75,1054.80
08.03.21 13:26:59,1061.45,1061.45,1061.45,1061.45,75,149100,1030.15,1059.40,1068.75
08.03.21 13:27:59,1066.90,1070.00,1066.90,1070.00,1875,149025,1032.92,1066.30,1070.00
08.03.21 13:28:59,1070.00,1070.00,1070.00,1070.00,900,149025,1034.12,1066.40,1069.90
08.03.21 13:34:59,1054.55,1054.55,1054.55,1054.55,75,148800,1034.17,1060.60,1067.80
08.03.21 13:35:59,1067.80,1070.00,1067.80,1070.00,150,148800,1034.36,1064.25,1077.40
08.03.21 13:36:59,1066.20,1066.20,1066.20,1066.20,75,148725,1034.44,1066.70,1079.25
08.03.21 13:37:59,1082.00,1082.00,1082.00,1082.00,75,148725,1034.57,1072.25,1083.60
08.03.21 13:39:59,1085.00,1090.00,1085.00,1090.00,150,148725,1034.85,1089.35,1100.00
08.03.21 13:40:59,1100.00,1110.00,1100.00,1110.00,150,148725,1035.22,1106.20,1116.90
08.03.21 13:42:59,1111.20,1111.20,1111.20,1111.20,75,148575,1035.42,1105.85,1113.65
08.03.21 13:51:59,1108.25,1108.25,1108.25,1108.25,150,148500,1035.80,1105.70,1113.95
08.03.21 13:52:59,1105.75,1105.75,1105.75,1105.75,75,148500,1035.98,1092.15,1102.65
08.03.21 13:56:59,1092.00,1092.00,1092.00,1092.00,75,148500,1036.12,1092.80,1102.95
08.03.21 13:59:59,1084.00,1084.00,1084.00,1084.00,75,148425,1036.25,1080.90,1089.25
08.03.21 14:00:59,1088.00,1088.00,1088.00,1088.00,75,148500,1036.38,1087.10,1095.70
08.03.21 14:05:59,1080.00,1080.00,1080.00,1080.00,150,148500,1036.61,1082.45,1092.15
08.03.21 14:07:59,1085.00,1085.00,1085.00,1085.00,150,148650,1036.85,1083.35,1090.00
08.03.21 14:08:59,1083.35,1083.35,1080.30,1080.30,225,148650,1037.20,1076.40,1084.15
08.03.21 14:10:59,1073.00,1073.00,1066.00,1066.00,225,148800,1037.45,1062.05,1069.95
08.03.21 14:11:59,1070.00,1070.00,1064.40,1064.40,150,148800,1037.60,1065.00,1070.00
08.03.21 14:12:59,1065.00,1065.00,1065.00,1065.00,225,148800,1037.81,1050.55,1060.55
08.03.21 14:18:59,1065.00,1065.00,1065.00,1065.00,150,149250,1037.94,1055.60,1062.55
08.03.21 14:19:59,1055.00,1055.00,1050.00,1050.00,150,149400,1038.01,1044.50,1056.30
08.03.21 14:23:59,1028.00,1028.00,1028.00,1028.00,75,149475,1037.99,1023.35,1035.05
08.03.21 14:24:59,1022.80,1022.80,1022.00,1022.00,225,149550,1037.87,1005.55,1017.70
08.03.21 14:27:59,1025.00,1030.00,1025.00,1030.00,150,149550,1037.82,1024.90,1034.25
08.03.21 14:34:59,1021.00,1021.00,1021.00,1021.00,75,149700,1037.78,1026.85,1033.80
08.03.21 14:35:59,1040.00,1040.00,1040.00,1040.00,75,149700,1037.79,1032.40,1042.80
08.03.21 14:39:59,1037.90,1037.90,1037.90,1037.90,75,149775,1037.79,1026.45,1032.40
08.03.21 14:40:59,1030.00,1030.00,1030.00,1030.00,75,149775,1037.77,1011.80,1019.25
08.03.21 14:42:59,1020.00,1020.00,1020.00,1020.00,75,149775,1037.73,1017.40,1024.70
08.03.21 14:45:59,1020.00,1020.00,1020.00,1020.00,75,149775,1037.69,1015.40,1023.05
08.03.21 14:46:59,1030.55,1030.55,1030.55,1030.55,75,149775,1037.67,1026.00,1033.65
08.03.21 14:49:59,1035.00,1035.00,1035.00,1035.00,225,149850,1037.65,1024.65,1034.65
08.03.21 14:51:59,1045.15,1045.15,1045.15,1045.15,75,149850,1037.67,1030.60,1045.25
08.03.21 14:53:59,1050.00,1050.00,1050.00,1050.00,75,149925,1037.70,1045.65,1053.25
08.03.21 14:54:59,1060.00,1060.00,1060.00,1060.00,750,150075,1038.21,1050.95,1059.45
08.03.21 14:56:59,1070.00,1070.00,1065.00,1066.90,300,150075,1038.47,1062.40,1074.40
08.03.21 14:58:59,1052.25,1052.25,1052.25,1052.25,150,150150,1038.53,1051.65,1063.05
08.03.21 14:59:59,1052.25,1052.25,1052.25,1052.25,75,150150,1038.56,1048.05,1056.75
08.03.21 15:00:59,1050.00,1050.00,1050.00,1050.00,75,0,1038.59,1052.10,1064.05
08.03.21 15:02:59,1080.00,1080.00,1080.00,1080.00,150,150000,1038.77,1069.20,1080.80
08.03.21 15:05:59,1089.00,1118.70,1089.00,1118.70,975,150075,1040.36,1113.00,1120.00
08.03.21 15:06:59,1114.55,1120.00,1114.55,1117.80,450,150075,1041.35,1100.75,1111.20
08.03.21 15:07:59,1100.05,1110.25,1095.00,1095.00,375,149400,1042.01,1088.20,1098.45
08.03.21 15:10:59,1110.00,1110.00,1108.15,1110.00,225,149100,1042.44,1100.05,1108.60
08.03.21 15:12:59,1100.00,1100.00,1090.95,1090.95,150,149100,1042.66,1092.15,1100.05
08.03.21 15:14:59,1080.00,1080.00,1080.00,1080.00,75,149100,1042.74,1073.45,1084.50
08.03.21 15:17:59,1075.00,1075.00,1075.00,1075.00,75,0,1042.81,1073.20,1082.95
08.03.21 15:22:59,1075.00,1076.30,1075.00,1076.30,150,149100,1042.95,1072.50,1082.00
08.03.21 15:25:59,1070.00,1070.00,1070.00,1070.00,150,149100,1043.06,1064.20,1073.00
08.03.21 15:27:59,1066.50,1066.50,1066.50,1066.50,150,149100,1043.16,1067.85,1078.50
09.03.21 09:16:59,959.60,960.00,959.60,960.00,525,148950,959.89,958.95,974.55
09.03.21 09:17:59,960.00,963.30,960.00,963.30,225,149400,960.58,963.25,972.80
09.03.21 09:18:59,963.10,963.10,963.10,963.10,75,149400,960.81,966.75,979.05
09.03.21 09:19:59,975.00,975.00,975.00,975.00,150,149400,962.50,960.65,972.15
09.03.21 09:20:59,960.15,960.15,953.00,954.00,225,149325,961.22,952.05,964.50
09.03.21 09:21:59,954.00,954.00,950.00,950.00,750,149325,957.14,947.55,960.45
09.03.21 09:23:59,947.00,947.00,947.00,947.00,1350,149400,952.99,946.60,959.30
09.03.21 09:24:59,945.00,945.00,945.00,945.00,75,149400,952.81,940.20,949.95
09.03.21 09:28:59,962.05,962.05,962.05,962.05,75,150750,953.01,953.45,963.55
09.03.21 09:35:59,946.00,946.00,945.00,945.00,150,150675,952.70,945.45,954.20
09.03.21 09:39:59,950.00,950.00,950.00,950.00,150,150600,952.59,946.85,955.65
09.03.21 09:41:59,960.00,960.00,960.00,960.00,75,150600,952.73,953.35,963.30
09.03.21 09:42:59,961.65,961.65,958.00,958.00,825,150600,954.26,952.00,964.65
09.03.21 09:46:59,967.00,967.00,967.00,967.00,75,150600,954.46,963.75,970.00
09.03.21 09:47:59,970.00,980.00,970.00,980.00,825,150600,958.01,974.55,985.15
09.03.21 09:53:59,978.00,978.00,978.00,978.00,75,150675,958.28,976.90,989.00
09.03.21 09:55:59,987.95,987.95,984.60,984.60,1500,150675,964.11,982.25,990.00
09.03.21 09:56:59,990.00,990.00,988.30,988.30,150,150675,964.62,983.05,997.70
09.03.21 09:57:59,978.00,978.00,978.00,978.00,75,150750,964.76,975.15,982.95
09.03.21 09:58:59,973.00,973.00,973.00,973.00,75,150750,964.84,970.05,975.00
09.03.21 09:59:59,970.00,970.00,970.00,970.00,600,150675,965.23,965.35,977.55
09.03.21 10:08:59,960.00,960.00,960.00,960.00,75,151275,965.18,957.00,968.90
09.03.21 10:10:59,969.00,969.00,969.00,969.00,675,151275,965.47,967.85,979.40
09.03.21 10:18:59,979.95,979.95,979.95,979.95,150,151500,965.69,970.15,981.25
09.03.21 10:19:59,967.30,967.30,967.30,967.30,675,151500,965.81,967.50,977.30
09.03.21 10:20:59,970.00,970.00,970.00,970.00,150,151500,965.87,965.35,976.55
09.03.21 10:22:59,970.00,970.00,970.00,970.00,75,152250,965.90,965.40,975.15
09.03.21 10:24:59,964.95,964.95,964.95,964.95,75,152250,965.89,966.80,977.55
09.03.21 10:36:59,975.00,975.00,975.00,975.00,75,152175,965.96,965.70,977.55
09.03.21 10:37:59,975.05,979.60,975.00,975.00,1425,152175,967.12,975.00,980.90
09.03.21 10:38:59,975.00,975.00,975.00,975.00,375,152175,967.37,970.15,974.95
09.03.21 10:39:59,975.00,975.00,975.00,975.00,1575,152100,968.27,971.95,978.95
09.03.21 10:41:59,973.00,973.00,973.00,973.00,1350,152100,968.71,969.80,978.95
09.03.21 10:43:59,979.00,981.00,979.00,981.00,750,153000,969.22,981.35,990.55
09.03.21 10:44:59,980.00,980.00,980.00,980.00,1200,152925,970.00,976.60,980.00
09.03.21 10:45:59,980.00,980.00,980.00,980.00,450,152925,970.26,973.10,984.70
09.03.21 10:47:59,971.00,971.00,971.00,971.00,1350,153975,970.32,971.95,983.70
09.03.21 10:48:59,975.00,975.00,975.00,975.00,375,153975,970.41,969.85,980.75
09.03.21 10:50:59,974.00,981.00,974.00,981.00,1500,153975,970.73,980.05,985.00
09.03.21 10:51:59,983.00,983.00,983.00,983.00,75,156450,970.77,972.95,983.55
09.03.21 11:01:59,971.00,971.00,971.00,971.00,150,156525,970.77,969.15,977.90
09.03.21 11:02:59,975.00,975.00,975.00,975.00,375,156525,970.85,968.30,978.85
09.03.21 11:03:59,977.00,977.00,977.00,977.00,75,156900,970.87,974.30,980.95
09.03.21 11:06:59,981.00,981.00,980.00,981.00,225,156900,970.97,976.85,989.20
09.03.21 11:10:59,971.00,971.00,971.00,971.00,75,156750,970.97,975.30,985.25
09.03.21 11:15:59,975.00,975.00,975.00,975.00,150,156675,971.00,971.00,977.40
09.03.21 11:17:59,971.00,971.00,971.00,971.00,75,156825,971.00,970.00,976.25
09.03.21 11:18:59,970.00,970.00,970.00,970.00,600,156825,970.97,964.30,971.85
09.03.21 11:20:59,961.95,961.95,961.95,961.95,150,157500,970.91,958.35,962.00
09.03.21 11:21:59,960.00,960.00,956.00,956.00,1425,157500,970.03,954.65,964.55
09.03.21 11:23:59,963.00,963.00,963.00,963.00,675,158625,969.83,961.15,963.00
09.03.21 11:24:59,963.00,967.00,963.00,967.00,750,158625,969.64,964.50,974.45
09.03.21 11:37:59,950.00,950.00,950.00,950.00,75,159450,969.58,945.95,955.35
09.03.21 11:38:59,946.00,946.00,946.00,946.00,1350,159450,968.39,950.00,957.45
09.03.21 11:39:59,950.00,950.00,950.00,950.00,150,160125,968.28,943.60,951.95
09.03.21 11:42:59,950.00,950.00,950.00,950.00,75,160125,968.23,945.80,957.00
09.03.21 11:45:59,950.05,950.05,950.05,950.05,150,160125,968.13,940.45,950.40
09.03.21 11:53:59,956.00,956.00,956.00,956.00,1425,160125,967.52,952.90,964.55
09.03.21 11:55:59,962.00,962.00,962.00,962.00,1125,161550,967.31,958.35,962.00
09.03.21 11:56:59,962.00,962.00,954.00,954.35,300,162900,967.20,954.35,965.85
09.03.21 12:00:59,968.60,968.60,968.60,968.60,75,162825,967.20,960.75,972.25
09.03.21 12:01:59,961.95,965.00,961.95,965.00,1425,162825,966.97,957.85,971.05
09.03.21 12:02:59,963.00,963.00,963.00,963.00,75,162825,966.96,956.25,967.50
09.03.21 12:04:59,963.00,970.00,963.00,970.00,1275,164250,966.82,964.40,975.15
09.03.21 12:09:59,976.00,976.00,976.00,976.00,900,165375,967.06,970.05,979.95
09.03.21 12:10:59,970.05,970.05,970.00,970.00,1050,165375,967.15,963.55,975.60
09.03.21 12:13:59,965.00,965.00,965.00,965.00,1350,165600,967.07,963.05,973.80
09.03.21 12:18:59,979.75,980.00,979.75,980.00,1575,166950,967.61,974.35,980.00
09.03.21 12:19:59,980.00,989.00,980.00,989.00,1425,166950,968.24,985.45,996.10
09.03.21 12:20:59,989.00,992.05,989.00,992.05,375,166950,968.45,987.90,997.40
09.03.21 12:21:59,1000.00,1000.00,1000.00,1000.00,225,167550,968.63,999.40,1009.80
09.03.21 12:22:59,1000.50,1000.50,999.75,1000.40,225,167550,968.81,1000.35,1005.00
09.03.21 12:23:59,1005.00,1005.00,1005.00,1005.00,75,0,968.87,991.60,1002.85
09.03.21 12:24:59,998.95,998.95,998.95,998.95,75,167775,968.93,992.80,1000.95
09.03.21 12:26:59,996.90,998.35,996.90,998.35,225,167775,969.09,993.45,1003.65
09.03.21 12:28:59,998.75,998.75,998.00,998.00,1425,167325,970.08,996.60,1006.15
09.03.21 12:29:59,995.05,995.05,995.00,995.00,450,167325,970.35,999.45,1006.65
09.03.21 12:30:59,995.00,995.00,995.00,995.00,375,168525,970.57,995.40,1004.95
09.03.21 12:31:59,1010.00,1012.70,1009.90,1010.45,750,168525,971.26,1008.00,1017.45
09.03.21 12:32:59,1012.15,1015.00,1012.15,1015.00,825,168525,972.08,1012.60,1018.00
09.03.21 12:33:59,1018.00,1020.00,1015.00,1020.00,225,167925,972.31,1009.75,1020.90
09.03.21 12:34:59,1018.00,1018.00,1018.00,1018.00,75,167925,972.39,1014.60,1024.20
09.03.21 12:35:59,1021.75,1021.75,1021.05,1021.05,150,167925,972.55,1016.00,1027.15
09.03.21 12:43:59,1000.00,1000.00,1000.00,1000.00,75,167625,972.60,1001.10,1004.00
09.03.21 12:44:59,1000.00,1000.00,1000.00,1000.00,1350,167625,973.43,994.90,1006.05
09.03.21 12:45:59,1000.00,1000.00,1000.00,1000.00,75,168750,973.47,996.15,1006.60
09.03.21 12:53:59,991.20,991.20,991.20,991.20,75,168750,973.50,988.30,999.55
09.03.21 12:57:59,996.00,996.00,996.00,996.00,75,168675,973.54,994.15,1006.55
09.03.21 13:00:59,1015.00,1015.00,1015.00,1015.00,150,168675,973.67,1012.30,1023.65
09.03.21 13:05:59,1030.00,1030.00,1030.00,1030.00,75,168900,973.76,1028.25,1037.50
09.03.21 13:09:59,1020.00,1021.00,1020.00,1021.00,150,168900,973.91,1022.40,1031.65
09.03.21 13:11:59,1034.75,1034.75,1034.75,1034.75,75,168900,974.01,1024.00,1028.00
09.03.21 13:12:59,1026.00,1026.00,1026.00,1026.00,75,168900,974.10,1032.90,1040.00
09.03.21 13:13:59,1035.00,1035.00,1035.00,1035.00,75,169125,974.19,1030.20,1038.85
09.03.21 13:14:59,1040.00,1040.00,1040.00,1040.00,150,169125,974.40,1042.70,1050.00
09.03.21 13:15:59,1050.00,1055.00,1050.00,1055.00,525,169350,975.29,1041.05,1052.65
09.03.21 13:18:59,1050.00,1050.00,1050.00,1050.00,750,169350,976.43,1043.95,1054.90
09.03.21 13:19:59,1055.00,1067.95,1050.00,1067.95,975,169350,977.95,1062.05,1068.50
09.03.21 13:20:59,1058.50,1058.50,1058.50,1058.50,750,169350,979.16,1069.20,1081.45
09.03.21 13:21:59,1078.00,1080.50,1078.00,1080.50,300,169350,979.76,1067.00,1078.30
09.03.21 13:23:59,1059.30,1059.30,1056.20,1056.20,1425,169875,981.91,1056.05,1066.90
09.03.21 13:30:59,1046.15,1050.00,1046.15,1050.00,225,169800,982.20,1042.55,1054.25
09.03.21 13:34:59,1028.90,1036.05,1028.90,1036.05,750,170625,982.88,1027.80,1038.35
09.03.21 13:36:59,1030.30,1030.30,1030.30,1030.30,1125,170625,983.88,1026.05,1038.20
09.03.21 13:40:59,1035.00,1035.00,1035.00,1035.00,75,170625,983.95,1039.45,1050.90
09.03.21 13:41:59,1040.00,1040.00,1040.00,1040.00,75,170625,984.03,1038.80,1050.70
09.03.21 13:45:59,1072.00,1072.00,1071.70,1071.70,150,171075,984.28,1067.85,1072.90
09.03.21 13:47:59,1060.00,1061.60,1060.00,1061.60,150,171075,984.49,1053.00,1065.25
09.03.21 13:48:59,1055.00,1055.00,1055.00,1055.00,75,172125,984.59,1056.85,1068.70
09.03.21 13:53:59,1037.85,1037.85,1036.00,1036.00,150,172200,984.73,1034.90,1047.45
09.03.21 13:54:59,1034.95,1035.00,1034.95,1035.00,150,172200,984.87,1029.95,1041.55
09.03.21 13:58:59,1021.10,1021.10,1021.10,1021.10,75,172125,984.92,1016.05,1026.50
09.03.21 14:00:59,1015.10,1015.10,1011.05,1011.05,300,172200,985.07,1006.90,1011.40
09.03.21 14:15:59,1030.00,1030.00,1030.00,1030.00,75,172050,985.13,1034.75,1044.75
09.03.21 14:18:59,1030.00,1030.00,1030.00,1030.00,75,172050,985.20,1026.00,1035.45
09.03.21 14:19:59,1022.00,1022.00,1022.00,1022.00,75,172050,985.25,1011.50,1024.80
09.03.21 14:21:59,1004.40,1004.40,1004.40,1004.40,525,172050,985.43,1002.35,1004.40
09.03.21 14:22:59,1004.40,1004.40,1004.40,1004.40,825,172050,985.70,1000.00,1008.85
09.03.21 14:23:59,1000.00,1000.00,1000.00,1000.00,75,172050,985.72,993.95,1004.95
09.03.21 14:24:59,1004.95,1004.95,1004.95,1004.95,75,173400,985.75,1001.90,1005.00
09.03.21 14:25:59,1005.00,1005.00,1005.00,1005.00,1350,173400,986.20,1010.65,1024.70
09.03.21 14:26:59,1020.80,1020.80,1020.80,1020.80,75,173400,986.24,1008.00,1015.30
09.03.21 14:28:59,1012.00,1012.00,1012.00,1012.00,75,174375,986.27,1011.05,1017.85
09.03.21 14:30:59,1010.00,1010.00,1010.00,1010.00,75,174450,986.31,1007.00,1010.00
09.03.21 14:31:59,1010.00,1010.00,1010.00,1010.00,75,0,986.34,1003.55,1010.00
09.03.21 14:33:59,1005.00,1005.00,1005.00,1005.00,75,174450,986.36,1001.60,1009.60
09.03.21 14:36:59,999.00,999.00,999.00,999.00,75,174450,986.38,996.70,1001.95
09.03.21 14:37:59,996.70,996.70,995.75,995.75,150,174450,986.40,993.40,1000.00
09.03.21 14:38:59,1000.00,1000.00,1000.00,1000.00,75,174450,986.42,1000.30,1014.70
09.03.21 14:39:59,1008.00,1008.00,1008.00,1008.00,75,174525,986.45,1004.80,1013.45
09.03.21 14:40:59,1000.00,1000.00,1000.00,1000.00,75,174525,986.46,995.55,1002.05
09.03.21 14:43:59,997.10,997.10,997.10,997.10,75,174525,986.48,992.05,1001.00
09.03.21 14:44:59,996.85,1000.00,996.85,1000.00,150,174525,986.51,995.15,1003.00
09.03.21 14:48:59,980.00,980.00,980.00,980.00,225,174225,986.48,980.00,984.35
09.03.21 14:49:59,980.00,980.00,980.00,980.00,375,174225,986.44,982.00,983.90
09.03.21 14:50:59,982.00,982.00,982.00,982.00,75,0,986.44,978.60,990.40
09.03.21 14:51:59,975.00,975.25,975.00,975.25,225,174825,986.39,970.15,977.95
09.03.21 14:52:59,980.00,980.00,980.00,980.00,75,174825,986.39,975.00,978.30
09.03.21 14:53:59,980.00,980.00,980.00,980.00,75,174825,986.38,975.00,984.35
09.03.21 14:55:59,980.00,980.00,980.00,980.00,150,174675,986.36,975.00,979.95
09.03.21 14:56:59,980.00,980.00,980.00,980.00,75,174675,986.35,979.50,984.40
09.03.21 14:57:59,984.10,984.10,980.00,980.00,150,174675,986.34,977.90,985.95
09.03.21 14:58:59,980.00,980.00,980.00,980.00,75,174900,986.34,974.80,985.60
09.03.21 14:59:59,980.00,980.00,980.00,980.00,75,174900,986.33,984.50,994.90
09.03.21 15:00:59,990.00,990.00,976.00,976.00,300,174375,986.30,970.55,981.25
09.03.21 15:01:59,969.00,969.00,956.00,956.00,2100,174375,985.61,955.50,965.10
09.03.21 15:03:59,965.00,965.00,965.00,965.00,75,174375,985.59,960.65,969.65
09.03.21 15:04:59,965.00,965.00,960.00,960.00,150,175725,985.53,951.15,959.55
09.03.21 15:07:59,952.00,952.00,945.55,945.55,375,175650,985.32,942.15,950.80
09.03.21 15:11:59,935.00,935.00,935.00,935.00,75,174450,985.26,925.30,938.25
09.03.21 15:12:59,930.00,930.00,925.45,925.50,1500,174450,983.89,922.45,929.50
09.03.21 15:14:59,925.00,925.00,925.00,925.00,75,175950,983.82,921.20,928.25
09.03.21 15:15:59,920.50,920.50,916.00,916.00,150,175950,983.67,912.10,921.90
09.03.21 15:16:59,920.00,920.00,920.00,920.00,75,175950,983.59,913.25,920.25
09.03.21 15:18:59,913.00,913.95,913.00,913.95,1650,175800,981.89,914.70,922.65
09.03.21 15:20:59,930.45,930.45,930.45,930.45,75,175800,981.83,920.90,929.25
09.03.21 15:23:59,923.95,924.00,923.95,924.00,150,176700,981.70,918.60,926.05
09.03.21 15:25:59,926.00,926.00,926.00,926.00,75,176700,981.64,922.85,928.60
09.03.21 15:26:59,923.10,923.10,923.10,923.10,150,176700,981.51,921.00,923.90
09.03.21 15:27:59,921.00,922.90,921.00,921.80,750,176625,980.85,914.20,923.05
09.03.21 15:28:59,923.75,926.45,923.75,926.45,225,176625,980.67,918.20,927.65
10.03.21 09:17:59,847.00,847.00,847.00,847.00,75,176625,847.00,844.35,850.00
10.03.21 09:18:59,848.70,848.70,848.70,848.70,1500,176625,848.47,840.15,849.95
10.03.21 09:19:59,850.00,850.00,850.00,850.00,75,176625,848.54,845.10,853.55
10.03.21 09:20:59,847.80,847.80,847.80,847.80,225,176625,848.44,835.15,846.35
10.03.21 09:21:59,847.75,847.75,847.75,847.75,75,176625,848.42,838.05,847.55
10.03.21 09:22:59,847.80,847.80,847.80,847.80,600,176625,848.27,843.60,850.00
10.03.21 09:23:59,850.00,850.00,850.00,850.00,975,176625,848.65,848.35,860.05
10.03.21 09:25:59,858.00,861.45,858.00,861.45,450,176625,849.96,857.65,865.00
10.03.21 09:26:59,865.00,866.20,865.00,866.20,825,176625,852.73,857.60,867.45
10.03.21 09:28:59,864.55,872.80,864.55,872.80,225,176625,853.46,863.75,872.95
10.03.21 09:30:59,874.85,874.85,874.75,874.75,150,176925,854.08,858.30,869.50
10.03.21 09:31:59,869.75,869.75,869.75,869.75,75,176925,854.30,856.15,868.75
10.03.21 09:32:59,866.25,866.25,866.25,866.25,150,177075,854.63,862.00,867.10
10.03.21 09:39:59,871.00,871.00,871.00,871.00,75,177975,854.86,864.90,876.55
10.03.21 09:41:59,872.00,872.00,872.00,872.00,75,178425,855.09,865.05,877.00
10.03.21 09:42:59,870.40,870.40,870.40,870.40,75,178425,855.29,858.75,870.10
10.03.21 09:44:59,867.45,870.15,865.85,870.15,375,178500,856.02,860.30,871.70
10.03.21 09:45:59,870.65,870.65,866.80,866.80,450,178500,856.83,851.45,862.65
10.03.21 09:46:59,860.00,860.00,860.00,860.00,75,178500,856.86,851.05,861.55
10.03.21 09:47:59,860.00,860.00,860.00,860.00,75,178650,856.90,851.05,859.55
10.03.21 09:50:59,864.35,864.35,860.00,860.00,150,178650,857.02,855.05,865.40
10.03.21 09:51:59,860.00,860.00,860.00,860.00,225,178650,857.11,855.70,868.00
10.03.21 09:53:59,860.00,860.00,860.00,860.00,450,178650,857.29,854.95,865.80
10.03.21 09:54:59,860.00,860.00,860.00,860.00,300,178650,857.39,858.20,868.35
10.03.21 09:56:59,862.35,862.35,862.35,862.35,450,178650,857.67,859.10,870.30
10.03.21 09:59:59,861.00,861.00,861.00,861.00,150,178800,857.73,858.70,871.60
10.03.21 10:02:59,860.05,860.05,860.05,860.05,1425,178800,858.06,853.05,865.35
10.03.21 10:04:59,858.00,858.00,858.00,858.00,1200,178800,858.06,853.05,863.20
10.03.21 10:12:59,857.00,857.00,857.00,857.00,1350,181425,857.94,853.05,861.40
10.03.21 10:15:59,856.00,856.00,856.00,856.00,1275,182775,857.76,853.00,859.25
10.03.21 10:16:59,853.00,853.00,853.00,853.00,75,182775,857.73,851.05,859.80
10.03.21 10:18:59,863.70,863.70,863.70,863.70,75,184125,857.76,855.20,864.90
10.03.21 10:23:59,865.10,865.10,865.10,865.10,150,184125,857.84,856.00,868.05
10.03.21 10:26:59,865.00,865.00,865.00,865.00,75,184125,857.88,860.30,870.60
10.03.21 10:29:59,870.00,870.00,870.00,870.00,75,184125,857.95,865.45,874.75
10.03.21 10:30:59,880.00,880.00,875.00,875.00,300,184125,858.35,875.00,881.70
10.03.21 10:31:59,880.00,880.00,878.00,880.00,225,184125,858.68,873.30,884.10
10.03.21 10:32:59,880.00,881.50,880.00,881.50,150,184275,858.90,873.80,884.40
10.03.21 10:34:59,875.00,875.00,875.00,875.00,1350,184275,860.26,873.40,885.70
10.03.21 10:35:59,885.00,885.00,880.00,880.00,300,185475,860.64,875.45,886.15
10.03.21 10:36:59,882.25,882.65,880.00,882.65,225,185475,860.93,869.90,883.10
10.03.21 10:39:59,880.00,884.00,880.00,884.00,150,185475,861.12,881.00,886.90
10.03.21 10:40:59,885.00,885.00,885.00,885.00,75,185475,861.22,880.00,886.40
10.03.21 10:43:59,890.00,890.00,890.00,890.00,150,185475,861.48,885.05,895.30
10.03.21 10:44:59,890.00,890.00,890.00,890.00,75,185475,861.60,881.35,892.80
10.03.21 10:46:59,885.00,885.00,885.00,885.00,75,185475,861.71,878.55,888.35
10.03.21 10:52:59,880.00,880.00,880.00,880.00,75,185475,861.79,872.75,884.30
10.03.21 10:55:59,872.05,872.05,872.05,872.05,1350,185475,862.53,868.95,879.95
10.03.21 10:56:59,880.00,880.00,880.00,880.00,75,185475,862.60,876.20,887.35
10.03.21 10:57:59,885.00,885.00,885.00,885.00,225,186825,862.87,882.70,893.35
10.03.21 10:58:59,890.00,890.00,890.00,890.00,150,186825,863.09,885.05,895.35
10.03.21 10:59:59,895.00,895.00,890.00,890.00,150,186825,863.32,888.00,893.05
10.03.21 11:00:59,888.00,888.00,888.00,888.00,300,186825,863.70,880.00,887.80
10.03.21 11:05:59,890.00,890.00,888.00,888.00,600,186825,864.46,878.65,890.05
10.03.21 11:08:59,884.20,884.20,884.20,884.20,75,186825,864.53,875.65,884.80
10.03.21 11:09:59,885.00,885.00,885.00,885.00,75,186750,864.61,877.20,887.40
10.03.21 11:13:59,880.00,880.00,880.00,880.00,75,186750,864.66,876.70,887.50
10.03.21 11:15:59,885.00,885.00,885.00,885.00,75,186750,864.74,878.20,888.10
10.03.21 11:18:59,890.00,890.00,890.00,890.00,75,186750,864.83,878.70,891.45
10.03.21 11:25:59,890.00,895.00,890.00,895.00,150,186750,865.03,883.95,895.55
10.03.21 11:29:59,888.35,888.35,888.35,888.35,75,186750,865.12,880.05,887.85
10.03.21 11:30:59,880.00,880.00,880.00,880.00,150,186750,865.22,868.05,878.45
10.03.21 11:33:59,880.00,880.00,880.00,880.00,75,186750,865.28,874.60,885.20
10.03.21 11:38:59,887.75,890.00,887.75,888.00,1500,186750,866.81,885.40,895.40
10.03.21 11:40:59,890.00,895.00,890.00,890.00,450,188175,867.28,884.05,890.00
10.03.21 11:41:59,890.00,890.00,890.00,890.00,150,188175,867.43,888.40,898.95
10.03.21 11:42:59,899.00,899.00,899.00,899.00,75,188625,867.53,892.30,902.00
10.03.21 11:47:59,890.00,890.00,890.00,890.00,75,188700,867.61,883.30,892.55
10.03.21 11:48:59,890.00,890.00,890.00,890.00,75,188700,867.68,884.60,893.25
10.03.21 11:49:59,895.00,895.00,895.00,895.00,150,188700,867.85,887.70,898.70
10.03.21 11:50:59,900.15,900.15,900.15,900.15,75,188700,867.96,889.55,902.20
10.03.21 11:51:59,895.00,895.00,895.00,895.00,75,188700,868.04,895.00,899.65
10.03.21 11:52:59,895.00,895.00,895.00,895.00,75,188700,868.13,887.50,896.65
10.03.21 11:54:59,890.00,890.00,890.00,890.00,75,188700,868.20,884.20,893.20
10.03.21 11:57:59,890.00,890.00,890.00,890.00,75,188700,868.27,887.00,892.90
10.03.21 11:59:59,890.00,890.00,890.00,890.00,75,188700,868.34,882.40,891.85
10.03.21 12:02:59,896.00,904.20,896.00,904.20,150,188700,868.54,898.45,909.95
10.03.21 12:04:59,910.00,910.00,910.00,910.00,150,188775,868.79,902.40,913.95
10.03.21 12:05:59,910.00,910.00,910.00,910.00,150,188775,869.05,897.15,906.30
10.03.21 12:07:59,905.00,905.00,905.00,905.00,75,188925,869.16,899.30,909.35
10.03.21 12:10:59,910.00,910.00,910.00,910.00,75,188850,869.29,901.80,910.35
10.03.21 12:11:59,909.95,909.95,909.95,909.95,75,188850,869.41,898.70,904.95
10.03.21 12:12:59,902.00,902.00,902.00,902.00,75,188850,869.51,901.20,909.45
10.03.21 12:13:59,905.00,905.00,905.00,905.00,75,188850,869.62,900.90,910.00
10.03.21 12:15:59,902.00,902.00,902.00,902.00,75,189000,869.72,900.55,909.95
10.03.21 12:18:59,910.00,910.00,910.00,910.00,75,189075,869.84,912.55,921.90
10.03.21 12:19:59,923.95,923.95,923.95,923.95,75,189075,870.00,912.65,923.00
10.03.21 12:27:59,900.00,900.00,900.00,900.00,75,189075,870.09,892.50,903.20
10.03.21 12:28:59,897.55,897.55,897.55,897.55,150,189075,870.26,891.65,900.50
10.03.21 12:30:59,900.00,902.30,900.00,902.30,300,189150,870.63,895.00,905.10
10.03.21 12:31:59,900.00,900.00,900.00,900.00,75,189150,870.71,893.15,903.85
10.03.21 12:32:59,900.00,900.00,900.00,900.00,75,189150,870.80,886.60,897.95
10.03.21 12:34:59,885.00,885.00,885.00,885.00,75,189450,870.84,881.00,893.90
10.03.21 12:40:59,885.00,885.00,885.00,885.00,300,189525,871.00,875.90,887.45
10.03.21 12:42:59,880.00,880.00,880.00,880.00,300,189825,871.11,877.40,887.25
10.03.21 12:45:59,880.00,880.00,880.00,880.00,300,190125,871.21,876.80,885.20
10.03.21 12:46:59,880.00,880.00,880.00,880.00,150,190125,871.26,876.25,885.80
10.03.21 12:47:59,890.00,890.00,890.00,890.00,75,190125,871.31,881.65,892.70
10.03.21 12:48:59,890.00,890.00,890.00,890.00,75,190575,871.36,883.15,893.35
10.03.21 12:50:59,885.00,885.00,885.00,885.00,75,190575,871.40,878.90,887.65
10.03.21 12:51:59,885.00,885.00,885.00,885.00,75,190575,871.44,878.85,887.65
10.03.21 12:54:59,882.00,882.00,882.00,882.00,75,190575,871.47,880.00,883.95
10.03.21 12:55:59,880.00,880.00,876.00,876.00,225,190575,871.52,873.25,883.40
10.03.21 12:59:59,875.00,875.00,875.00,875.00,75,190725,871.53,872.00,878.80
10.03.21 13:00:59,880.00,880.00,880.00,880.00,75,190725,871.56,875.25,882.65
10.03.21 13:02:59,878.00,878.00,878.00,878.00,225,190725,871.61,875.10,878.00
10.03.21 13:03:59,878.00,878.00,875.10,875.10,300,190725,871.67,875.10,879.85
10.03.21 13:04:59,875.10,875.10,875.10,875.10,150,191250,871.69,869.80,879.05
10.03.21 13:07:59,873.00,873.00,872.00,872.00,150,191250,871.69,868.00,870.00
10.03.21 13:08:59,868.00,870.00,868.00,870.00,525,191250,871.63,870.00,873.55
10.03.21 13:09:59,872.00,872.00,872.00,872.00,75,191250,871.63,870.00,876.70
10.03.21 13:10:59,875.00,875.00,875.00,875.00,75,191625,871.64,868.15,877.80
10.03.21 13:11:59,880.00,880.00,880.00,880.00,75,191625,871.66,871.55,878.55
10.03.21 13:13:59,875.00,875.00,875.00,875.00,1650,191625,871.84,872.50,875.00
10.03.21 13:14:59,872.00,872.00,872.00,872.00,525,191625,871.84,866.75,872.90
10.03.21 13:16:59,860.00,860.00,860.00,860.00,150,193800,871.79,857.50,865.05
10.03.21 13:17:59,860.00,860.00,860.00,860.00,2250,193800,870.99,860.05,868.75
10.03.21 13:20:59,865.00,865.00,865.00,865.00,75,196200,870.98,860.25,868.80
10.03.21 13:21:59,865.00,868.00,865.00,868.00,150,196200,870.96,863.45,871.75
10.03.21 13:24:59,870.00,870.00,870.00,870.00,75,196200,870.96,865.90,874.70
10.03.21 13:26:59,870.00,874.00,870.00,874.00,150,196200,870.96,870.05,876.10
10.03.21 13:27:59,874.00,880.00,870.55,880.00,600,196350,871.00,872.05,881.05
10.03.21 13:28:59,875.00,875.00,874.85,875.00,225,196350,871.02,870.20,875.00
10.03.21 13:29:59,875.00,875.00,870.00,870.00,2025,196350,871.00,870.05,875.15
10.03.21 13:30:59,872.00,875.00,872.00,875.00,150,198450,871.01,867.25,875.25
10.03.21 13:31:59,874.00,875.00,874.00,875.00,150,198450,871.02,864.65,872.50
10.03.21 13:32:59,870.00,871.75,870.00,871.75,150,198450,871.02,870.05,882.05
10.03.21 13:33:59,875.00,880.00,875.00,880.00,225,198450,871.07,874.75,885.95
10.03.21 13:34:59,880.00,881.35,880.00,881.35,150,198450,871.10,876.70,884.55
10.03.21 13:35:59,885.00,890.00,885.00,890.00,150,198450,871.17,885.00,891.25
10.03.21 13:36:59,895.00,895.00,890.00,890.00,300,198375,871.33,882.10,892.90
10.03.21 13:38:59,885.00,885.00,885.00,885.00,75,198375,871.35,871.45,882.05
10.03.21 13:39:59,880.00,881.00,880.00,881.00,150,198300,871.39,881.00,886.60
10.03.21 13:40:59,881.00,881.00,881.00,881.00,75,198300,871.41,870.40,880.90
10.03.21 13:41:59,875.00,875.00,875.00,875.00,75,198300,871.42,870.30,879.20
10.03.21 13:42:59,875.00,875.00,875.00,875.00,75,198450,871.42,868.40,878.80
10.03.21 13:43:59,871.00,871.00,870.00,870.00,225,198450,871.42,862.10,871.20
10.03.21 13:44:59,870.00,870.00,870.00,870.00,75,198450,871.41,870.00,877.70
10.03.21 13:45:59,875.00,875.00,875.00,875.00,150,198450,871.43,866.85,879.05
10.03.21 13:49:59,865.00,865.00,865.00,865.00,75,198450,871.41,862.00,868.50
10.03.21 13:50:59,862.00,862.00,859.15,859.15,150,198450,871.37,857.05,867.35
10.03.21 13:56:59,867.30,867.30,867.30,867.30,150,198375,871.36,866.70,878.00
10.03.21 14:01:59,872.00,872.00,872.00,872.00,150,0,871.36,861.60,870.30
10.03.21 14:04:59,868.00,868.00,865.00,865.00,150,198375,871.34,860.20,868.40
10.03.21 14:07:59,870.00,870.00,866.00,866.00,150,198375,871.33,856.60,864.35
10.03.21 14:08:59,855.00,855.00,855.00,855.00,75,198375,871.30,851.00,854.40
10.03.21 14:09:59,852.80,853.05,848.00,850.15,675,198375,870.96,841.65,850.05
10.03.21 14:10:59,845.00,845.00,845.00,845.00,75,198375,870.91,845.00,849.70
10.03.21 14:11:59,845.00,845.00,845.00,845.00,150,198375,870.81,841.05,849.00
10.03.21 14:12:59,841.00,841.00,840.00,840.00,150,198375,870.70,835.30,847.95
10.03.21 14:14:59,845.00,845.00,845.00,845.00,75,198150,870.65,838.70,846.75
10.03.21 14:18:59,846.00,846.00,846.00,846.00,75,0,870.61,845.00,848.00
10.03.21 14:19:59,845.00,845.00,845.00,845.00,75,198150,870.56,835.65,844.80
10.03.21 14:20:59,840.00,840.00,839.95,840.00,150,198150,870.45,833.75,843.25
10.03.21 14:24:59,839.55,839.55,839.55,839.55,75,198225,870.40,831.05,838.85
10.03.21 14:25:59,840.00,840.00,840.00,840.00,75,198300,870.34,833.05,840.60
10.03.21 14:27:59,845.00,845.00,845.00,845.00,75,198300,870.30,841.15,848.65
10.03.21 14:28:59,845.00,845.00,845.00,845.00,75,198300,870.25,834.85,846.60
10.03.21 14:29:59,840.10,840.10,840.10,840.10,75,198300,870.20,832.70,843.50
10.03.21 14:30:59,843.10,843.10,843.10,843.10,75,198375,870.15,840.00,843.20
10.03.21 14:31:59,840.00,840.00,840.00,840.00,75,198375,870.09,835.05,842.40
10.03.21 14:32:59,838.00,838.00,838.00,838.00,75,198375,870.04,835.05,842.45
10.03.21 14:34:59,846.45,850.00,846.45,850.00,300,198450,869.88,844.00,848.15
10.03.21 14:36:59,844.00,844.00,842.60,842.60,150,198450,869.79,835.00,838.60
10.03.21 14:38:59,840.00,840.00,840.00,840.00,75,198675,869.73,835.05,844.20
10.03.21 14:39:59,835.00,838.00,835.00,838.00,150,198675,869.62,830.95,843.40
10.03.21 14:41:59,845.00,845.00,845.00,845.00,75,198675,869.57,840.00,845.45
10.03.21 14:42:59,840.00,840.00,840.00,840.00,75,198675,869.52,836.00,842.20
10.03.21 14:43:59,845.00,845.00,845.00,845.00,75,198675,869.48,836.30,845.65
10.03.21 14:45:59,844.55,844.55,844.55,844.55,75,198675,869.44,837.50,847.05
10.03.21 14:46:59,849.90,849.90,849.90,849.90,75,198750,869.40,836.95,847.40
10.03.21 14:47:59,845.00,845.00,845.00,845.00,150,198750,869.32,837.30,845.65
10.03.21 14:48:59,845.00,845.00,845.00,845.00,300,198975,869.15,845.00,849.00
10.03.21 14:49:59,850.00,850.00,850.00,850.00,225,198975,869.05,843.00,853.10
10.03.21 14:50:59,854.35,857.80,854.35,855.00,750,198975,868.82,850.00,855.30
10.03.21 14:51:59,855.15,855.15,850.00,850.00,225,198975,868.73,840.30,850.35
10.03.21 14:52:59,850.00,850.00,850.00,850.00,75,199200,868.70,841.60,852.00
10.03.21 14:54:59,855.00,855.00,855.00,855.00,75,199200,868.68,847.20,857.90
10.03.21 14:55:59,859.70,859.70,859.70,859.70,75,198750,868.66,855.00,859.80
10.03.21 14:56:59,860.00,860.00,860.00,860.00,150,198750,868.63,857.75,866.90
10.03.21 14:57:59,865.00,866.70,865.00,866.70,225,198900,868.62,865.05,870.00
10.03.21 14:58:59,870.00,870.00,870.00,870.00,225,198900,868.63,861.05,868.95
10.03.21 14:59:59,868.90,868.90,868.10,868.10,150,198900,868.62,859.60,868.90
10.03.21 15:00:59,852.00,867.20,852.00,867.20,1200,199275,868.32,856.05,866.75
10.03.21 15:01:59,853.60,853.60,853.60,853.60,75,199275,868.30,852.40,863.40
10.03.21 15:02:59,860.00,860.00,859.95,860.00,225,199275,868.26,853.30,862.40
10.03.21 15:03:59,860.00,865.00,860.00,865.00,300,200325,868.22,860.25,870.00
10.03.21 15:04:59,869.00,869.90,869.00,869.90,150,200325,868.23,863.20,870.00
10.03.21 15:05:59,870.00,870.00,868.80,868.80,150,200325,868.23,861.80,870.45
10.03.21 15:06:59,870.40,870.40,867.00,867.00,150,200700,868.23,865.05,867.50
10.03.21 15:07:59,867.50,867.65,865.00,867.65,225,200700,868.23,862.20,867.75
10.03.21 15:08:59,866.00,866.00,864.75,864.75,225,200700,868.21,856.40,864.80
10.03.21 15:10:59,858.00,858.00,858.00,858.00,75,201000,868.20,850.90,858.70
10.03.21 15:11:59,852.50,855.00,852.00,852.00,225,201000,868.13,852.00,857.50
10.03.21 15:12:59,852.30,852.30,852.30,852.30,75,201000,868.10,852.50,857.45
10.03.21 15:13:59,852.60,855.00,852.60,855.00,150,201075,868.06,852.45,856.80
10.03.21 15:14:59,855.00,860.00,855.00,860.00,1050,201075,867.86,853.25,859.15
10.03.21 15:15:59,857.45,857.45,848.70,848.70,225,201900,867.79,845.55,849.10
10.03.21 15:16:59,848.00,848.00,847.00,848.00,300,201900,867.67,842.65,848.00
10.03.21 15:17:59,846.05,847.00,846.00,846.00,375,201900,867.51,842.70,846.00
10.03.21 15:18:59,846.00,847.00,845.00,845.00,375,201900,867.36,842.25,846.00
10.03.21 15:19:59,846.00,846.00,845.05,846.00,225,202275,867.26,841.60,847.00
10.03.21 15:20:59,846.00,848.00,846.00,848.00,300,202275,867.15,847.50,849.00
10.03.21 15:21:59,849.00,850.00,849.00,850.00,225,202275,867.07,850.00,851.00
10.03.21 15:22:59,851.00,852.00,851.00,852.00,150,202950,867.03,850.00,853.00
10.03.21 15:23:59,853.00,855.00,853.00,855.00,525,202950,866.90,846.85,854.00
10.03.21 15:24:59,855.00,855.60,855.00,855.60,675,202950,866.75,846.95,855.30
10.03.21 15:28:59,854.05,855.00,852.70,855.00,450,203775,866.65,846.80,856.00
10.03.21 15:30:00,855.00,855.00,855.00,855.00,300,203775,866.58,848.25,856.00
12.03.21 09:15:59,790.00,790.00,725.00,725.00,450,203850,742.50,725.00,729.40
12.03.21 09:16:59,732.45,743.70,732.45,743.70,225,203850,741.52,732.20,743.70
12.03.21 09:17:59,743.00,743.00,743.00,743.00,75,203850,741.67,740.15,750.00
12.03.21 09:18:59,750.00,751.60,749.55,749.55,225,204450,743.68,749.00,750.55
12.03.21 09:19:59,750.00,752.00,745.85,745.85,525,204450,745.98,745.00,745.20
12.03.21 09:20:59,745.00,745.00,743.00,744.05,225,204825,745.72,731.25,741.85
12.03.21 09:21:59,742.45,742.45,742.45,742.45,75,204825,745.59,735.00,742.65
12.03.21 09:22:59,738.00,745.00,738.00,745.00,825,204825,744.42,742.25,748.25
12.03.21 09:23:59,740.60,740.60,740.60,740.60,150,0,744.21,740.00,746.00
12.03.21 09:24:59,746.00,746.00,746.00,746.00,75,205875,744.26,740.00,748.95
12.03.21 09:25:59,744.75,744.75,744.75,744.75,75,205875,744.27,742.60,747.30
12.03.21 09:26:59,747.60,751.50,746.95,746.95,450,206100,744.80,740.00,743.55
12.03.21 09:27:59,740.00,740.00,739.95,739.95,300,206100,744.42,730.75,744.35
12.03.21 09:30:59,743.65,743.65,743.65,743.65,750,206550,744.29,740.05,745.00
12.03.21 09:31:59,745.00,756.20,745.00,756.20,1050,206550,745.15,752.05,756.10
12.03.21 09:32:59,754.05,754.05,752.00,753.00,225,206625,745.46,752.25,755.65
12.03.21 09:33:59,755.00,755.00,755.00,755.00,75,0,745.58,754.65,758.80
12.03.21 09:34:59,755.95,757.45,755.95,757.45,150,206625,745.86,754.40,757.80
12.03.21 09:36:59,750.00,750.00,750.00,750.00,75,206775,745.91,746.80,751.15
12.03.21 09:37:59,754.45,754.45,754.45,754.45,375,206775,746.18,754.50,758.50
12.03.21 09:38:59,756.00,756.00,754.45,754.45,225,206625,746.49,749.95,754.50
12.03.21 09:39:59,752.00,752.00,752.00,752.00,150,206625,746.62,751.00,755.60
12.03.21 09:40:59,752.00,752.00,750.00,750.00,600,206625,746.97,749.00,752.65
12.03.21 09:42:59,753.05,753.05,746.75,746.75,975,207375,747.26,744.25,751.25
12.03.21 09:45:59,755.75,755.75,755.75,755.75,675,207375,747.89,748.20,752.75
12.03.21 09:46:59,754.25,754.25,754.25,754.25,225,207375,748.05,753.90,758.50
12.03.21 09:47:59,760.00,760.00,760.00,760.00,75,207300,748.14,755.10,758.75
12.03.21 09:48:59,759.30,759.30,759.30,759.30,600,207300,748.82,757.05,761.60
12.03.21 09:50:59,760.00,760.00,760.00,760.00,75,207300,748.90,757.00,760.10
12.03.21 09:51:59,757.00,757.00,755.00,755.00,225,207450,749.05,754.10,758.55
12.03.21 09:52:59,760.25,760.25,760.25,760.25,75,207450,749.13,756.20,760.70
12.03.21 09:57:59,755.00,755.00,755.00,755.00,150,207450,749.22,750.05,754.70
12.03.21 09:58:59,747.05,747.05,747.05,747.05,75,207450,749.20,747.00,749.55
12.03.21 09:59:59,752.40,752.40,752.40,752.40,75,207450,749.22,748.00,750.70
12.03.21 10:00:59,749.80,749.80,747.00,747.00,225,207375,749.20,745.05,749.10
12.03.21 10:07:59,753.00,753.00,753.00,753.00,75,207375,749.23,750.65,754.70
12.03.21 10:10:59,758.15,758.15,758.15,758.15,75,207375,749.29,755.00,757.25
12.03.21 10:11:59,755.00,755.00,755.00,755.00,75,207375,749.33,752.65,756.20
12.03.21 10:12:59,755.00,755.00,755.00,755.00,1200,207450,749.89,751.15,754.95
12.03.21 10:14:59,753.00,755.00,753.00,755.00,375,208125,750.01,752.60,757.35
12.03.21 10:15:59,755.00,757.00,755.00,757.00,825,208125,750.34,755.25,757.95
12.03.21 10:16:59,756.00,757.50,754.50,757.00,1875,208125,751.07,757.05,761.50
12.03.21 10:17:59,757.00,757.00,757.00,757.00,675,210150,751.32,755.90,759.60
12.03.21 10:20:59,755.00,755.00,755.00,755.00,75,210825,751.34,754.05,758.55
12.03.21 10:21:59,760.00,760.00,760.00,760.00,300,210825,751.50,757.70,761.40
12.03.21 10:22:59,761.95,761.95,761.95,761.95,75,210825,751.55,756.65,759.95
12.03.21 10:23:59,760.00,763.80,760.00,763.80,225,211200,751.69,761.90,763.85
12.03.21 10:24:59,768.45,770.00,768.45,770.00,150,211200,751.84,766.60,770.85
12.03.21 10:25:59,770.85,770.85,765.10,765.10,1725,211200,753.32,764.55,768.30
12.03.21 10:26:59,765.00,765.00,765.00,765.00,150,213000,753.41,763.50,765.00
12.03.21 10:27:59,765.00,765.00,765.00,765.00,225,213000,753.55,763.55,767.80
12.03.21 10:28:59,769.20,769.20,769.20,769.20,225,213000,753.73,767.30,771.55
12.03.21 10:30:59,770.40,772.45,770.40,772.45,825,213375,754.47,771.65,775.75
12.03.21 10:31:59,773.15,773.15,773.15,773.15,75,213375,754.54,766.05,769.55
12.03.21 10:33:59,760.00,760.00,760.00,760.00,75,214125,754.56,757.40,759.95
12.03.21 10:34:59,760.00,760.00,760.00,760.00,1350,214125,754.90,757.25,760.65
12.03.21 10:35:59,760.45,760.45,754.55,754.55,2325,213075,755.53,754.40,758.20
12.03.21 10:39:59,757.05,762.15,756.55,762.15,375,213300,755.56,758.85,763.35
12.03.21 10:41:59,768.10,768.10,768.10,768.10,75,214125,755.60,764.35,768.85
12.03.21 10:42:59,763.20,763.20,763.20,763.20,75,214125,755.63,765.75,770.00
12.03.21 10:46:59,765.00,765.00,765.00,765.00,75,213525,755.65,761.50,764.25
12.03.21 10:48:59,761.50,761.50,761.50,761.50,75,213525,755.67,761.00,765.20
12.03.21 10:53:59,764.65,764.65,764.10,764.10,150,213600,755.73,765.35,768.95
12.03.21 10:58:59,766.75,766.75,766.75,766.75,75,213600,755.76,765.45,769.65
12.03.21 10:59:59,769.95,769.95,769.95,769.95,75,213675,755.80,766.85,770.00
12.03.21 11:01:59,770.00,770.00,770.00,770.00,75,213675,755.84,770.05,773.25
12.03.21 11:05:59,769.05,769.05,769.05,769.05,75,213750,755.88,768.80,772.90
12.03.21 11:08:59,772.40,772.40,772.40,772.40,150,213750,755.98,767.40,771.25
12.03.21 11:10:59,770.00,770.00,770.00,770.00,75,213825,756.03,770.10,772.90
12.03.21 11:11:59,770.00,770.00,770.00,770.00,75,213900,756.07,768.05,770.00
12.03.21 11:12:59,767.50,767.50,767.50,767.50,675,213900,756.37,768.70,772.55
12.03.21 11:13:59,772.90,772.90,772.90,772.90,75,213900,756.41,771.55,775.30
12.03.21 11:14:59,770.05,770.05,770.05,770.05,75,213900,756.45,770.00,772.30
12.03.21 11:15:59,774.75,774.75,773.80,773.80,225,213600,756.60,770.10,773.80
12.03.21 11:16:59,770.05,770.05,768.00,768.00,225,213600,756.71,768.00,770.30
12.03.21 11:17:59,768.00,768.00,768.00,768.00,75,213600,756.74,769.45,773.40
12.03.21 11:18:59,775.55,779.65,775.55,779.65,225,213600,756.90,772.20,776.20
12.03.21 11:19:59,780.00,780.00,780.00,780.00,1575,213600,758.11,770.25,773.95
12.03.21 11:20:59,769.10,769.10,769.10,769.10,75,213600,758.14,768.25,772.40
12.03.21 11:24:59,768.00,768.00,768.00,768.00,150,214575,758.19,766.25,768.00
12.03.21 11:25:59,768.00,768.00,768.00,768.00,750,214575,758.44,766.55,770.80
12.03.21 11:28:59,770.00,770.00,770.00,770.00,75,214725,758.47,768.10,772.00
12.03.21 11:29:59,771.00,771.00,771.00,771.00,75,214725,758.50,770.10,772.00
12.03.21 11:30:59,771.00,771.00,771.00,771.00,75,214500,758.54,764.45,768.00
12.03.21 11:33:59,760.15,763.00,760.00,760.00,1650,214500,758.76,753.00,757.30
12.03.21 11:34:59,757.00,757.00,757.00,757.00,75,214500,758.75,754.05,758.20
12.03.21 11:35:59,758.00,758.00,758.00,758.00,75,215925,758.75,757.20,760.00
12.03.21 11:36:59,755.00,757.75,755.00,757.75,525,215925,758.73,752.25,756.40
12.03.21 11:39:59,759.35,759.35,759.35,759.35,75,216225,758.73,757.05,759.90
12.03.21 11:40:59,760.00,760.00,760.00,760.00,150,216225,758.74,758.50,762.85
12.03.21 11:42:59,764.00,764.00,762.85,762.85,150,215550,758.76,763.00,764.40
12.03.21 11:43:59,763.05,763.05,763.05,763.05,75,215550,758.77,761.95,766.05
12.03.21 11:44:59,760.80,763.00,760.80,763.00,375,215550,758.81,760.90,764.65
12.03.21 11:45:59,763.00,763.00,763.00,763.00,75,215175,758.82,762.40,766.20
12.03.21 11:46:59,763.35,763.35,763.35,763.35,450,215175,758.88,765.00,766.95
12.03.21 11:47:59,765.00,765.00,765.00,765.00,75,215175,758.90,761.70,765.75
12.03.21 11:48:59,759.90,759.90,759.90,759.90,150,215175,758.90,759.55,763.40
12.03.21 11:51:59,757.25,757.25,757.25,757.25,75,215175,758.90,759.85,764.00
12.03.21 11:59:59,764.70,764.70,764.70,764.70,75,215250,758.91,762.05,764.90
12.03.21 12:01:59,763.20,763.20,763.20,763.20,75,215250,758.92,763.00,763.50
12.03.21 12:02:59,764.00,765.00,764.00,765.00,450,215250,758.99,761.80,764.65
12.03.21 12:05:59,767.00,767.00,767.00,767.00,750,215250,759.16,763.35,767.60
12.03.21 12:07:59,769.00,769.90,769.00,769.90,675,215325,759.35,767.50,770.00
12.03.21 12:08:59,770.00,770.00,770.00,770.00,75,215325,759.37,769.00,769.80
12.03.21 12:09:59,769.00,769.00,769.00,769.00,150,215550,759.42,769.00,770.00
12.03.21 12:11:59,771.00,771.00,769.00,770.00,825,215550,759.65,766.85,769.65
12.03.21 12:12:59,770.00,770.00,770.00,770.00,225,215550,759.72,767.45,770.15
12.03.21 12:13:59,770.70,770.70,770.70,770.70,150,215550,759.76,770.70,772.20
12.03.21 12:14:59,772.00,778.80,772.00,778.80,525,215550,759.99,780.60,785.25
12.03.21 12:15:59,782.10,790.00,782.10,790.00,525,216150,760.39,785.00,785.75
12.03.21 12:16:59,789.45,790.05,789.45,790.00,450,216150,760.73,785.00,789.55
12.03.21 12:17:59,785.00,785.00,780.00,780.00,300,216150,760.89,785.00,785.95
12.03.21 12:18:59,786.00,786.00,786.00,786.00,75,216225,760.94,782.85,785.85
12.03.21 12:19:59,783.75,783.75,783.75,783.75,75,216225,760.99,785.00,785.55
12.03.21 12:20:59,785.40,786.40,783.95,783.95,375,216225,761.22,784.00,785.55
12.03.21 12:21:59,784.55,784.55,784.55,784.55,150,216375,761.31,785.10,787.90
12.03.21 12:22:59,788.65,798.00,788.65,798.00,675,216375,761.85,790.55,799.00
12.03.21 12:23:59,792.30,795.00,792.30,795.00,150,216375,761.96,790.90,797.25
12.03.21 12:24:59,792.25,794.20,792.25,793.50,450,216525,762.31,790.95,793.80
12.03.21 12:25:59,794.00,795.55,793.95,793.95,300,216525,762.54,789.35,792.50
12.03.21 12:26:59,793.75,795.30,793.75,795.30,150,216525,762.66,793.25,796.20
12.03.21 12:27:59,798.70,798.70,798.05,798.05,150,216450,762.79,795.45,798.30
12.03.21 12:28:59,798.55,799.00,798.00,799.00,225,216450,762.98,798.60,799.00
12.03.21 12:29:59,799.00,800.00,799.00,800.00,600,216450,763.50,794.95,797.55
12.03.21 12:34:59,785.40,786.05,784.60,785.50,2025,216600,764.50,787.70,790.50
12.03.21 12:39:59,797.00,800.00,797.00,800.00,150,218625,764.61,796.65,799.40
12.03.21 12:40:59,805.15,808.25,804.05,806.40,675,218625,765.23,803.35,806.30
12.03.21 12:41:59,806.50,806.50,806.15,806.15,225,218625,765.44,802.55,807.30
12.03.21 12:43:59,810.80,811.25,809.30,811.25,675,218700,766.10,809.40,812.15
12.03.21 12:44:59,813.85,814.85,810.90,812.95,900,218700,766.99,814.95,817.75
12.03.21 12:45:59,817.55,820.00,816.90,820.00,600,218850,767.64,812.35,815.35
12.03.21 12:46:59,816.30,816.30,816.10,816.10,225,218850,767.87,813.40,816.20
12.03.21 12:47:59,810.00,810.00,810.00,810.00,75,218850,767.94,804.65,809.65
12.03.21 12:49:59,816.85,816.85,812.60,812.60,450,218925,768.36,815.00,816.15
12.03.21 12:50:59,815.00,815.00,815.00,815.00,75,218925,768.44,821.70,825.00
12.03.21 12:51:59,825.00,825.00,825.00,825.00,75,219300,768.52,825.00,830.35
12.03.21 12:52:59,830.00,830.00,825.15,825.15,150,219300,768.71,823.10,825.90
12.03.21 12:53:59,823.00,823.00,821.55,821.55,375,219300,769.12,815.40,819.75
12.03.21 12:54:59,819.65,819.65,819.65,819.65,75,0,769.20,816.55,819.80
12.03.21 13:00:59,824.20,837.40,824.20,831.40,300,219525,769.57,825.15,834.25
12.03.21 13:01:59,830.00,830.00,830.00,830.00,75,219525,769.67,823.80,826.85
12.03.21 13:03:59,811.55,811.55,811.55,811.55,150,219600,769.80,811.00,813.90
12.03.21 13:06:59,810.00,815.00,810.00,815.00,150,219600,769.93,813.45,820.90
12.03.21 13:13:59,820.00,820.00,818.40,818.40,150,219600,770.08,824.95,827.80
12.03.21 13:15:59,836.05,840.00,836.05,840.00,450,219750,770.70,833.85,843.25
12.03.21 13:16:59,839.65,839.65,839.65,839.65,75,219750,770.80,832.65,839.70
12.03.21 13:17:59,839.70,840.00,839.70,840.00,150,219750,771.00,822.90,833.90
12.03.21 13:18:59,827.20,827.20,827.20,827.20,75,219900,771.09,824.10,827.00
12.03.21 13:19:59,825.55,827.35,825.55,827.25,300,219900,771.42,831.00,835.00
12.03.21 13:22:59,833.05,833.05,833.00,833.00,300,219900,771.78,827.15,833.00
12.03.21 13:25:59,820.00,820.00,820.00,820.00,1575,220125,773.23,823.65,826.75
12.03.21 13:27:59,824.00,824.00,823.00,823.00,2175,219900,775.21,824.95,827.75
12.03.21 13:29:59,826.95,826.95,826.95,826.95,600,219900,775.78,833.70,840.00
12.03.21 13:31:59,837.85,840.95,837.85,840.95,150,219300,775.95,846.80,849.50
12.03.21 13:32:59,850.00,854.20,850.00,854.20,675,219300,776.87,850.00,854.80
12.03.21 13:33:59,860.00,860.00,860.00,860.00,150,218700,777.09,859.35,867.55
12.03.21 13:34:59,870.00,880.00,870.00,880.00,300,218700,777.61,876.15,887.65
12.03.21 13:35:59,880.10,886.50,880.10,886.50,150,218700,777.89,885.00,886.50
12.03.21 13:36:59,885.00,887.60,878.40,885.00,375,218925,778.58,880.75,887.50
12.03.21 13:37:59,889.00,889.00,889.00,889.00,225,218925,779.01,880.05,887.25
12.03.21 13:39:59,872.70,880.00,872.70,880.00,300,219000,779.52,882.85,885.85
12.03.21 13:40:59,890.00,917.30,890.00,917.30,375,219000,780.30,908.45,911.40
12.03.21 13:41:59,917.20,917.20,917.20,917.20,75,219000,780.48,904.30,910.85
12.03.21 13:42:59,912.00,950.00,912.00,948.60,1725,219300,784.64,933.15,939.25
12.03.21 13:43:59,969.90,969.90,969.90,969.90,225,219300,785.32,991.05,1003.40
12.03.21 13:44:59,979.05,979.10,964.00,964.00,300,219300,786.24,956.75,963.95
12.03.21 13:45:59,964.00,990.45,964.00,979.05,600,218925,788.16,975.80,981.60
12.03.21 13:46:59,981.60,981.60,942.05,942.05,450,218925,789.44,942.60,956.00
12.03.21 13:47:59,930.00,965.75,930.00,965.75,2475,218925,796.19,947.85,965.45
12.03.21 13:48:59,955.05,955.05,954.90,954.90,600,218250,797.68,953.05,956.30
12.03.21 13:49:59,959.95,959.95,950.10,950.10,225,218250,798.23,944.70,953.60
12.03.21 13:50:59,940.00,940.00,940.00,940.00,450,218250,799.21,937.45,949.15
12.03.21 13:52:59,934.45,940.00,930.00,936.25,450,217050,800.14,925.35,928.20
12.03.21 13:53:59,925.55,937.65,925.55,937.65,150,217050,800.44,929.20,936.55
12.03.21 13:54:59,912.90,918.45,912.90,915.00,450,216750,801.22,905.05,915.35
12.03.21 13:55:59,910.00,921.00,910.00,917.50,1725,216750,804.07,915.00,918.05
12.03.21 13:56:59,915.00,930.05,915.00,930.00,675,216750,805.26,922.75,931.50
12.03.21 13:57:59,930.00,937.05,930.00,935.40,225,216900,805.69,927.10,938.35
12.03.21 13:58:59,934.05,940.55,931.90,932.90,3150,216900,811.27,925.65,934.05
12.03.21 13:59:59,934.05,935.00,926.45,926.45,300,216900,811.77,914.40,929.50
12.03.21 14:00:59,930.00,930.00,930.00,930.00,150,216900,812.01,922.40,934.90
12.03.21 14:01:59,935.00,950.00,935.00,950.00,525,214875,812.95,938.10,949.90
12.03.21 14:02:59,945.00,945.00,945.00,945.00,75,214875,813.08,940.55,953.20
12.03.21 14:03:59,949.00,959.70,949.00,959.70,225,215100,813.51,945.30,956.65
12.03.21 14:04:59,954.80,960.00,954.80,960.00,525,215100,814.53,952.70,965.35
12.03.21 14:06:59,957.80,957.80,955.00,955.00,150,214950,814.82,946.10,958.75
12.03.21 14:07:59,955.00,960.00,955.00,960.00,225,214950,815.25,951.80,961.70
12.03.21 14:08:59,965.00,965.00,965.00,965.00,75,214950,815.40,963.55,975.60
12.03.21 14:09:59,975.00,980.00,971.00,980.00,225,214200,815.88,979.80,991.20
12.03.21 14:10:59,990.00,993.00,990.00,990.00,375,214200,816.76,980.25,991.30
12.03.21 14:11:59,1000.00,1000.00,1000.00,1000.00,450,214200,817.84,990.90,1002.65
12.03.21 14:12:59,997.20,997.20,992.00,992.00,300,214200,818.54,979.30,988.50
12.03.21 14:13:59,990.00,1005.05,990.00,1005.05,300,214200,819.25,991.15,1002.35
12.03.21 14:14:59,1000.00,1015.30,1000.00,1015.30,375,214200,820.18,1008.85,1019.75
12.03.21 14:15:59,1019.75,1040.00,1019.75,1040.00,600,214125,821.76,1031.45,1046.40
12.03.21 14:16:59,1047.05,1047.05,1030.00,1030.00,375,214125,822.80,1023.90,1034.60
12.03.21 14:17:59,1030.00,1030.00,1030.00,1030.00,150,214125,823.20,999.50,1011.60
12.03.21 14:18:59,1015.00,1015.00,1015.00,1015.00,150,214425,823.57,1005.75,1016.70
12.03.21 14:19:59,1015.00,1030.00,1015.00,1030.00,225,214425,824.16,1018.65,1031.55
12.03.21 14:20:59,1025.00,1030.00,1012.75,1012.75,1200,214425,827.10,1015.25,1026.80
12.03.21 14:21:59,1025.00,1025.00,1025.00,1025.00,75,214425,827.29,1012.85,1023.45
12.03.21 14:22:59,1033.00,1033.00,1026.15,1026.15,825,214875,829.36,1031.60,1040.95
12.03.21 14:23:59,1037.40,1048.65,1037.15,1044.35,600,214875,830.93,1033.65,1044.40
12.03.21 14:24:59,1044.35,1050.00,1040.00,1050.00,450,215700,832.12,1041.30,1055.20
12.03.21 14:25:59,1050.10,1050.10,1040.00,1040.00,150,215700,832.51,1024.45,1038.70
12.03.21 14:26:59,1020.00,1020.00,1020.00,1020.00,75,215700,832.68,1013.40,1023.55
12.03.21 14:27:59,1020.00,1026.05,1015.15,1015.15,675,215925,834.22,1015.00,1022.70
12.03.21 14:28:59,1020.00,1020.00,1015.00,1015.00,300,215925,834.89,1010.00,1017.25
12.03.21 14:29:59,1010.00,1020.00,1010.00,1020.00,300,215925,835.54,1006.40,1021.20
12.03.21 14:30:59,1035.00,1035.00,1035.00,1035.00,75,215925,835.72,1020.00,1028.90
12.03.21 14:31:59,1020.00,1020.00,1020.00,1020.00,75,216750,835.89,1025.00,1029.80
12.03.21 14:32:59,1025.00,1030.80,1025.00,1025.00,825,216750,837.79,1005.55,1018.50
12.03.21 14:33:59,1013.95,1013.95,1000.20,1000.20,225,216750,838.25,988.65,1003.80
12.03.21 14:34:59,997.30,997.30,985.30,985.30,300,217650,838.79,987.60,1000.80
12.03.21 14:35:59,996.85,1004.20,996.85,1000.00,375,217650,839.51,991.05,1003.35
12.03.21 14:36:59,1000.00,1000.00,1000.00,1000.00,225,217650,839.94,986.45,998.15
12.03.21 14:37:59,998.45,1005.00,998.45,1005.00,225,218400,840.36,1005.20,1022.10
12.03.21 14:38:59,1025.00,1025.00,1025.00,1025.00,75,218400,840.53,1009.75,1023.90
12.03.21 14:39:59,1015.00,1015.00,1015.00,1015.00,150,218400,840.84,1005.00,1015.70
12.03.21 14:40:59,1005.00,1010.00,1005.00,1010.00,150,218775,841.13,1003.80,1016.75
12.03.21 14:41:59,1010.00,1010.00,1010.00,1010.00,75,218775,841.28,1022.75,1026.15
12.03.21 14:42:59,1020.00,1020.00,1019.80,1019.80,150,218775,841.59,1010.00,1014.10
12.03.21 14:43:59,1011.90,1011.90,1001.35,1001.35,300,219075,842.18,996.50,1002.15
12.03.21 14:44:59,1000.25,1000.25,1000.00,1000.00,150,219075,842.45,1000.00,1005.50
12.03.21 14:45:59,1000.00,1005.00,1000.00,1005.00,150,218925,842.73,999.65,1003.05
12.03.21 14:46:59,1003.85,1011.00,1003.85,1011.00,225,218925,843.17,1008.50,1011.60
12.03.21 14:47:59,1010.00,1014.20,1010.00,1010.00,300,218925,843.75,1007.95,1011.45
12.03.21 14:48:59,1010.00,1014.80,1004.00,1004.00,375,219300,844.46,1002.75,1006.20
12.03.21 14:49:59,1004.20,1004.20,1004.20,1004.20,150,219300,844.74,1001.05,1004.30
12.03.21 14:50:59,1004.35,1004.35,1002.00,1002.00,225,219300,845.15,1001.20,1004.35
12.03.21 14:51:59,1019.00,1020.00,1019.00,1020.00,150,219525,845.45,1014.45,1017.70
12.03.21 14:52:59,1020.00,1025.00,1020.00,1025.00,225,219525,845.90,1021.50,1024.65
12.03.21 14:53:59,1025.00,1025.00,1022.60,1022.60,375,219525,846.66,1022.00,1025.05
12.03.21 14:54:59,1022.00,1025.00,1021.20,1021.55,375,220050,847.41,1021.25,1024.55
12.03.21 14:55:59,1029.90,1029.90,1025.00,1028.00,225,220050,847.86,1023.55,1027.60
12.03.21 14:56:59,1027.60,1027.60,1018.05,1018.05,300,220050,848.45,1011.20,1017.35
12.03.21 14:57:59,1017.15,1018.00,1015.00,1015.00,450,220650,849.30,1012.35,1015.55
12.03.21 14:58:59,1015.00,1024.95,1015.00,1021.75,525,220650,850.29,1017.75,1021.20
12.03.21 14:59:59,1016.55,1016.55,1015.00,1015.00,225,220650,850.71,1011.05,1019.05
12.03.21 15:00:59,991.35,991.35,978.10,978.10,300,221175,851.16,965.30,975.70
12.03.21 15:01:59,969.10,975.00,959.20,959.20,2100,221175,853.82,960.85,964.10
12.03.21 15:02:59,962.60,970.00,962.60,970.00,525,221175,854.44,964.60,973.65
12.03.21 15:03:59,971.80,971.80,958.80,963.00,450,221175,854.97,962.60,965.30
12.03.21 15:04:59,962.55,970.80,962.55,965.00,600,221175,855.67,957.90,961.10
12.03.21 15:05:59,958.65,975.00,958.65,974.80,1050,221175,856.88,974.95,976.85
12.03.21 15:06:59,973.20,979.65,969.30,976.25,1800,221775,859.05,975.85,978.90
12.03.21 15:07:59,975.30,975.30,967.70,969.80,300,221775,859.39,969.70,972.90
12.03.21 15:11:59,983.60,983.60,983.60,983.60,150,221325,859.58,982.10,988.45
12.03.21 15:16:59,979.70,979.70,979.70,979.70,75,218325,859.67,979.95,982.50
12.03.21 15:17:59,995.85,995.85,995.85,995.85,150,218325,859.87,987.70,990.70
12.03.21 15:18:59,984.45,984.45,984.45,984.45,75,218400,859.97,985.70,988.70
12.03.21 15:19:59,988.25,988.25,981.00,981.00,150,218400,860.16,977.75,980.00
12.03.21 15:20:59,980.00,980.00,980.00,980.00,300,218400,860.53,988.40,991.85
12.03.21 15:21:59,990.80,990.80,990.80,990.80,75,218400,860.63,990.90,993.55
12.03.21 15:22:59,990.00,990.00,990.00,990.00,300,218325,861.02,986.10,988.30
12.03.21 15:25:59,985.00,985.00,980.10,985.00,750,218250,861.93,986.10,988.35
12.03.21 15:26:59,988.00,988.00,985.90,985.90,225,218250,862.22,984.10,987.90
12.03.21 15:27:59,988.00,988.00,986.65,986.65,300,218250,862.59,985.35,994.05
12.03.21 15:30:00,991.55,991.55,991.10,991.10,225,217575,862.88,985.35,1005.40
15.03.21 09:16:59,1010.35,1010.35,1010.35,1010.35,75,217275,1010.35,1004.05,1021.45
15.03.21 09:19:59,1015.00,1030.00,1015.00,1022.05,450,217350,1020.52,1021.10,1033.45
15.03.21 09:21:59,1040.00,1065.00,1040.00,1065.00,300,217125,1030.78,1067.05,1077.60
15.03.21 09:22:59,1081.65,1081.65,1081.65,1081.65,150,217125,1038.29,1063.45,1075.15
15.03.21 09:23:59,1079.60,1079.60,1065.05,1065.05,225,217125,1044.61,1063.30,1072.90
15.03.21 09:24:59,1072.45,1072.45,1072.45,1072.45,75,217125,1046.25,1062.80,1067.15
15.03.21 09:25:59,1080.00,1080.00,1080.00,1080.00,225,217125,1051.31,1072.65,1077.65
15.03.21 09:26:59,1070.00,1070.00,1070.00,1070.00,75,216825,1052.20,1060.95,1065.55
15.03.21 09:28:59,1060.60,1060.60,1060.60,1060.60,75,0,1052.58,1051.50,1056.35
15.03.21 09:29:59,1061.35,1061.35,1061.35,1061.35,75,216825,1052.96,1068.05,1072.00
15.03.21 09:30:59,1072.00,1081.70,1072.00,1081.70,150,216825,1054.87,1087.05,1090.00
15.03.21 09:31:59,1089.95,1090.00,1089.95,1090.00,150,216825,1057.47,1085.65,1089.95
15.03.21 09:32:59,1089.95,1099.00,1089.95,1099.00,150,216900,1060.02,1093.05,1099.90
15.03.21 09:33:59,1100.00,1101.80,1100.00,1100.00,300,216900,1064.96,1097.75,1101.00
15.03.21 09:34:59,1097.85,1097.85,1097.85,1097.85,75,216900,1065.93,1097.80,1100.95
15.03.21 09:35:59,1112.60,1114.65,1112.60,1114.65,150,216900,1068.58,1113.55,1120.70
15.03.21 09:36:59,1113.55,1130.00,1113.55,1129.95,300,216900,1073.92,1125.05,1130.00
15.03.21 09:37:59,1130.00,1137.10,1130.00,1132.95,675,216900,1084.43,1135.75,1144.90
15.03.21 09:38:59,1130.00,1130.00,1127.60,1127.60,675,216750,1091.46,1111.05,1122.60
15.03.21 09:39:59,1112.80,1112.80,1112.80,1112.80,225,216750,1092.51,1127.45,1139.95
15.03.21 09:40:59,1150.00,1150.00,1150.00,1150.00,375,216750,1096.86,1153.00,1162.90
15.03.21 09:42:59,1136.00,1136.00,1136.00,1136.00,75,216750,1097.45,1145.95,1150.00
15.03.21 09:43:59,1150.00,1150.00,1148.65,1148.65,225,216750,1099.68,1142.40,1153.15
15.03.21 09:45:59,1153.00,1153.00,1135.00,1135.00,300,216825,1102.21,1127.80,1140.60
15.03.21 09:47:59,1132.00,1132.00,1132.00,1132.00,75,216750,1102.61,1130.45,1137.65
15.03.21 09:48:59,1110.75,1110.75,1110.75,1110.75,75,216750,1102.72,1101.20,1116.15
15.03.21 09:49:59,1126.05,1126.05,1118.50,1125.50,600,216750,1104.33,1111.75,1121.80
15.03.21 09:50:59,1125.00,1130.00,1125.00,1130.00,225,216675,1105.15,1124.80,1137.20
15.03.21 09:52:59,1120.00,1120.00,1120.00,1120.00,75,216675,1105.32,1106.30,1117.60
15.03.21 09:54:59,1104.35,1104.35,1104.35,1104.35,2025,0,1105.31,1100.05,1109.60
15.03.21 09:55:59,1100.00,1100.00,1100.00,1100.00,150,216525,1105.22,1084.40,1097.65
15.03.21 10:00:59,1100.00,1100.00,1100.00,1100.00,300,218325,1105.05,1107.95,1114.90
15.03.21 10:03:59,1120.00,1120.00,1120.00,1120.00,225,218625,1105.41,1122.40,1130.25
15.03.21 10:05:59,1135.60,1141.00,1135.60,1141.00,375,218625,1106.62,1132.25,1142.35
15.03.21 10:08:59,1134.90,1135.00,1134.90,1135.00,150,218250,1107.06,1132.30,1140.90
15.03.21 10:11:59,1120.00,1120.00,1120.00,1120.00,75,218250,1107.15,1113.55,1120.50
15.03.21 10:12:59,1120.55,1120.55,1120.55,1120.55,75,218250,1107.25,1110.60,1119.10
15.03.21 10:15:59,1125.00,1125.00,1125.00,1125.00,75,218325,1107.39,1122.80,1133.15
15.03.21 10:16:59,1130.00,1130.00,1125.00,1125.00,150,218325,1107.68,1115.20,1125.85
15.03.21 10:18:59,1110.00,1110.00,1110.00,1110.00,75,218475,1107.70,1100.10,1107.30
15.03.21 10:19:59,1100.00,1100.00,1100.00,1100.00,375,218475,1107.43,1097.25,1108.05
15.03.21 10:21:59,1105.00,1105.00,1105.00,1105.00,75,218850,1107.41,1095.65,1105.20
15.03.21 10:24:59,1094.80,1094.80,1094.80,1094.80,75,218925,1107.32,1079.10,1089.95
15.03.21 10:27:59,1106.00,1106.00,1106.00,1106.00,75,219000,1107.32,1100.00,1106.50
15.03.21 10:28:59,1108.00,1108.00,1108.00,1108.00,75,219000,1107.32,1103.70,1111.00
15.03.21 10:34:59,1115.75,1115.75,1115.75,1115.75,75,219000,1107.38,1111.65,1118.70
15.03.21 10:35:59,1118.60,1118.60,1118.60,1118.60,75,219000,1107.45,1106.75,1118.40
15.03.21 10:37:59,1116.80,1119.85,1116.80,1119.70,600,219075,1108.06,1115.00,1121.90
15.03.21 10:38:59,1115.00,1115.00,1110.65,1110.65,225,219150,1108.14,1101.15,1107.40
15.03.21 10:42:59,1110.00,1110.00,1108.00,1108.15,225,219150,1108.15,1105.90,1112.75
15.03.21 10:43:59,1114.65,1118.10,1114.65,1118.10,150,219150,1108.25,1109.90,1118.90
15.03.21 10:45:59,1123.05,1134.55,1123.05,1132.85,450,219375,1109.03,1119.85,1129.10
15.03.21 10:51:59,1127.15,1127.15,1127.15,1127.15,75,219525,1109.14,1125.00,1129.25
15.03.21 10:52:59,1130.00,1130.00,1130.00,1130.00,75,219525,1109.26,1120.00,1125.10
15.03.21 10:53:59,1125.35,1125.35,1110.45,1110.45,225,219525,1109.42,1120.00,1123.70
15.03.21 10:54:59,1123.00,1123.00,1123.00,1123.00,75,219675,1109.50,1117.85,1126.05
15.03.21 10:55:59,1130.00,1130.00,1130.00,1130.00,75,219675,1109.61,1125.90,1132.50
15.03.21 10:56:59,1137.05,1144.40,1137.05,1144.40,675,219900,1111.23,1136.60,1144.40
15.03.21 10:57:59,1144.40,1145.25,1140.90,1143.00,2850,219900,1116.76,1131.10,1142.05
15.03.21 10:58:59,1143.00,1145.00,1143.00,1145.00,150,219900,1117.00,1139.05,1149.15
15.03.21 10:59:59,1144.55,1144.55,1144.55,1144.55,75,221625,1117.12,1136.40,1146.70
15.03.21 11:00:59,1145.00,1154.20,1145.00,1149.80,1350,221625,1119.65,1140.05,1149.00
15.03.21 11:01:59,1150.20,1150.20,1150.20,1150.20,75,221625,1119.77,1136.85,1148.35
15.03.21 11:02:59,1149.80,1152.85,1145.00,1152.85,825,223800,1121.05,1142.90,1152.80
15.03.21 11:03:59,1154.05,1162.70,1154.05,1160.00,1125,223800,1123.21,1158.70,1170.55
15.03.21 11:04:59,1165.00,1170.00,1165.00,1170.00,150,223800,1123.53,1165.65,1175.00
15.03.21 11:06:59,1162.70,1165.00,1161.95,1165.00,675,225075,1124.80,1160.05,1169.95
15.03.21 11:07:59,1165.00,1165.00,1165.00,1165.00,75,225075,1124.94,1160.00,1165.20
15.03.21 11:08:59,1160.00,1160.00,1152.30,1152.30,225,225075,1125.28,1153.05,1162.25
15.03.21 11:09:59,1160.00,1160.15,1160.00,1160.15,225,225675,1125.64,1146.40,1156.45
15.03.21 11:10:59,1158.95,1158.95,1158.95,1158.95,75,225675,1125.75,1148.45,1157.15
15.03.21 11:12:59,1160.00,1169.65,1160.00,1169.65,300,225825,1126.28,1159.80,1169.95
15.03.21 11:13:59,1170.00,1175.00,1170.00,1172.00,2250,225825,1130.54,1162.15,1171.55
15.03.21 11:14:59,1163.15,1165.00,1163.15,1165.00,2325,225825,1133.46,1157.45,1166.65
15.03.21 11:15:59,1170.00,1170.00,1170.00,1170.00,75,227775,1133.56,1168.80,1175.00
15.03.21 11:16:59,1175.00,1180.00,1175.00,1180.00,225,227775,1133.93,1171.10,1183.30
15.03.21 11:18:59,1181.60,1185.00,1180.00,1185.00,225,227625,1134.33,1179.30,1188.25
15.03.21 11:19:59,1185.45,1185.45,1185.45,1185.45,150,227625,1134.61,1175.25,1182.00
15.03.21 11:20:59,1182.00,1190.00,1180.15,1190.00,450,227625,1135.41,1190.00,1196.60
15.03.21 11:21:59,1190.00,1190.00,1190.00,1190.00,75,227550,1135.56,1176.95,1186.90
15.03.21 11:22:59,1180.00,1180.00,1180.00,1180.00,75,227550,1135.68,1170.60,1181.75
15.03.21 11:23:59,1182.90,1182.90,1171.95,1171.95,225,227550,1136.02,1169.45,1179.55
15.03.21 11:26:59,1166.55,1166.55,1166.55,1166.55,75,227400,1136.10,1162.00,1171.30
15.03.21 11:29:59,1164.00,1164.00,1164.00,1164.00,75,227400,1136.17,1159.95,1169.10
15.03.21 11:33:59,1160.00,1160.00,1160.00,1160.00,300,227475,1136.42,1156.65,1165.90
15.03.21 11:35:59,1173.00,1175.00,1173.00,1175.00,150,227475,1136.62,1163.20,1172.60
15.03.21 11:38:59,1165.00,1165.00,1165.00,1165.00,75,227475,1136.69,1162.95,1171.85
15.03.21 11:42:59,1165.00,1165.00,1165.00,1165.00,75,227550,1136.76,1159.05,1169.05
15.03.21 11:45:59,1170.00,1170.00,1170.00,1170.00,75,227625,1136.85,1171.50,1182.10
15.03.21 11:47:59,1180.00,1180.00,1180.00,1180.00,150,227625,1137.07,1182.70,1185.00
15.03.21 11:49:59,1185.00,1190.00,1185.00,1190.00,675,227625,1138.25,1180.65,1190.50
15.03.21 11:51:59,1180.00,1180.00,1180.00,1180.00,300,228225,1138.67,1173.80,1183.30
15.03.21 11:53:59,1183.00,1183.00,1179.00,1179.00,450,228225,1139.27,1167.65,1176.90
15.03.21 11:54:59,1175.00,1175.00,1173.00,1173.00,150,228300,1139.44,1165.55,1170.00
15.03.21 11:55:59,1170.00,1175.20,1170.00,1170.00,450,228300,1139.90,1166.35,1177.50
15.03.21 11:59:59,1159.70,1159.70,1159.70,1159.70,75,228300,1139.94,1151.60,1154.70
15.03.21 12:02:59,1149.75,1149.75,1149.75,1149.75,75,228225,1139.97,1149.70,1153.25
15.03.21 12:04:59,1150.00,1150.00,1150.00,1150.00,75,228300,1139.99,1144.00,1147.40
15.03.21 12:05:59,1141.00,1141.00,1141.00,1141.00,150,228300,1140.00,1137.25,1140.70
15.03.21 12:08:59,1140.00,1140.00,1140.00,1140.00,75,228375,1140.00,1139.20,1142.70
15.03.21 12:09:59,1140.00,1140.00,1140.00,1140.00,600,228450,1140.00,1140.10,1143.50
15.03.21 12:10:59,1150.00,1150.00,1150.00,1150.00,75,228450,1140.02,1143.20,1146.70
15.03.21 12:13:59,1152.05,1152.05,1152.05,1152.05,75,227925,1140.05,1155.05,1156.80
15.03.21 12:14:59,1155.00,1155.00,1155.00,1155.00,75,227925,1140.08,1154.10,1157.45
15.03.21 12:15:59,1161.70,1161.70,1161.70,1161.70,450,228000,1140.39,1163.95,1167.35
15.03.21 12:16:59,1168.85,1168.85,1168.85,1168.85,75,228000,1140.45,1163.35,1169.30
15.03.21 12:18:59,1170.00,1170.00,1170.00,1170.00,75,228075,1140.52,1169.05,1172.55
15.03.21 12:20:59,1156.85,1156.85,1156.85,1156.85,75,228075,1140.56,1160.55,1164.10
15.03.21 12:24:59,1166.00,1166.00,1166.00,1166.00,75,228075,1140.61,1161.65,1165.00
15.03.21 12:25:59,1165.15,1165.15,1165.15,1165.15,75,228075,1140.67,1165.10,1168.25
15.03.21 12:27:59,1166.20,1166.20,1166.20,1166.20,75,228075,1140.73,1163.15,1166.40
15.03.21 12:31:59,1170.65,1170.65,1170.65,1170.65,75,228075,1140.79,1170.60,1171.70
15.03.21 12:32:59,1179.05,1179.05,1179.05,1179.05,75,228075,1140.88,1176.05,1179.25
15.03.21 12:33:59,1179.15,1179.15,1176.85,1176.85,150,228225,1141.04,1172.50,1176.15
15.03.21 12:34:59,1174.95,1175.00,1173.20,1175.00,300,228225,1141.34,1174.95,1178.10
15.03.21 12:35:59,1177.70,1180.40,1175.50,1180.05,375,228225,1141.75,1183.70,1187.25
15.03.21 12:36:59,1190.00,1193.30,1188.90,1188.90,300,229050,1142.18,1186.05,1189.80
15.03.21 12:37:59,1188.30,1188.30,1188.30,1188.30,75,229050,1142.28,1192.10,1195.25
15.03.21 12:38:59,1200.00,1201.75,1200.00,1200.00,525,229050,1143.14,1187.45,1197.90
15.03.21 12:40:59,1200.00,1201.80,1200.00,1201.80,150,229200,1143.39,1198.75,1202.15
15.03.21 12:42:59,1195.00,1200.00,1195.00,1200.00,300,229350,1143.84,1199.85,1203.05
15.03.21 12:43:59,1207.05,1207.05,1201.60,1206.55,525,229350,1144.73,1207.00,1207.95
15.03.21 12:44:59,1204.70,1204.70,1197.50,1197.50,300,229350,1145.20,1195.80,1199.00
15.03.21 12:45:59,1192.75,1200.00,1189.95,1189.95,375,229200,1145.71,1189.80,1192.85
15.03.21 12:46:59,1178.40,1178.40,1176.70,1176.70,150,229200,1145.84,1176.15,1179.05
15.03.21 12:47:59,1180.00,1180.00,1175.25,1175.25,150,229200,1145.97,1172.35,1175.35
15.03.21 12:48:59,1175.25,1175.25,1175.00,1175.00,150,229050,1146.08,1170.10,1173.05
15.03.21 12:49:59,1180.00,1180.00,1175.00,1175.00,150,229050,1146.21,1175.00,1178.15
15.03.21 12:50:59,1180.00,1180.00,1175.00,1175.00,225,229050,1146.40,1174.45,1177.60
15.03.21 12:52:59,1178.00,1178.00,1166.30,1166.30,150,229350,1146.50,1170.50,1174.00
15.03.21 12:56:59,1190.00,1190.00,1190.00,1190.00,150,229350,1146.67,1187.65,1190.75
15.03.21 12:58:59,1190.00,1190.00,1190.00,1190.00,75,229500,1146.76,1186.25,1189.80
15.03.21 13:00:59,1189.00,1194.85,1189.00,1194.85,150,229650,1146.94,1195.85,1201.00
15.03.21 13:01:59,1200.00,1200.00,1200.00,1200.00,75,229650,1147.04,1203.35,1206.00
15.03.21 13:02:59,1205.00,1206.00,1205.00,1206.00,225,229650,1147.38,1206.95,1210.60
15.03.21 13:03:59,1206.35,1206.35,1206.35,1206.35,75,229575,1147.50,1202.60,1206.30
15.03.21 13:04:59,1198.80,1199.20,1198.80,1199.20,150,229575,1147.70,1193.15,1196.40
15.03.21 13:05:59,1186.35,1186.35,1186.35,1186.35,75,229575,1147.77,1198.25,1205.20
15.03.21 13:06:59,1202.30,1202.30,1202.30,1202.30,75,229350,1147.88,1200.00,1203.05
15.03.21 13:07:59,1204.60,1204.85,1204.60,1204.85,150,229350,1148.09,1202.25,1207.85
15.03.21 13:08:59,1205.00,1215.00,1205.00,1215.00,150,229350,1148.33,1205.60,1213.85
15.03.21 13:09:59,1215.80,1215.80,1206.00,1206.00,225,229800,1148.69,1206.90,1210.10
15.03.21 13:10:59,1207.65,1207.65,1207.65,1207.65,75,229800,1148.80,1200.35,1204.00
15.03.21 13:11:59,1202.00,1202.00,1202.00,1202.00,75,229800,1148.90,1197.65,1200.85
15.03.21 13:12:59,1196.85,1196.85,1196.85,1196.85,75,229800,1148.99,1193.60,1197.25
15.03.21 13:13:59,1200.00,1200.00,1192.00,1192.00,300,229800,1149.33,1194.75,1198.35
15.03.21 13:14:59,1192.20,1192.20,1192.20,1192.20,75,229800,1149.41,1192.55,1196.10
15.03.21 13:17:59,1195.00,1195.00,1195.00,1195.00,75,229875,1149.50,1190.00,1192.35
15.03.21 13:18:59,1190.00,1190.00,1190.00,1190.00,75,229875,1149.57,1188.80,1192.20
15.03.21 13:20:59,1191.80,1191.80,1191.80,1191.80,225,230025,1149.82,1200.00,1203.40
15.03.21 13:23:59,1188.55,1188.55,1188.55,1188.55,75,229800,1149.89,1174.80,1186.00
15.03.21 13:24:59,1181.65,1181.65,1179.10,1179.10,300,229875,1150.11,1179.00,1182.50
15.03.21 13:25:59,1179.00,1179.00,1179.00,1179.00,75,229875,1150.17,1180.10,1195.40
15.03.21 13:26:59,1179.00,1179.00,1179.00,1179.00,75,229875,1150.22,1179.25,1193.20
15.03.21 13:28:59,1185.00,1185.00,1185.00,1185.00,150,230100,1150.35,1176.55,1186.35
15.03.21 13:29:59,1185.00,1185.00,1177.00,1177.00,150,230100,1150.46,1177.60,1186.45
15.03.21 13:30:59,1182.00,1182.00,1182.00,1182.00,150,230325,1150.57,1174.30,1184.00
15.03.21 13:31:59,1180.00,1180.00,1180.00,1180.00,75,230325,1150.62,1176.50,1186.30
15.03.21 13:32:59,1190.00,1190.00,1190.00,1190.00,75,230325,1150.70,1184.75,1192.60
15.03.21 13:34:59,1195.00,1195.00,1195.00,1195.00,75,230550,1150.77,1182.55,1191.40
15.03.21 13:35:59,1159.80,1165.00,1159.80,1165.00,150,230550,1150.82,1156.35,1165.50
15.03.21 13:36:59,1165.00,1165.00,1165.00,1165.00,150,230625,1150.87,1165.00,1167.60
15.03.21 13:37:59,1165.00,1165.00,1165.00,1165.00,75,230625,1150.89,1155.00,1158.00
15.03.21 13:38:59,1155.00,1155.00,1149.80,1149.80,225,230625,1150.91,1138.55,1147.15
15.03.21 13:39:59,1155.00,1156.05,1154.55,1156.05,225,231000,1150.93,1153.20,1162.20
15.03.21 13:40:59,1160.00,1160.00,1155.00,1155.00,150,231000,1150.95,1155.15,1164.20
15.03.21 13:41:59,1162.00,1162.00,1158.95,1158.95,300,231000,1151.02,1157.75,1164.70
15.03.21 13:43:59,1170.00,1170.00,1170.00,1170.00,75,231450,1151.06,1148.50,1157.35
15.03.21 13:45:59,1140.00,1140.00,1140.00,1140.00,75,231525,1151.04,1149.05,1155.80
15.03.21 13:49:59,1150.00,1150.00,1150.00,1150.00,75,231525,1151.04,1138.30,1145.85
15.03.21 13:52:59,1140.00,1140.00,1140.00,1140.00,150,231600,1151.00,1130.20,1140.35
15.03.21 13:53:59,1120.20,1120.20,1120.20,1120.20,75,231600,1150.95,1125.00,1134.25
15.03.21 13:54:59,1130.00,1135.00,1130.00,1135.00,150,231600,1150.88,1133.70,1141.35
15.03.21 13:57:59,1138.00,1138.00,1138.00,1138.00,75,231525,1150.86,1132.15,1140.00
15.03.21 14:01:59,1140.00,1140.00,1130.00,1130.00,300,231525,1150.73,1127.15,1135.00
15.03.21 14:03:59,1167.80,1170.00,1167.80,1170.00,150,231825,1150.80,1158.05,1167.45
15.03.21 14:04:59,1170.00,1170.00,1170.00,1170.00,75,231825,1150.83,1165.00,1171.35
15.03.21 14:05:59,1165.00,1165.00,1165.00,1165.00,75,231825,1150.85,1154.10,1164.20
15.03.21 14:08:59,1164.95,1164.95,1164.95,1164.95,75,232050,1150.88,1170.00,1176.45
15.03.21 14:09:59,1170.00,1170.00,1167.85,1167.85,150,232200,1150.94,1156.85,1165.05
15.03.21 14:10:59,1156.00,1156.00,1156.00,1156.00,75,232200,1150.95,1155.35,1164.55
15.03.21 14:11:59,1165.00,1165.00,1165.00,1165.00,75,232200,1150.97,1162.55,1171.80
15.03.21 14:12:59,1160.70,1160.70,1160.70,1160.70,150,232350,1151.00,1165.60,1171.75
15.03.21 14:13:59,1170.00,1170.00,1165.00,1165.00,150,232350,1151.06,1155.20,1162.20
15.03.21 14:16:59,1132.00,1132.00,1132.00,1132.00,75,232500,1151.03,1125.15,1133.85
15.03.21 14:18:59,1130.90,1130.90,1130.90,1130.90,75,232500,1150.99,1144.10,1151.40
15.03.21 14:19:59,1154.05,1154.05,1154.05,1154.05,75,232575,1151.00,1141.20,1148.70
15.03.21 14:22:59,1150.00,1150.00,1150.00,1150.00,150,232650,1150.99,1140.05,1147.95
15.03.21 14:23:59,1140.00,1140.00,1140.00,1140.00,75,232650,1150.98,1135.15,1143.75
15.03.21 14:28:59,1130.00,1130.00,1130.00,1130.00,75,232875,1150.94,1124.25,1133.05
15.03.21 14:29:59,1132.35,1132.35,1132.35,1132.35,75,232875,1150.91,1130.00,1133.35
15.03.21 14:30:59,1130.00,1130.00,1130.00,1130.00,75,232875,1150.88,1135.00,1139.10
15.03.21 14:31:59,1135.00,1135.00,1125.00,1126.50,525,233025,1150.61,1117.25,1126.15
15.03.21 14:32:59,1125.00,1125.00,1125.00,1125.00,150,233025,1150.52,1120.95,1129.75
15.03.21 14:37:59,1100.00,1100.00,1100.00,1100.00,75,233475,1150.44,1090.95,1101.40
15.03.21 14:38:59,1102.15,1102.15,1102.15,1102.15,75,233475,1150.36,1097.45,1107.10
15.03.21 14:42:59,1105.00,1105.00,1105.00,1105.00,75,233475,1150.29,1090.65,1101.00
15.03.21 14:43:59,1102.30,1102.30,1102.30,1102.30,150,233550,1150.14,1100.00,1108.20
15.03.21 14:44:59,1105.00,1105.00,1097.00,1097.00,150,233550,1149.98,1093.95,1102.40
15.03.21 14:46:59,1099.00,1099.00,1099.00,1099.00,225,233850,1149.73,1099.70,1106.00
15.03.21 14:47:59,1104.15,1104.15,1104.15,1104.15,75,233850,1149.66,1102.75,1109.30
15.03.21 14:48:59,1105.80,1105.80,1105.00,1105.00,150,233850,1149.52,1088.95,1099.15
15.03.21 14:49:59,1100.00,1100.00,1100.00,1100.00,75,233775,1149.44,1094.00,1102.20
15.03.21 14:52:59,1105.00,1105.00,1105.00,1105.00,75,233850,1149.37,1098.80,1105.55
15.03.21 14:53:59,1105.00,1105.00,1097.00,1097.00,225,233850,1149.14,1090.00,1097.75
15.03.21 14:54:59,1091.90,1091.90,1082.15,1082.15,225,234150,1148.86,1070.70,1079.60
15.03.21 14:55:59,1068.65,1077.00,1068.65,1077.00,300,234150,1148.39,1077.00,1077.60
15.03.21 14:56:59,1077.00,1077.00,1073.85,1075.00,225,234150,1148.05,1053.30,1061.05
15.03.21 14:57:59,1056.20,1056.20,1056.20,1056.20,75,234150,1147.90,1060.70,1069.10
15.03.21 14:58:59,1060.00,1060.00,1060.00,1060.00,75,234300,1147.77,1057.05,1065.45
15.03.21 14:59:59,1065.00,1065.00,1065.00,1065.00,75,234300,1147.64,1056.95,1065.10
15.03.21 15:00:59,1045.05,1045.05,1045.05,1045.05,75,234300,1147.48,1041.15,1053.35
15.03.21 15:01:59,1043.65,1043.65,1029.65,1029.65,375,234450,1146.65,1023.85,1032.45
15.03.21 15:02:59,1037.45,1037.45,1037.45,1037.45,75,234450,1146.48,1018.85,1027.95
15.03.21 15:03:59,1028.90,1042.30,1027.65,1042.30,375,234450,1145.64,1037.10,1046.55
15.03.21 15:04:59,1037.70,1037.70,1034.35,1034.35,375,234450,1144.81,1022.05,1033.45
15.03.21 15:05:59,1033.75,1038.10,1021.60,1021.60,450,234450,1143.76,1010.00,1020.60
15.03.21 15:06:59,1017.40,1020.65,1017.25,1018.30,450,234450,1142.65,1008.65,1018.85
15.03.21 15:07:59,1010.55,1011.25,1006.30,1006.30,600,234450,1141.11,1007.55,1019.60
15.03.21 15:08:59,1010.00,1010.00,1010.00,1010.00,225,234450,1140.54,1017.25,1028.55
15.03.21 15:09:59,1026.40,1027.55,1017.00,1017.00,375,234600,1139.68,1010.60,1019.50
15.03.21 15:10:59,1021.15,1028.85,1021.15,1028.85,375,234600,1138.86,1021.00,1030.40
15.03.21 15:14:59,1045.00,1045.00,1045.00,1045.00,75,234750,1138.72,1037.20,1047.45
15.03.21 15:15:59,1036.60,1036.60,1022.90,1022.90,675,234750,1137.27,1029.85,1037.50
15.03.21 15:16:59,1045.50,1045.50,1045.50,1045.50,750,234225,1135.97,1035.95,1044.35
15.03.21 15:18:59,1047.00,1047.00,1047.00,1047.00,75,234225,1135.84,1045.10,1049.70
15.03.21 15:20:59,1051.80,1052.15,1040.90,1040.90,600,234975,1134.87,1040.45,1045.65
15.03.21 15:23:59,1048.50,1049.65,1048.00,1048.80,450,234975,1134.16,1046.20,1048.95
15.03.21 15:24:59,1049.00,1060.00,1049.00,1060.00,150,235275,1133.95,1056.05,1062.35
15.03.21 15:25:59,1060.00,1060.50,1060.00,1060.40,225,235275,1133.65,1057.45,1060.65
15.03.21 15:30:00,1053.25,1053.25,1053.25,1053.25,75,0,1133.54,1049.35,1059.75
16.03.21 09:15:59,984.35,984.35,984.30,984.30,375,235425,984.31,991.55,1011.45
16.03.21 09:16:59,998.00,998.00,998.00,998.00,75,235425,986.59,985.10,998.65
16.03.21 09:17:59,986.75,986.75,986.75,986.75,75,235425,986.61,990.60,1001.30
16.03.21 09:18:59,1012.85,1012.85,1012.00,1012.00,150,235200,992.35,1002.90,1013.80
16.03.21 09:20:59,996.75,998.25,989.10,989.10,1725,235275,994.83,1002.45,1004.80
16.03.21 09:22:59,1009.85,1011.20,1009.85,1011.20,150,235275,995.75,1010.95,1012.95
16.03.21 09:23:59,1010.00,1011.90,1003.00,1011.90,450,237000,997.41,1011.25,1014.00
16.03.21 09:24:59,1002.90,1005.00,1001.05,1001.05,600,237000,998.22,1009.60,1012.50
16.03.21 09:25:59,1000.00,1000.00,978.40,991.90,1500,237000,996.05,992.00,993.35
16.03.21 09:26:59,992.50,998.75,986.90,997.05,975,237750,995.42,1000.70,1004.55
16.03.21 09:28:59,997.05,1006.80,997.05,1006.80,1500,237750,996.27,1007.10,1010.20
16.03.21 09:29:59,1008.45,1008.45,1008.45,1008.45,75,239025,996.39,1005.50,1008.15
16.03.21 09:30:59,1013.30,1013.30,1009.10,1009.10,1200,239025,998.50,1002.60,1006.60
16.03.21 09:32:59,993.60,993.60,989.25,989.25,150,240075,998.39,992.00,994.80
16.03.21 09:33:59,988.25,989.35,982.10,982.10,450,240075,997.78,984.10,986.85
16.03.21 09:34:59,987.00,987.00,985.00,985.00,225,240075,997.51,983.10,987.50
16.03.21 09:35:59,982.20,984.15,982.20,984.15,375,240300,996.99,985.00,986.85
16.03.21 09:36:59,980.00,983.50,980.00,983.50,450,240300,996.33,981.10,983.95
16.03.21 09:37:59,981.00,990.95,980.65,990.95,375,240300,995.88,982.60,992.95
16.03.21 09:38:59,990.00,997.50,990.00,996.00,450,241575,995.84,995.30,998.50
16.03.21 09:39:59,998.35,998.35,993.00,993.00,300,241575,995.81,993.45,996.65
16.03.21 09:40:59,995.00,995.00,995.00,995.00,75,241575,995.80,990.00,993.25
16.03.21 09:41:59,994.50,994.50,994.50,994.50,75,242625,995.79,996.10,998.95
16.03.21 09:42:59,998.60,999.00,998.60,999.00,150,242625,995.83,1003.25,1006.40
16.03.21 09:43:59,1005.00,1026.65,1005.00,1026.65,375,242625,996.51,1023.95,1026.75
16.03.21 09:44:59,1031.85,1031.85,1030.00,1030.00,150,242625,996.92,1019.25,1026.90
16.03.21 09:45:59,1021.40,1022.85,1021.40,1022.85,375,242850,997.65,1020.05,1022.15
16.03.21 09:46:59,1020.00,1023.35,1020.00,1023.35,300,242850,998.18,1020.00,1021.70
16.03.21 09:47:59,1020.00,1020.00,1019.80,1019.80,150,242850,998.42,1018.05,1021.15
16.03.21 09:48:59,1024.80,1024.80,1024.80,1024.80,150,242850,998.72,1016.65,1019.85
16.03.21 09:49:59,1016.00,1016.00,1016.00,1016.00,75,242850,998.81,1017.45,1020.65
16.03.21 09:50:59,1021.25,1024.30,1021.25,1024.30,225,242925,999.20,1022.85,1026.00
16.03.21 09:51:59,1030.30,1035.00,1030.30,1031.30,300,242925,999.92,1031.70,1034.95
16.03.21 09:53:59,1028.00,1028.00,1025.10,1025.10,225,243075,1000.33,1025.95,1029.10
16.03.21 09:54:59,1022.00,1022.00,1022.00,1022.00,75,243075,1000.45,1022.45,1025.60
16.03.21 09:55:59,1025.00,1025.00,1025.00,1025.00,225,243075,1000.82,1022.45,1025.55
16.03.21 09:56:59,1022.75,1029.10,1022.75,1029.10,450,243525,1001.61,1025.45,1028.75
16.03.21 09:57:59,1028.00,1028.00,1015.50,1016.60,600,243525,1002.42,1011.95,1015.40
16.03.21 09:58:59,1000.45,1000.45,1000.45,1000.45,75,243525,1002.41,1000.30,1003.45
16.03.21 09:59:59,1001.80,1001.80,1001.80,1001.80,75,243525,1002.40,996.55,1002.00
16.03.21 10:00:59,991.10,991.10,991.10,991.10,75,244050,1002.35,992.70,995.85
16.03.21 10:01:59,992.95,992.95,992.95,992.95,300,244050,1002.18,995.00,997.70
16.03.21 10:02:59,995.75,995.75,995.75,995.75,75,244050,1002.15,995.85,998.90
16.03.21 10:04:59,1005.00,1005.00,1005.00,1005.00,75,244275,1002.16,1003.05,1006.20
16.03.21 10:05:59,1005.00,1005.00,1005.00,1005.00,150,244275,1002.19,1009.05,1011.70
16.03.21 10:06:59,1010.00,1010.00,1010.00,1010.00,75,244275,1002.23,1005.30,1008.55
16.03.21 10:07:59,1005.45,1005.45,1004.55,1004.55,150,244275,1002.25,1001.15,1004.30
16.03.21 10:08:59,1006.50,1006.75,1006.45,1006.75,225,244350,1002.31,1008.70,1013.05
16.03.21 10:09:59,1003.85,1004.85,1002.15,1004.85,300,244350,1002.34,1007.00,1010.15
16.03.21 10:10:59,1009.80,1014.65,1007.30,1010.70,1275,244350,1002.94,1011.00,1014.10
16.03.21 10:11:59,1013.55,1013.55,1005.60,1007.00,450,245250,1003.10,1003.85,1007.00
16.03.21 10:12:59,1006.00,1006.00,999.75,1001.00,675,245250,1003.05,1000.55,1003.10
16.03.21 10:13:59,999.20,1002.90,997.50,1002.00,900,245250,1002.90,998.15,1001.30
16.03.21 10:15:59,1002.00,1002.00,1002.00,1002.00,150,246000,1002.90,996.80,1003.20
16.03.21 10:16:59,996.35,996.35,996.35,996.35,75,246000,1002.87,993.35,996.30
16.03.21 10:17:59,992.35,993.65,992.35,992.35,225,246000,1002.76,988.90,991.70
16.03.21 10:18:59,991.70,994.60,989.60,993.65,1350,246000,1002.12,991.85,996.70
16.03.21 10:19:59,991.20,994.00,989.80,991.25,1050,246000,1001.67,993.10,996.25
16.03.21 10:20:59,993.55,994.65,986.25,986.25,900,246225,1001.27,979.05,983.70
16.03.21 10:21:59,982.75,982.75,980.20,980.20,225,246225,1001.08,972.10,978.50
16.03.21 10:22:59,975.00,975.00,975.00,975.00,75,246225,1001.00,970.70,973.35
16.03.21 10:23:59,970.00,979.00,970.00,979.00,450,246300,1000.49,974.95,978.75
16.03.21 10:24:59,979.00,980.55,979.00,980.00,525,246300,1000.07,982.00,983.45
16.03.21 10:25:59,982.00,986.80,982.00,985.50,600,246300,999.73,982.60,985.80
16.03.21 10:26:59,982.40,982.40,974.85,974.85,300,246525,999.49,975.30,978.40
16.03.21 10:27:59,978.50,978.50,977.50,977.50,225,246525,999.30,975.15,977.75
16.03.21 10:28:59,976.75,978.95,976.75,978.95,525,246525,998.90,976.70,979.85
16.03.21 10:29:59,971.95,971.95,966.15,969.00,600,247050,998.27,956.10,966.20
16.03.21 10:30:59,952.75,952.75,940.00,940.00,150,247050,997.99,941.15,943.45
16.03.21 10:31:59,946.65,946.65,946.65,946.65,75,247050,997.85,945.25,950.65
16.03.21 10:34:59,949.35,949.35,949.35,949.35,75,247050,997.72,940.75,949.95
16.03.21 10:35:59,950.00,950.00,950.00,950.00,150,247125,997.47,950.00,952.65
16.03.21 10:36:59,952.35,952.35,945.10,950.00,375,247125,996.83,947.65,951.30
16.03.21 10:38:59,955.00,955.00,953.30,953.30,150,247350,996.60,950.55,953.55
16.03.21 10:39:59,953.70,953.70,953.00,953.00,225,247350,996.27,949.65,952.65
16.03.21 10:41:59,945.00,945.00,945.00,945.00,75,247575,996.13,945.00,946.60
16.03.21 10:42:59,945.00,945.00,945.00,945.00,225,247575,995.74,934.40,940.75
16.03.21 10:43:59,937.65,937.65,932.00,932.00,375,247575,994.99,931.45,935.35
16.03.21 10:44:59,934.60,935.25,934.55,935.00,300,247575,994.39,933.40,938.00
16.03.21 10:45:59,938.00,938.00,937.15,937.15,225,247575,993.96,939.10,945.40
16.03.21 10:46:59,945.00,945.00,945.00,945.00,150,247575,993.72,940.70,946.75
16.03.21 10:47:59,945.00,945.00,945.00,945.00,75,247575,993.60,944.05,949.90
16.03.21 10:48:59,948.00,948.00,945.00,945.00,225,247650,993.26,945.00,953.05
16.03.21 10:49:59,950.00,950.00,948.00,948.00,300,247650,992.82,938.70,944.00
16.03.21 10:50:59,944.35,944.35,944.35,944.35,75,247650,992.71,941.00,945.80
16.03.21 10:51:59,943.75,943.75,939.70,939.70,450,247650,991.98,940.65,943.75
16.03.21 10:52:59,942.50,945.70,941.60,945.70,1125,247650,990.31,945.10,948.15
16.03.21 10:53:59,947.95,947.95,945.00,945.00,375,246675,989.81,943.95,947.00
16.03.21 10:54:59,946.00,946.00,946.00,946.00,150,246675,989.61,947.00,948.75
16.03.21 10:55:59,948.00,949.75,948.00,949.75,150,246675,989.43,947.20,950.30
16.03.21 10:56:59,947.30,947.30,947.30,947.30,75,246600,989.33,944.90,947.95
16.03.21 10:57:59,947.30,947.30,947.30,947.30,75,246600,989.24,948.70,951.75
16.03.21 10:59:59,958.00,958.00,958.00,958.00,75,246675,989.17,957.80,960.85
16.03.21 11:02:59,945.45,945.45,945.45,945.45,75,246600,989.07,945.70,948.75
16.03.21 11:03:59,949.15,949.15,949.10,949.10,150,246600,988.89,945.30,948.35
16.03.21 11:04:59,947.45,950.00,947.45,950.00,450,246600,988.37,946.35,949.45
16.03.21 11:05:59,950.00,952.35,950.00,952.35,300,246825,988.05,949.75,952.85
16.03.21 11:06:59,952.15,952.40,947.60,947.60,225,246825,987.81,946.30,949.40
16.03.21 11:07:59,949.85,949.85,949.85,949.85,75,246825,987.73,944.95,951.60
16.03.21 11:10:59,943.10,943.10,943.10,943.10,75,246825,987.63,940.60,943.65
16.03.21 11:11:59,945.00,945.00,945.00,945.00,75,246825,987.54,941.10,948.40
16.03.21 11:12:59,945.00,945.00,945.00,945.00,75,246900,987.45,940.65,943.70
16.03.21 11:13:59,945.15,950.00,945.15,949.65,300,246900,987.12,946.15,949.25
16.03.21 11:14:59,949.25,949.25,949.25,949.25,75,0,987.03,947.60,950.70
16.03.21 11:15:59,951.95,952.00,951.95,952.00,225,247050,986.81,951.90,955.00
16.03.21 11:16:59,955.00,959.35,955.00,957.90,225,247050,986.62,955.10,958.20
16.03.21 11:17:59,957.70,965.00,957.70,965.00,225,247350,986.47,965.00,974.15
16.03.21 11:18:59,968.50,975.00,966.95,972.75,1650,247350,985.76,968.65,971.70
16.03.21 11:19:59,971.00,971.00,963.45,965.20,1125,247350,985.22,965.55,968.65
16.03.21 11:20:59,971.00,973.15,968.25,968.25,750,247725,984.95,965.00,968.15
16.03.21 11:21:59,968.35,968.90,965.15,968.90,375,247725,984.79,963.55,966.65
16.03.21 11:22:59,966.25,970.00,966.25,970.00,225,247725,984.69,963.60,974.70
16.03.21 11:23:59,969.25,969.25,969.25,969.25,75,247725,984.67,966.40,969.45
16.03.21 11:24:59,964.40,965.15,964.40,964.40,225,248025,984.55,962.85,965.90
16.03.21 11:25:59,965.00,965.00,965.00,965.00,75,248025,984.52,962.35,965.50
16.03.21 11:26:59,958.55,958.55,958.55,958.55,75,248025,984.47,957.85,960.90
16.03.21 11:28:59,960.00,970.00,960.00,970.00,150,248025,984.40,971.00,978.45
16.03.21 11:29:59,971.30,984.40,971.30,984.40,225,248175,984.35,986.00,993.65
16.03.21 11:30:59,984.55,986.20,984.45,986.20,675,248175,984.37,984.40,993.00
16.03.21 11:31:59,990.00,990.00,985.00,985.00,150,248175,984.38,981.55,984.65
16.03.21 11:33:59,982.80,984.65,982.80,983.35,225,248400,984.37,980.15,982.95
16.03.21 11:34:59,984.35,988.65,984.35,988.65,150,248400,984.38,986.15,988.75
16.03.21 11:35:59,991.00,1000.00,991.00,995.00,300,248400,984.45,991.65,994.80
16.03.21 11:36:59,995.00,995.00,993.70,993.70,150,248475,984.49,992.60,995.20
16.03.21 11:37:59,994.40,996.30,994.40,996.30,150,248475,984.53,991.00,993.70
16.03.21 11:38:59,995.00,995.00,993.70,993.70,150,248475,984.56,987.75,990.85
16.03.21 11:39:59,989.35,990.05,989.35,990.05,150,248100,984.58,989.90,993.05
16.03.21 11:40:59,1005.00,1005.00,1000.00,1000.00,150,248100,984.64,995.25,1004.50
16.03.21 11:42:59,993.10,1003.00,993.10,1003.00,375,248100,984.77,996.50,1005.35
16.03.21 11:43:59,1000.00,1010.00,1000.00,1010.00,900,248100,985.21,1004.60,1012.85
16.03.21 11:44:59,1010.00,1010.00,1005.00,1005.00,300,247800,985.37,998.55,1009.00
16.03.21 11:46:59,995.00,995.60,995.00,995.60,150,247800,985.40,988.80,996.75
16.03.21 11:48:59,990.00,995.00,990.00,995.00,300,247725,985.46,989.65,997.85
16.03.21 11:50:59,989.50,989.50,989.50,989.50,75,247725,985.46,985.00,988.40
16.03.21 11:51:59,985.00,985.00,985.00,985.00,75,247800,985.46,982.85,991.90
16.03.21 11:52:59,990.00,990.00,990.00,990.00,300,247800,985.49,990.00,996.55
16.03.21 11:53:59,995.00,995.00,990.00,993.85,225,247800,985.53,984.85,993.45
16.03.21 11:54:59,990.85,995.00,990.85,995.00,300,247950,985.58,991.30,1000.50
16.03.21 11:55:59,995.00,995.00,994.00,994.00,150,247950,985.61,986.45,994.80
16.03.21 11:56:59,993.35,995.55,993.35,995.30,525,247950,985.71,995.25,1004.30
16.03.21 11:57:59,1000.00,1000.00,1000.00,1000.00,150,248175,985.75,993.20,1003.20
16.03.21 11:59:59,995.00,995.00,995.00,995.00,75,248175,985.77,990.50,998.55
16.03.21 12:00:59,1000.00,1000.00,998.00,998.00,150,248175,985.81,993.10,998.65
16.03.21 12:01:59,981.45,981.45,971.35,971.35,300,248175,985.75,954.10,969.90
16.03.21 12:02:59,940.10,940.10,940.10,940.10,75,248175,985.67,941.10,950.65
16.03.21 12:03:59,950.00,954.00,950.00,954.00,150,248250,985.57,942.35,952.70
16.03.21 12:04:59,950.00,950.00,950.00,950.00,75,248250,985.51,952.00,957.95
16.03.21 12:05:59,952.00,952.00,942.45,942.45,525,248250,985.11,942.00,951.40
16.03.21 12:06:59,941.00,955.00,941.00,955.00,375,248850,984.82,950.45,959.35
16.03.21 12:07:59,950.40,960.00,950.40,960.00,225,248850,984.68,952.15,961.25
16.03.21 12:08:59,951.95,951.95,951.95,951.95,75,248850,984.63,953.85,964.00
16.03.21 12:09:59,960.00,964.25,960.00,964.25,225,249300,984.53,955.80,966.00
16.03.21 12:10:59,965.00,969.25,965.00,967.85,375,249300,984.39,964.00,972.50
16.03.21 12:11:59,965.00,966.75,965.00,966.75,150,249300,984.34,956.80,966.70
16.03.21 12:12:59,965.00,965.00,965.00,965.00,150,249750,984.28,965.50,974.20
16.03.21 12:13:59,975.00,975.00,975.00,975.00,75,249750,984.26,970.90,980.40
16.03.21 12:14:59,983.55,983.55,983.55,983.55,75,249750,984.26,978.20,986.80
16.03.21 12:15:59,975.00,975.00,975.00,975.00,75,250050,984.25,969.60,977.10
16.03.21 12:16:59,975.00,980.00,975.00,975.00,225,250050,984.21,966.55,975.30
16.03.21 12:17:59,974.35,974.35,962.35,965.45,525,250050,984.05,964.80,973.40
16.03.21 12:18:59,970.00,974.85,970.00,970.00,450,250275,983.93,966.60,975.30
16.03.21 12:19:59,970.00,970.00,959.10,959.10,225,250275,983.85,958.30,967.80
16.03.21 12:21:59,970.00,970.00,965.60,970.00,300,250800,983.76,964.10,973.85
16.03.21 12:22:59,975.00,975.00,975.00,975.00,75,250800,983.75,969.55,978.85
16.03.21 12:23:59,969.45,978.75,969.45,978.75,150,250800,983.72,975.00,981.15
16.03.21 12:24:59,967.45,967.45,967.45,967.45,150,250800,983.68,974.85,985.30
16.03.21 12:25:59,980.00,980.00,980.00,980.00,75,251325,983.68,971.80,979.55
16.03.21 12:26:59,975.00,980.00,975.00,980.00,150,251325,983.66,977.85,987.15
16.03.21 12:28:59,980.00,980.00,980.00,980.00,75,251100,983.66,975.85,984.05
16.03.21 12:29:59,979.30,979.30,979.30,979.30,150,251100,983.65,978.85,988.95
16.03.21 12:30:59,985.00,985.00,985.00,985.00,75,251100,983.65,983.05,991.85
16.03.21 12:31:59,990.00,990.00,990.00,990.00,75,250875,983.66,986.70,994.95
16.03.21 12:33:59,968.45,968.45,964.05,964.05,150,250800,983.61,971.20,980.45
16.03.21 12:41:59,988.00,988.00,988.00,988.00,75,250500,983.62,983.40,991.85
16.03.21 12:57:59,979.00,979.00,979.00,979.00,75,250575,983.61,973.90,980.00
16.03.21 12:58:59,978.00,978.00,978.00,978.00,75,250575,983.61,976.20,982.95
16.03.21 12:59:59,978.00,978.00,978.00,978.00,150,250575,983.59,976.15,984.80
16.03.21 13:01:59,987.55,987.55,987.55,987.55,75,250875,983.60,982.55,991.60
16.03.21 13:03:59,983.35,983.35,983.35,983.35,75,250800,983.59,982.15,990.55
16.03.21 13:04:59,987.85,987.85,987.85,987.85,75,250800,983.60,973.35,983.30
16.03.21 13:09:59,985.10,1005.00,984.65,1005.00,225,250650,983.63,1001.10,1009.70
16.03.21 13:10:59,1015.00,1019.00,1012.95,1012.95,450,250650,983.90,1004.20,1015.90
16.03.21 13:11:59,1010.75,1024.90,1010.75,1024.90,525,250650,984.27,1022.25,1033.90
16.03.21 13:12:59,1021.95,1037.20,1021.75,1037.20,375,250500,984.58,1034.00,1047.25
16.03.21 13:13:59,1028.95,1028.95,1024.20,1027.00,525,250500,984.97,1025.10,1026.00
16.03.21 13:14:59,1023.60,1023.70,1022.60,1022.60,600,250500,985.38,1024.85,1026.80
16.03.21 13:15:59,1029.00,1040.00,1027.70,1040.00,900,249900,986.11,1041.35,1050.00
16.03.21 13:16:59,1045.00,1045.00,1033.40,1033.40,300,249900,986.39,1035.00,1046.70
16.03.21 13:18:59,1035.00,1035.00,1035.00,1035.00,150,249900,986.52,1022.25,1034.30
16.03.21 13:20:59,1035.00,1035.00,1035.00,1035.00,75,250275,986.58,1032.75,1043.85
16.03.21 13:21:59,1035.00,1035.00,1035.00,1035.00,75,250275,986.64,1027.90,1038.10
16.03.21 13:22:59,1022.60,1022.60,1017.00,1017.00,150,250275,986.73,1010.60,1021.60
16.03.21 13:26:59,1044.45,1044.45,1044.45,1044.45,150,250425,986.87,1035.10,1044.45
16.03.21 13:28:59,1035.90,1035.90,1035.90,1035.90,75,250425,986.94,1027.35,1037.55
16.03.21 13:29:59,1034.55,1040.00,1032.80,1040.00,225,250425,987.12,1038.65,1047.80
16.03.21 13:31:59,1022.00,1022.00,1022.00,1022.00,150,250425,987.21,1022.45,1034.80
16.03.21 13:33:59,1039.00,1039.00,1039.00,1039.00,300,250425,987.48,1038.00,1046.15
16.03.21 13:34:59,1043.80,1043.80,1043.80,1043.80,75,250425,987.55,1039.90,1049.20
16.03.21 13:35:59,1050.00,1050.00,1050.00,1050.00,675,250425,988.26,1060.75,1071.80
16.03.21 13:37:59,1055.90,1055.90,1055.90,1055.90,75,249825,988.34,1052.80,1062.20
16.03.21 13:38:59,1054.50,1058.10,1054.50,1058.10,225,249825,988.60,1058.00,1067.55
16.03.21 13:39:59,1063.55,1064.85,1063.55,1064.80,300,249825,988.97,1062.95,1070.90
16.03.21 13:40:59,1046.85,1046.85,1046.85,1046.85,150,250200,989.12,1046.55,1057.80
16.03.21 13:44:59,1027.60,1029.00,1022.80,1029.00,600,250500,989.48,1028.50,1036.70
16.03.21 13:45:59,1028.80,1028.80,1021.40,1021.40,225,251100,989.61,1021.40,1028.90
16.03.21 13:46:59,1025.00,1025.00,1025.00,1025.00,75,251100,989.65,1030.35,1040.55
16.03.21 13:47:59,1032.00,1032.00,1032.00,1032.00,75,251100,989.70,1027.65,1038.15
16.03.21 13:48:59,1030.00,1030.00,1030.00,1030.00,75,251175,989.75,1023.75,1032.50
16.03.21 13:50:59,1043.00,1043.00,1043.00,1043.00,75,251175,989.82,1038.50,1048.40
16.03.21 13:53:59,1021.60,1021.60,1021.60,1021.60,75,251175,989.86,1014.15,1024.60
16.03.21 13:54:59,1020.00,1020.00,1020.00,1020.00,150,251175,989.93,1017.00,1025.65
16.03.21 14:02:59,1020.00,1020.00,1000.00,1000.00,150,251175,989.98,987.75,999.05
16.03.21 14:03:59,1009.60,1009.60,1009.60,1009.60,75,251325,990.00,1006.55,1009.55
16.03.21 14:05:59,1004.50,1004.50,1004.50,1004.50,75,251325,990.02,1008.80,1011.80
16.03.21 14:06:59,1015.00,1015.00,1015.00,1015.00,75,251325,990.05,1014.25,1017.35
16.03.21 14:07:59,1020.00,1020.00,1020.00,1020.00,75,251250,990.09,1017.65,1020.80
16.03.21 14:09:59,1028.25,1028.25,1028.25,1028.25,75,251250,990.13,1028.05,1031.25
16.03.21 14:10:59,1039.00,1050.05,1039.00,1043.85,300,251250,990.39,1044.85,1048.05
16.03.21 14:11:59,1059.10,1059.10,1059.10,1059.10,75,251250,990.47,1047.50,1050.00
16.03.21 14:13:59,1041.55,1041.55,1041.55,1041.55,75,251100,990.53,1038.50,1041.75
16.03.21 14:15:59,1050.00,1050.00,1050.00,1050.00,75,251100,990.61,1032.50,1043.85
16.03.21 14:17:59,1041.80,1041.80,1041.80,1041.80,75,251175,990.67,1038.00,1041.15
16.03.21 14:19:59,1041.80,1041.80,1041.80,1041.80,75,251250,990.73,1039.35,1042.45
16.03.21 14:20:59,1042.05,1042.05,1042.05,1042.05,75,251250,990.79,1033.05,1036.20
16.03.21 14:21:59,1030.00,1030.00,1026.60,1026.60,150,251250,990.88,1027.75,1030.90
16.03.21 14:22:59,1031.00,1031.00,1031.00,1031.00,75,251250,990.92,1029.85,1033.00
16.03.21 14:24:59,1033.95,1034.35,1032.90,1033.10,300,251250,991.13,1033.50,1036.75
16.03.21 14:26:59,1032.25,1041.50,1032.25,1041.50,150,251325,991.23,1040.40,1046.80
16.03.21 14:30:59,1019.60,1019.60,1005.85,1005.85,225,251400,991.31,1015.10,1018.25
16.03.21 14:31:59,1012.20,1012.20,1006.80,1008.55,225,251475,991.37,1010.10,1015.95
16.03.21 14:35:59,1023.50,1026.45,1023.50,1026.45,225,251550,991.49,1030.80,1037.00
16.03.21 14:36:59,1026.50,1026.50,1026.50,1026.50,75,251550,991.53,1017.40,1029.10
16.03.21 14:37:59,1010.00,1010.00,1010.00,1010.00,75,251850,991.55,1006.90,1017.75
16.03.21 14:39:59,1002.00,1002.00,1002.00,1002.00,75,251925,991.57,998.70,1011.95
16.03.21 14:42:59,1010.00,1013.00,1010.00,1013.00,225,251925,991.64,1010.00,1017.85
16.03.21 14:43:59,1014.80,1016.00,1014.80,1016.00,150,251925,991.69,1016.75,1019.95
16.03.21 14:44:59,1015.90,1020.00,1015.90,1020.00,150,251925,991.75,1017.80,1022.30
16.03.21 14:46:59,1018.05,1018.80,1018.05,1018.80,150,251850,991.81,1018.25,1021.35
16.03.21 14:48:59,1013.10,1014.30,1012.50,1013.05,300,251850,991.91,1013.45,1016.55
16.03.21 14:49:59,1013.10,1017.50,1011.65,1011.65,225,251850,991.99,1019.25,1022.35
16.03.21 14:51:59,1004.85,1005.15,1004.85,1005.15,300,252000,992.05,999.55,1007.90
16.03.21 14:55:59,1017.50,1017.50,1017.50,1017.50,75,251925,992.08,1017.80,1020.55
16.03.21 14:57:59,1007.00,1007.00,1007.00,1007.00,75,251925,992.09,1012.60,1015.70
16.03.21 14:59:59,1010.00,1010.00,1010.00,1010.00,75,251925,992.11,1011.55,1013.55
16.03.21 15:00:59,1010.00,1010.00,992.10,992.10,150,251925,992.13,1005.85,1010.90
16.03.21 15:01:59,1010.50,1019.50,1010.50,1019.50,225,251850,992.21,1014.20,1019.50
16.03.21 15:02:59,1022.80,1036.00,1022.80,1036.00,225,251850,992.33,1032.45,1041.15
16.03.21 15:03:59,1038.90,1038.90,1038.90,1038.90,75,251850,992.38,1031.45,1037.65
16.03.21 15:04:59,1038.95,1038.95,1038.95,1038.95,75,252075,992.44,1030.60,1040.60
16.03.21 15:05:59,1050.00,1050.00,1050.00,1050.00,75,252075,992.50,1046.80,1055.35
16.03.21 15:06:59,1050.00,1050.00,1049.45,1050.00,450,252225,992.88,1045.75,1048.80
16.03.21 15:08:59,1050.00,1050.00,1050.00,1050.00,75,252225,992.95,1051.30,1054.35
16.03.21 15:09:59,1050.00,1050.00,1050.00,1050.00,75,252225,993.01,1050.00,1051.65
16.03.21 15:10:59,1050.00,1050.00,1040.70,1045.00,225,252675,993.18,1040.30,1043.45
16.03.21 15:11:59,1044.00,1044.00,1044.00,1044.00,75,252675,993.24,1048.75,1052.45
16.03.21 15:12:59,1049.75,1050.00,1048.00,1050.00,300,253125,993.49,1042.75,1049.60
16.03.21 15:13:59,1047.15,1047.15,1047.15,1047.15,75,253125,993.54,1041.25,1044.45
16.03.21 15:14:59,1044.30,1049.40,1044.30,1047.95,375,253125,993.84,1041.60,1044.80
16.03.21 15:16:59,1040.00,1040.00,1040.00,1040.00,150,253875,993.94,1040.30,1043.55
16.03.21 15:17:59,1043.55,1044.00,1043.55,1044.00,150,253875,994.05,1037.40,1040.60
16.03.21 15:18:59,1040.00,1040.00,1036.60,1040.00,225,254025,994.19,1038.20,1041.30
16.03.21 15:19:59,1040.00,1040.00,1040.00,1040.00,150,254025,994.29,1039.30,1042.35
16.03.21 15:20:59,1040.00,1040.00,1037.70,1037.70,150,254025,994.39,1033.50,1036.65
16.03.21 15:21:59,1033.00,1033.00,1033.00,1033.00,75,254025,994.43,1032.10,1038.90
16.03.21 15:22:59,1034.90,1034.90,1034.00,1034.00,150,254400,994.52,1029.40,1031.50
16.03.21 15:23:59,1028.00,1028.00,1028.00,1028.00,75,254400,994.55,1026.95,1030.15
16.03.21 15:24:59,1030.15,1031.60,1025.35,1031.60,675,254400,994.87,1025.50,1028.60
16.03.21 15:26:59,1024.90,1025.00,1023.65,1023.70,375,254325,995.03,1022.60,1023.30
16.03.21 15:27:59,1022.60,1022.60,1022.60,1022.60,75,254325,995.06,1022.20,1023.25
16.03.21 15:28:59,1024.00,1024.00,1021.20,1021.20,225,254550,995.14,1021.30,1024.20
17.03.21 09:16:59,1070.05,1070.05,1070.05,1070.05,75,254550,1070.05,1063.00,1070.10
17.03.21 09:20:59,1070.05,1070.05,1067.00,1067.00,225,254550,1069.28,1064.15,1069.10
17.03.21 09:21:59,1065.00,1065.00,1063.00,1063.00,150,254625,1067.52,1057.60,1061.65
17.03.21 09:23:59,1047.15,1047.45,1047.15,1047.45,150,254775,1062.46,1037.30,1045.95
17.03.21 09:25:59,1045.50,1045.80,1045.50,1045.80,150,254775,1059.10,1041.35,1048.90
17.03.21 09:26:59,1045.80,1048.50,1045.80,1045.80,450,254775,1054.53,1042.90,1052.55
17.03.21 09:27:59,1048.45,1048.45,1048.45,1048.45,75,254775,1054.17,1051.00,1054.35
17.03.21 09:28:59,1051.00,1051.00,1050.00,1050.00,375,254775,1053.34,1030.60,1040.45
17.03.21 09:29:59,1042.45,1042.45,1042.45,1042.45,75,254775,1052.87,1030.90,1041.35
17.03.21 09:30:59,1036.15,1036.15,1036.15,1036.15,75,255000,1052.17,1030.00,1036.40
17.03.21 09:31:59,1036.05,1036.05,1036.05,1036.05,75,255000,1051.53,1030.00,1034.05
17.03.21 09:33:59,1030.00,1030.00,1030.00,1030.00,75,255000,1050.70,1029.65,1039.90
17.03.21 09:36:59,1035.00,1035.00,1035.00,1035.00,75,255000,1050.12,1034.30,1042.90
17.03.21 09:49:59,1055.00,1055.00,1055.00,1055.00,75,254925,1050.29,1052.25,1061.20
17.03.21 09:51:59,1055.00,1055.00,1055.00,1055.00,75,254925,1050.45,1048.70,1055.60
17.03.21 09:56:59,1055.00,1055.00,1055.00,1055.00,75,255000,1050.61,1051.15,1060.05
17.03.21 09:57:59,1055.00,1055.00,1055.00,1055.00,75,255000,1050.75,1051.50,1059.70
17.03.21 09:58:59,1057.60,1057.60,1057.60,1057.60,75,255000,1050.96,1055.70,1063.80
17.03.21 10:00:59,1070.00,1070.00,1070.00,1070.00,75,255000,1051.54,1062.25,1073.05
17.03.21 10:09:59,1050.95,1050.95,1050.95,1050.95,150,255075,1051.50,1050.30,1058.90
17.03.21 10:10:59,1054.00,1054.00,1054.00,1054.00,150,255075,1051.64,1053.90,1062.65
17.03.21 10:11:59,1062.65,1067.00,1060.45,1067.00,225,255075,1052.52,1071.55,1078.20
17.03.21 10:12:59,1083.45,1083.45,1083.45,1083.45,75,255075,1053.27,1074.65,1083.65
17.03.21 10:14:59,1085.00,1085.00,1083.95,1083.95,225,255075,1055.39,1080.15,1089.30
17.03.21 10:16:59,1090.00,1092.55,1090.00,1092.00,375,255075,1059.04,1091.50,1099.05
17.03.21 10:17:59,1090.00,1090.00,1090.00,1090.00,75,255375,1059.66,1087.45,1093.90
17.03.21 10:18:59,1095.55,1095.55,1090.00,1092.20,300,255375,1062.05,1085.00,1091.40
17.03.21 10:19:59,1085.00,1085.00,1085.00,1085.00,75,255375,1062.47,1079.85,1088.40
17.03.21 10:20:59,1090.00,1090.00,1090.00,1090.00,1200,255375,1068.66,1086.00,1090.00
17.03.21 10:24:59,1090.00,1090.00,1090.00,1090.00,150,254625,1069.25,1087.65,1096.95
17.03.21 10:25:59,1094.50,1094.50,1094.50,1094.50,150,254625,1069.92,1091.95,1100.00
17.03.21 10:26:59,1100.00,1100.00,1100.00,1100.00,75,254625,1070.31,1098.75,1105.90
17.03.21 10:27:59,1101.25,1101.25,1101.25,1101.25,75,254625,1070.71,1092.05,1099.80
17.03.21 10:28:59,1092.00,1092.00,1092.00,1092.00,75,254625,1070.99,1089.05,1097.30
17.03.21 10:29:59,1085.00,1085.00,1085.00,1085.00,75,254625,1071.16,1078.75,1087.75
17.03.21 10:31:59,1081.60,1081.60,1081.60,1081.60,150,254850,1071.42,1070.70,1079.90
17.03.21 10:32:59,1075.00,1075.00,1070.60,1070.60,225,254850,1071.44,1070.45,1078.25
17.03.21 10:33:59,1080.00,1080.00,1080.00,1080.00,75,254850,1071.54,1076.35,1083.65
17.03.21 10:34:59,1085.00,1085.00,1085.00,1085.00,75,254850,1071.70,1078.80,1086.90
17.03.21 10:37:59,1080.00,1080.00,1080.00,1080.00,75,254850,1071.80,1069.55,1077.80
17.03.21 10:38:59,1070.75,1070.75,1070.75,1070.75,75,254850,1071.78,1072.30,1081.00
17.03.21 10:41:59,1077.00,1077.00,1077.00,1077.00,75,254925,1071.84,1073.05,1080.90
17.03.21 10:44:59,1082.00,1082.00,1082.00,1082.00,75,254925,1071.96,1076.15,1083.30
17.03.21 10:45:59,1090.00,1090.00,1090.00,1090.00,150,254925,1072.35,1086.10,1092.80
17.03.21 10:46:59,1090.00,1090.00,1090.00,1090.00,75,254925,1072.54,1085.75,1094.20
17.03.21 10:47:59,1090.00,1090.00,1090.00,1090.00,75,254925,1072.72,1079.40,1089.05
17.03.21 10:49:59,1085.25,1085.25,1085.25,1085.25,75,255300,1072.85,1079.10,1086.10
17.03.21 10:55:59,1085.00,1085.00,1085.00,1085.00,75,255375,1072.98,1078.25,1084.75
17.03.21 11:02:59,1095.00,1095.00,1089.00,1089.00,150,255450,1073.37,1084.50,1092.20
17.03.21 11:03:59,1090.00,1090.00,1090.00,1090.00,75,255450,1073.54,1083.80,1091.10
17.03.21 11:04:59,1090.00,1090.00,1090.00,1090.00,150,255450,1073.86,1086.75,1093.75
17.03.21 11:05:59,1095.00,1095.00,1095.00,1095.00,75,255450,1074.07,1094.35,1101.85
17.03.21 11:16:59,1080.00,1080.00,1080.00,1080.00,75,255600,1074.13,1077.65,1084.25
17.03.21 11:17:59,1076.15,1076.15,1076.15,1076.15,75,255600,1074.15,1072.45,1079.15
17.03.21 11:18:59,1075.00,1075.00,1075.00,1075.00,75,255675,1074.16,1068.80,1076.15
17.03.21 11:21:59,1059.65,1060.00,1059.65,1060.00,375,255750,1073.51,1051.65,1060.55
17.03.21 11:25:59,1048.80,1048.80,1041.25,1041.25,825,256050,1070.70,1044.40,1047.15
17.03.21 11:29:59,1040.00,1040.00,1035.00,1035.00,150,255900,1070.16,1030.60,1037.10
17.03.21 11:30:59,1030.60,1030.60,1027.35,1029.50,300,255975,1068.85,1019.75,1028.10
17.03.21 11:31:59,1016.60,1016.60,1016.60,1016.60,75,255975,1068.45,1017.45,1025.35
17.03.21 11:32:59,1016.95,1016.95,1016.95,1016.95,75,255975,1068.05,1017.45,1026.50
17.03.21 11:33:59,1022.75,1023.05,1022.75,1023.05,450,255900,1066.04,1018.10,1025.95
17.03.21 11:34:59,1025.60,1029.20,1025.25,1029.20,750,255900,1063.36,1020.95,1030.25
17.03.21 11:35:59,1031.00,1033.90,1031.00,1033.90,225,255900,1062.73,1027.10,1036.40
17.03.21 11:36:59,1033.65,1033.95,1033.65,1033.95,450,255750,1061.59,1031.00,1034.85
17.03.21 11:37:59,1031.00,1034.50,1031.00,1034.50,300,255750,1060.86,1027.80,1036.00
17.03.21 11:38:59,1038.05,1038.30,1038.05,1038.30,300,255675,1060.30,1032.70,1039.25
17.03.21 11:39:59,1040.00,1040.00,1040.00,1040.00,375,255675,1059.68,1031.35,1041.50
17.03.21 11:45:59,1040.00,1040.00,1038.00,1038.00,2175,255675,1056.72,1038.00,1039.30
17.03.21 11:46:59,1038.00,1038.00,1038.00,1038.00,525,255675,1056.07,1031.85,1035.40
17.03.21 11:51:59,1050.00,1050.00,1050.00,1050.00,300,258150,1055.96,1047.15,1051.45
17.03.21 12:03:59,1060.00,1060.00,1060.00,1060.00,225,258450,1056.01,1060.55,1068.45
17.03.21 12:06:59,1065.00,1065.00,1065.00,1065.00,75,258525,1056.06,1066.90,1070.00
17.03.21 12:07:59,1070.00,1070.00,1070.00,1070.00,225,258525,1056.25,1072.60,1079.85
17.03.21 12:08:59,1081.00,1081.00,1081.00,1081.00,375,258525,1056.80,1067.80,1078.30
17.03.21 12:09:59,1075.00,1075.00,1075.00,1075.00,75,258600,1056.88,1075.05,1082.00
17.03.21 12:10:59,1075.00,1080.00,1075.00,1080.00,150,258600,1057.07,1076.05,1080.05
17.03.21 12:11:59,1075.00,1075.00,1075.00,1075.00,75,258600,1057.15,1070.05,1077.50
17.03.21 12:13:59,1075.00,1082.50,1075.00,1082.50,675,258900,1058.08,1077.65,1086.40
17.03.21 12:15:59,1080.00,1080.00,1080.00,1080.00,150,259050,1058.27,1068.20,1076.55
17.03.21 12:18:59,1080.00,1085.60,1080.00,1085.60,600,259200,1059.12,1081.85,1088.00
17.03.21 12:19:59,1085.00,1085.00,1085.00,1085.00,150,259200,1059.33,1081.00,1087.25
17.03.21 12:21:59,1080.00,1085.00,1080.00,1085.00,300,259425,1059.72,1085.05,1088.00
17.03.21 12:22:59,1093.15,1095.00,1093.15,1095.00,525,259425,1060.59,1085.00,1092.60
17.03.21 12:23:59,1090.00,1090.00,1090.00,1090.00,75,259425,1060.70,1084.40,1092.20
17.03.21 12:25:59,1090.00,1090.00,1085.00,1085.00,225,259650,1061.02,1083.70,1089.60
17.03.21 12:26:59,1085.00,1085.00,1085.00,1085.00,75,259650,1061.12,1081.95,1088.65
17.03.21 12:27:59,1080.00,1080.00,1080.00,1080.00,75,259950,1061.19,1075.35,1083.70
17.03.21 12:28:59,1085.00,1085.00,1085.00,1085.00,75,259950,1061.28,1079.65,1086.90
17.03.21 12:35:59,1085.00,1090.00,1085.00,1090.00,225,260025,1061.57,1088.00,1093.65
17.03.21 12:36:59,1088.35,1100.00,1088.35,1100.00,450,260175,1062.34,1100.10,1108.30
17.03.21 12:37:59,1105.00,1105.00,1105.00,1105.00,225,260175,1062.80,1095.55,1105.75
17.03.21 12:38:59,1100.00,1100.00,1100.00,1100.00,225,260175,1063.21,1098.35,1106.50
17.03.21 12:39:59,1100.50,1100.50,1100.50,1100.50,75,260625,1063.34,1100.00,1107.60
17.03.21 12:40:59,1100.00,1105.00,1100.00,1105.00,225,260625,1063.77,1105.05,1112.60
17.03.21 12:41:59,1110.00,1110.00,1105.00,1105.00,150,260625,1064.08,1095.65,1104.45
17.03.21 12:44:59,1095.00,1095.00,1090.00,1090.00,150,261000,1064.28,1085.35,1094.35
17.03.21 12:46:59,1085.00,1085.00,1085.00,1085.00,75,261150,1064.35,1085.00,1091.25
17.03.21 12:48:59,1100.00,1102.00,1100.00,1102.00,225,261150,1064.73,1097.20,1105.45
17.03.21 12:49:59,1109.95,1109.95,1109.95,1109.95,75,261150,1064.88,1104.75,1109.95
17.03.21 12:50:59,1108.00,1108.00,1100.90,1100.90,600,261150,1066.01,1101.35,1106.00
17.03.21 12:51:59,1104.00,1104.00,1100.00,1100.00,375,261525,1066.59,1096.35,1100.00
17.03.21 12:52:59,1100.00,1105.05,1100.00,1105.05,600,261525,1067.50,1101.05,1110.90
17.03.21 12:53:59,1105.00,1110.00,1105.00,1110.00,150,261525,1067.76,1105.60,1113.35
17.03.21 12:54:59,1110.00,1110.00,1110.00,1110.00,75,261975,1067.89,1110.00,1118.20
17.03.21 12:55:59,1110.00,1110.00,1110.00,1110.00,225,261975,1068.29,1099.25,1108.40
17.03.21 12:56:59,1105.00,1105.00,1102.00,1104.00,300,261975,1068.73,1096.85,1105.65
17.03.21 12:57:59,1110.00,1110.00,1110.00,1110.00,75,262425,1068.86,1105.00,1112.20
17.03.21 12:58:59,1105.00,1105.00,1105.00,1105.00,75,262425,1068.97,1097.50,1105.40
17.03.21 12:59:59,1100.00,1100.00,1100.00,1100.00,75,262425,1069.07,1093.90,1103.30
17.03.21 13:00:59,1102.00,1102.00,1102.00,1102.00,75,262575,1069.17,1100.00,1106.45
17.03.21 13:01:59,1105.00,1110.00,1105.00,1110.00,150,262575,1069.41,1103.15,1110.60
17.03.21 13:02:59,1110.00,1110.00,1110.00,1110.00,150,262575,1069.65,1105.75,1114.80
17.03.21 13:03:59,1110.00,1110.00,1110.00,1110.00,225,262950,1070.02,1103.40,1108.90
17.03.21 13:04:59,1108.00,1108.70,1108.00,1108.70,150,262950,1070.25,1102.50,1110.30
17.03.21 13:06:59,1099.95,1099.95,1099.95,1099.95,150,263175,1070.42,1094.75,1100.00
17.03.21 13:07:59,1100.00,1100.00,1095.00,1095.00,300,263175,1070.76,1090.70,1097.85
17.03.21 13:08:59,1100.00,1100.00,1100.00,1100.00,75,263175,1070.84,1092.40,1100.25
17.03.21 13:09:59,1100.00,1100.00,1100.00,1100.00,75,263550,1070.93,1096.45,1104.90
17.03.21 13:10:59,1100.00,1100.00,1100.00,1100.00,75,263550,1071.01,1093.30,1101.15
17.03.21 13:11:59,1100.00,1100.00,1100.00,1100.00,150,263550,1071.18,1098.50,1103.60
17.03.21 13:14:59,1105.00,1105.00,1103.00,1103.00,150,263850,1071.37,1103.00,1104.95
17.03.21 13:15:59,1104.00,1104.00,1098.20,1098.20,150,264075,1071.54,1096.10,1100.50
17.03.21 13:16:59,1095.00,1095.00,1094.25,1094.25,225,264075,1071.74,1092.60,1094.30
17.03.21 13:17:59,1089.95,1089.95,1088.05,1088.05,150,264075,1071.83,1090.00,1094.20
17.03.21 13:18:59,1090.00,1090.00,1085.70,1085.70,150,264375,1071.92,1083.70,1088.40
17.03.21 13:20:59,1084.35,1084.35,1084.35,1084.35,75,264375,1071.96,1083.70,1088.90
17.03.21 13:21:59,1090.00,1090.00,1090.00,1090.00,75,264525,1072.01,1090.30,1094.25
17.03.21 13:22:59,1094.30,1094.30,1094.30,1094.30,75,264525,1072.07,1095.00,1099.50
17.03.21 13:25:59,1095.00,1100.00,1095.00,1100.00,450,264600,1072.50,1097.75,1100.00
17.03.21 13:26:59,1100.00,1100.00,1099.90,1099.90,300,264600,1072.80,1095.80,1099.70
17.03.21 13:29:59,1095.00,1095.00,1095.00,1095.00,75,264600,1072.86,1093.60,1096.90
17.03.21 13:30:59,1095.00,1095.00,1091.35,1091.35,150,264600,1072.97,1096.90,1099.70
17.03.21 13:31:59,1099.75,1100.00,1099.75,1100.00,375,264750,1073.32,1095.35,1098.65
17.03.21 13:32:59,1084.25,1084.25,1076.55,1076.55,300,264750,1073.38,1073.80,1084.50
17.03.21 13:34:59,1083.70,1083.70,1083.70,1083.70,75,264975,1073.41,1082.20,1086.30
17.03.21 13:36:59,1092.10,1092.30,1092.10,1092.30,600,264975,1073.79,1090.00,1094.00
17.03.21 13:37:59,1092.70,1092.70,1090.00,1091.00,450,264975,1074.06,1089.80,1093.35
17.03.21 13:39:59,1085.00,1085.20,1085.00,1085.20,150,265125,1074.12,1085.00,1087.90
17.03.21 13:40:59,1085.00,1090.00,1085.00,1087.00,300,265125,1074.25,1082.15,1086.90
17.03.21 13:41:59,1085.30,1085.30,1083.55,1083.55,225,265125,1074.32,1087.00,1092.50
17.03.21 13:42:59,1090.00,1090.00,1089.20,1090.00,300,265725,1074.47,1090.00,1093.55
17.03.21 13:43:59,1090.00,1090.25,1090.00,1090.00,450,265725,1074.70,1087.25,1091.50
17.03.21 13:44:59,1090.00,1092.15,1090.00,1092.15,300,265725,1074.86,1088.60,1093.90
17.03.21 13:45:59,1090.00,1090.00,1090.00,1090.00,225,266475,1074.97,1090.00,1092.95
17.03.21 13:46:59,1090.00,1090.00,1090.00,1090.00,150,266475,1075.04,1085.60,1088.65
17.03.21 13:47:59,1090.00,1090.90,1085.00,1087.70,375,266475,1075.19,1085.30,1088.85
17.03.21 13:48:59,1084.85,1085.70,1084.85,1085.70,300,267225,1075.29,1085.70,1089.45
17.03.21 13:49:59,1095.55,1100.00,1095.55,1100.00,300,267225,1075.51,1104.25,1118.90
17.03.21 13:50:59,1120.00,1120.05,1120.00,1120.00,150,267225,1075.71,1111.60,1123.05
17.03.21 13:51:59,1119.95,1120.00,1119.85,1120.00,450,267375,1076.31,1113.00,1122.55
17.03.21 13:52:59,1120.00,1120.00,1120.00,1120.00,150,267375,1076.50,1121.55,1124.00
17.03.21 13:53:59,1122.00,1124.00,1122.00,1124.00,300,267375,1076.92,1125.05,1130.00
17.03.21 13:54:59,1128.00,1128.00,1128.00,1128.00,75,0,1077.03,1117.25,1128.15
17.03.21 14:02:59,1105.00,1105.00,1105.00,1105.00,150,267975,1077.15,1107.20,1116.50
17.03.21 14:03:59,1108.00,1108.00,1108.00,1108.00,75,0,1077.22,1112.70,1120.00
17.03.21 14:04:59,1120.00,1130.00,1120.00,1130.00,225,267900,1077.52,1131.65,1141.40
17.03.21 14:16:59,1150.00,1150.00,1150.00,1150.00,75,267675,1077.68,1144.65,1153.55
17.03.21 14:17:59,1150.00,1150.00,1150.00,1150.00,75,267675,1077.84,1148.35,1158.85
17.03.21 14:19:59,1154.10,1154.10,1150.00,1150.00,150,267525,1078.16,1144.35,1152.80
17.03.21 14:20:59,1158.00,1158.00,1158.00,1158.00,75,267525,1078.33,1150.55,1158.45
17.03.21 14:22:59,1162.00,1162.00,1162.00,1162.00,75,267750,1078.51,1155.40,1160.00
17.03.21 14:23:59,1159.90,1159.90,1159.90,1159.90,75,267750,1078.69,1150.25,1155.00
17.03.21 14:24:59,1155.00,1155.00,1154.95,1154.95,150,267825,1079.01,1146.75,1154.15
17.03.21 14:25:59,1150.00,1150.00,1150.00,1150.00,75,267825,1079.17,1145.00,1151.50
17.03.21 14:26:59,1150.00,1150.00,1145.00,1145.00,150,267825,1079.46,1135.95,1145.05
17.03.21 14:27:59,1140.00,1140.00,1140.00,1140.00,150,268275,1079.71,1140.00,1143.30
17.03.21 14:28:59,1143.25,1143.25,1140.00,1140.00,225,268275,1080.11,1133.75,1141.75
17.03.21 14:29:59,1145.00,1145.00,1145.00,1145.00,225,268275,1080.52,1145.45,1152.60
17.03.21 14:32:59,1155.00,1155.00,1155.00,1155.00,75,268725,1080.67,1150.00,1156.25
17.03.21 14:34:59,1149.35,1152.60,1149.35,1152.05,375,268800,1081.39,1147.05,1156.70
17.03.21 14:36:59,1140.00,1140.00,1140.00,1140.00,150,269250,1081.64,1140.15,1147.45
17.03.21 14:37:59,1140.00,1140.00,1140.00,1140.00,75,269250,1081.76,1136.95,1146.60
17.03.21 14:38:59,1140.00,1140.00,1140.00,1140.00,150,269250,1081.99,1134.95,1144.95
17.03.21 14:39:59,1140.00,1145.00,1140.00,1145.00,225,269625,1082.37,1142.20,1152.20
17.03.21 14:40:59,1154.95,1155.00,1154.95,1155.00,150,269625,1082.66,1150.00,1156.05
17.03.21 14:41:59,1150.00,1150.00,1150.00,1150.00,75,269625,1082.80,1141.05,1148.25
17.03.21 14:42:59,1145.00,1145.00,1145.00,1145.00,75,269925,1082.92,1134.70,1144.15
17.03.21 14:43:59,1145.00,1145.00,1145.00,1145.00,75,269925,1083.05,1140.90,1150.90
17.03.21 14:44:59,1150.00,1150.00,1147.00,1147.00,225,269925,1083.44,1139.50,1148.00
17.03.21 14:46:59,1145.00,1145.00,1142.00,1143.00,375,270300,1084.03,1137.05,1145.95
17.03.21 14:47:59,1142.00,1142.00,1142.00,1142.00,150,270300,1084.26,1138.00,1143.00
17.03.21 14:48:59,1140.00,1140.00,1140.00,1140.00,150,270300,1084.48,1140.00,1145.80
17.03.21 14:49:59,1145.00,1145.00,1144.00,1144.00,150,270900,1084.71,1143.00,1148.40
17.03.21 14:51:59,1150.00,1150.00,1150.00,1150.00,75,270900,1084.84,1137.65,1147.00
17.03.21 14:53:59,1148.00,1148.00,1148.00,1148.00,75,271125,1084.96,1140.00,1147.90
17.03.21 14:54:59,1145.00,1145.00,1145.00,1145.00,75,271125,1085.08,1144.00,1148.80
17.03.21 14:56:59,1156.75,1156.75,1156.75,1156.75,75,271275,1085.22,1150.10,1156.80
17.03.21 14:57:59,1153.00,1153.00,1147.80,1147.80,150,271425,1085.47,1135.25,1143.95
17.03.21 14:58:59,1140.00,1140.00,1130.00,1130.35,450,271425,1086.00,1129.80,1130.35
17.03.21 14:59:59,1130.35,1130.35,1130.00,1130.00,900,271425,1087.00,1125.35,1135.50
17.03.21 15:01:59,1145.00,1145.00,1145.00,1145.00,75,271275,1087.11,1141.75,1149.55
17.03.21 15:03:59,1148.00,1165.60,1148.00,1165.60,375,271050,1087.70,1162.50,1170.00
17.03.21 15:04:59,1167.00,1167.00,1167.00,1167.00,75,271050,1087.85,1163.00,1169.95
17.03.21 15:05:59,1169.90,1181.95,1169.90,1181.95,600,271050,1089.13,1174.90,1185.70
17.03.21 15:06:59,1185.95,1185.95,1176.40,1180.00,975,271725,1091.33,1179.70,1191.30
17.03.21 15:07:59,1188.00,1201.40,1188.00,1195.00,300,271725,1092.05,1184.50,1195.05
17.03.21 15:08:59,1195.00,1199.00,1195.00,1199.00,150,271725,1092.42,1198.65,1205.00
17.03.21 15:09:59,1205.00,1205.00,1203.00,1203.00,150,271725,1092.81,1197.50,1207.85
17.03.21 15:10:59,1204.00,1210.00,1204.00,1210.00,375,272025,1093.82,1208.70,1217.45
17.03.21 15:11:59,1217.70,1223.00,1217.70,1223.00,225,272025,1094.48,1209.35,1214.55
17.03.21 15:13:59,1219.00,1219.00,1212.00,1216.00,450,271950,1095.71,1207.30,1215.35
17.03.21 15:15:59,1217.85,1217.85,1205.60,1205.60,300,271950,1096.51,1205.95,1213.20
17.03.21 15:16:59,1200.00,1200.00,1200.00,1200.00,75,271875,1096.68,1196.50,1207.65
17.03.21 15:17:59,1206.00,1206.00,1193.85,1194.90,450,271875,1097.71,1197.75,1200.00
17.03.21 15:18:59,1200.00,1206.45,1200.00,1206.45,375,271875,1098.61,1203.75,1209.60
17.03.21 15:19:59,1206.35,1206.35,1206.35,1206.35,75,271875,1098.78,1201.50,1207.50
17.03.21 15:20:59,1199.50,1199.50,1199.50,1199.50,75,0,1098.95,1197.00,1202.55
17.03.21 15:21:59,1210.00,1210.00,1210.00,1210.00,75,271950,1099.14,1208.60,1213.55
17.03.21 15:22:59,1208.05,1208.05,1207.95,1207.95,150,271950,1099.50,1206.40,1212.75
17.03.21 15:26:59,1205.15,1207.90,1205.00,1207.90,375,271800,1100.37,1204.95,1209.50
17.03.21 15:27:59,1208.00,1209.75,1208.00,1209.75,225,271800,1100.90,1206.80,1211.45
17.03.21 15:28:59,1206.80,1206.80,1206.80,1206.80,225,272250,1101.42,1208.00,1210.00
17.03.21 15:30:00,1211.25,1211.25,1211.25,1211.25,300,272250,1102.12,1203.45,1211.20
18.03.21 09:16:59,1082.00,1082.00,1080.00,1080.00,375,271875,1080.60,1075.50,1087.35
18.03.21 09:17:59,1080.00,1080.00,1080.00,1080.00,75,272175,1080.50,1080.20,1090.65
18.03.21 09:19:59,1091.55,1091.55,1091.55,1091.55,75,272175,1082.07,1094.50,1105.20
18.03.21 09:20:59,1091.00,1091.00,1091.00,1091.00,75,272175,1083.19,1075.15,1085.95
18.03.21 09:25:59,1109.00,1110.00,1109.00,1110.00,150,272175,1088.45,1115.20,1123.05
18.03.21 09:26:59,1110.65,1112.00,1110.65,1110.65,1200,272025,1102.58,1115.90,1122.70
18.03.21 09:27:59,1113.05,1113.40,1113.05,1113.05,750,272025,1105.51,1110.50,1118.25
18.03.21 09:34:59,1088.90,1088.90,1088.90,1088.90,75,272025,1105.06,1090.45,1095.10
18.03.21 09:35:59,1096.15,1096.15,1093.00,1093.00,525,271950,1103.23,1093.55,1099.85
18.03.21 09:38:59,1090.00,1090.00,1090.00,1090.00,75,271950,1102.94,1089.45,1094.85
18.03.21 09:39:59,1088.00,1088.00,1088.00,1088.00,75,271950,1102.61,1087.25,1093.75
18.03.21 09:40:59,1092.85,1092.85,1092.85,1092.85,75,0,1102.40,1088.75,1095.00
18.03.21 09:41:59,1090.00,1090.00,1090.00,1090.00,1050,271875,1099.56,1091.70,1098.90
18.03.21 09:42:59,1092.35,1092.35,1092.35,1092.35,225,271875,1099.23,1088.70,1097.10
18.03.21 09:43:59,1095.00,1095.00,1083.25,1083.25,450,271875,1098.25,1083.10,1092.00
18.03.21 09:44:59,1083.10,1088.00,1080.00,1080.00,1725,271350,1095.53,1080.00,1086.10
18.03.21 09:48:59,1096.55,1096.55,1096.55,1096.55,75,271425,1095.54,1090.85,1100.00
18.03.21 09:49:59,1094.00,1094.00,1094.00,1094.00,1500,271425,1095.27,1087.80,1094.20
18.03.21 09:50:59,1095.00,1095.00,1095.00,1095.00,150,271425,1095.26,1095.10,1102.10
18.03.21 09:52:59,1104.00,1104.00,1104.00,1104.00,900,271425,1096.08,1093.25,1100.70
18.03.21 09:53:59,1108.65,1108.65,1108.65,1108.65,150,271275,1096.27,1104.20,1109.75
18.03.21 09:55:59,1110.00,1110.00,1110.00,1110.00,75,271275,1096.38,1104.75,1112.35
18.03.21 09:58:59,1114.00,1114.00,1114.00,1114.00,525,271200,1097.27,1114.15,1119.00
18.03.21 09:59:59,1118.00,1118.00,1118.00,1118.00,675,271200,1098.54,1104.25,1114.05
18.03.21 10:01:59,1117.30,1117.30,1107.00,1109.10,750,271200,1099.23,1108.15,1116.35
18.03.21 10:04:59,1104.00,1104.00,1104.00,1104.00,225,271275,1099.32,1104.00,1110.20
18.03.21 10:05:59,1104.00,1104.00,1104.00,1104.00,675,271275,1099.57,1093.85,1100.40
18.03.21 10:07:59,1100.35,1100.35,1100.35,1100.35,150,271275,1099.58,1098.70,1105.25
18.03.21 10:09:59,1106.00,1106.00,1106.00,1106.00,225,271125,1099.69,1110.50,1117.10
18.03.21 10:10:59,1112.35,1112.35,1112.35,1112.35,225,271125,1099.90,1112.60,1119.60
18.03.21 10:15:59,1118.00,1118.00,1118.00,1118.00,300,271125,1100.30,1118.00,1121.30
18.03.21 10:16:59,1121.00,1121.00,1121.00,1121.00,375,271125,1100.86,1121.25,1127.65
18.03.21 10:17:59,1125.00,1125.00,1125.00,1125.00,825,271125,1102.21,1114.70,1123.80
18.03.21 10:18:59,1127.75,1127.75,1127.75,1127.75,75,271125,1102.34,1128.25,1131.40
18.03.21 10:21:59,1117.25,1125.00,1117.25,1125.00,600,271125,1103.03,1125.00,1126.65
18.03.21 10:22:59,1125.00,1125.00,1125.00,1125.00,1125,271125,1104.52,1121.30,1125.05
18.03.21 10:27:59,1130.00,1135.00,1130.00,1135.00,900,271050,1106.01,1129.55,1134.95
18.03.21 10:28:59,1128.10,1128.10,1128.10,1128.10,300,271050,1106.38,1126.25,1132.70
18.03.21 10:31:59,1134.35,1134.35,1134.35,1134.35,225,271275,1106.73,1134.35,1139.85
18.03.21 10:35:59,1146.45,1146.45,1146.45,1146.45,75,271425,1106.89,1141.35,1148.70
18.03.21 10:36:59,1147.60,1147.60,1147.60,1147.60,1125,271500,1109.16,1143.15,1150.85
18.03.21 10:38:59,1140.10,1140.10,1139.65,1139.65,150,271500,1109.40,1147.15,1154.20
18.03.21 10:39:59,1147.00,1147.00,1147.00,1147.00,525,272625,1110.39,1146.15,1156.00
18.03.21 10:41:59,1156.30,1156.35,1156.30,1156.30,450,272400,1111.40,1154.50,1164.80
18.03.21 10:45:59,1159.15,1159.15,1159.15,1159.15,75,272850,1111.57,1139.55,1148.60
18.03.21 10:47:59,1136.00,1136.00,1136.00,1136.00,225,272775,1111.84,1132.05,1139.35
18.03.21 10:48:59,1138.25,1138.25,1138.25,1138.25,75,272775,1111.93,1132.05,1138.95
18.03.21 10:51:59,1120.00,1120.00,1120.00,1120.00,75,273000,1111.96,1121.00,1129.15
18.03.21 10:52:59,1123.00,1123.00,1122.60,1122.60,150,273000,1112.04,1125.85,1133.30
18.03.21 10:54:59,1124.90,1124.90,1124.90,1124.90,75,272925,1112.09,1125.00,1130.35
18.03.21 10:55:59,1131.00,1131.00,1131.00,1131.00,75,272925,1112.15,1129.00,1131.00
18.03.21 10:56:59,1131.00,1131.00,1131.00,1131.00,75,0,1112.22,1135.45,1140.00
18.03.21 10:57:59,1140.00,1140.00,1140.00,1140.00,75,272925,1112.32,1134.60,1140.75
18.03.21 11:06:59,1135.00,1135.00,1135.00,1135.00,150,272925,1112.48,1136.50,1144.15
18.03.21 11:08:59,1146.05,1146.05,1146.05,1146.05,150,272925,1112.71,1137.00,1141.00
18.03.21 11:15:59,1147.00,1147.00,1147.00,1147.00,225,272850,1113.07,1146.00,1147.90
18.03.21 11:16:59,1147.00,1147.00,1140.70,1140.70,525,272850,1113.82,1139.30,1147.00
18.03.21 11:17:59,1142.90,1142.90,1142.90,1142.90,150,272850,1114.01,1141.65,1145.00
18.03.21 11:18:59,1145.00,1151.40,1145.00,1151.40,1125,273075,1115.77,1144.20,1152.00
18.03.21 11:20:59,1150.85,1150.85,1150.85,1150.85,75,272475,1115.89,1149.55,1158.00
18.03.21 11:22:59,1148.80,1148.80,1148.80,1148.80,900,272475,1117.09,1148.65,1152.00
18.03.21 11:26:59,1142.00,1150.00,1142.00,1150.00,1200,273000,1118.48,1142.65,1149.75
18.03.21 11:28:59,1150.50,1152.00,1150.50,1152.00,1575,273000,1120.38,1152.00,1153.05
18.03.21 11:29:59,1153.00,1153.00,1152.00,1153.00,525,273000,1120.99,1152.00,1156.40
18.03.21 11:30:59,1152.30,1152.30,1148.95,1148.95,1200,271725,1122.19,1141.90,1148.10
18.03.21 11:32:59,1149.85,1149.85,1149.85,1149.85,225,271725,1122.40,1144.50,1151.05
18.03.21 11:34:59,1149.75,1149.75,1149.75,1149.75,375,271050,1122.75,1144.20,1150.65
18.03.21 11:36:59,1152.00,1152.00,1152.00,1152.00,75,270900,1122.82,1148.50,1152.00
18.03.21 11:37:59,1152.00,1152.00,1152.00,1152.00,225,270900,1123.04,1150.00,1152.00
18.03.21 11:38:59,1152.00,1153.35,1152.00,1153.35,750,270900,1123.77,1152.00,1153.90
18.03.21 11:39:59,1154.00,1154.00,1154.00,1154.00,300,270675,1124.07,1154.00,1156.10
18.03.21 11:40:59,1157.00,1159.65,1157.00,1159.65,525,270675,1124.65,1154.15,1160.40
18.03.21 11:42:59,1158.00,1158.00,1158.00,1158.00,75,270600,1124.73,1158.00,1161.00
18.03.21 11:43:59,1158.00,1158.00,1158.00,1158.00,1125,270600,1125.87,1147.50,1155.45
18.03.21 11:47:59,1150.65,1150.65,1150.65,1150.65,150,270525,1125.98,1150.65,1156.20
18.03.21 11:51:59,1138.00,1142.15,1138.00,1142.15,150,270525,1126.04,1139.40,1145.90
18.03.21 11:55:59,1141.00,1141.00,1141.00,1141.00,75,270525,1126.08,1139.10,1144.45
18.03.21 11:57:59,1142.85,1142.85,1142.85,1142.85,75,270450,1126.12,1140.80,1144.10
18.03.21 11:59:59,1139.00,1139.00,1139.00,1139.00,75,270450,1126.14,1130.50,1135.95
18.03.21 12:04:59,1138.85,1138.85,1138.85,1138.85,150,270525,1126.20,1135.05,1139.55
18.03.21 12:06:59,1139.00,1139.00,1139.00,1139.00,75,270675,1126.23,1134.20,1139.20
18.03.21 12:09:59,1131.00,1131.00,1131.00,1131.00,75,270750,1126.24,1131.20,1135.80
18.03.21 12:11:59,1129.00,1129.85,1129.00,1129.85,225,270750,1126.26,1125.25,1129.00
18.03.21 12:13:59,1118.00,1118.00,1118.00,1118.00,75,270975,1126.24,1116.75,1122.05
18.03.21 12:14:59,1115.80,1115.80,1115.80,1115.80,150,270975,1126.20,1109.90,1114.55
18.03.21 12:15:59,1112.00,1112.00,1112.00,1112.00,75,271125,1126.17,1115.45,1120.75
18.03.21 12:18:59,1122.15,1122.15,1122.15,1122.15,300,271125,1126.13,1123.10,1129.05
18.03.21 12:20:59,1125.00,1125.00,1125.00,1125.00,75,271125,1126.12,1126.80,1135.35
18.03.21 12:21:59,1124.20,1124.20,1124.20,1124.20,75,271125,1126.12,1122.50,1128.75
18.03.21 12:23:59,1125.00,1125.00,1125.00,1125.00,75,271125,1126.12,1127.10,1133.15
18.03.21 12:25:59,1125.90,1125.90,1125.90,1125.90,75,271125,1126.12,1124.00,1128.65
18.03.21 12:27:59,1123.00,1123.00,1123.00,1123.00,75,271125,1126.11,1121.50,1127.45
18.03.21 12:31:59,1126.50,1126.50,1126.50,1126.50,75,271125,1126.11,1125.15,1130.60
18.03.21 12:35:59,1130.00,1130.00,1130.00,1130.00,75,271125,1126.12,1126.55,1134.55
18.03.21 12:40:59,1130.85,1130.85,1130.85,1130.85,75,271125,1126.13,1128.85,1134.70
18.03.21 12:41:59,1122.35,1122.35,1122.35,1122.35,75,271125,1126.12,1122.65,1128.65
18.03.21 12:44:59,1125.00,1125.00,1125.00,1125.00,75,271200,1126.12,1123.25,1130.40
18.03.21 12:48:59,1133.75,1133.75,1130.00,1130.00,150,271125,1126.14,1130.05,1133.70
18.03.21 12:50:59,1133.15,1133.35,1133.15,1133.35,300,271125,1126.20,1133.00,1139.80
18.03.21 12:52:59,1139.50,1139.50,1139.50,1139.50,75,271200,1126.23,1140.20,1147.05
18.03.21 12:57:59,1165.00,1165.00,1165.00,1165.00,75,271200,1126.31,1160.30,1166.00
18.03.21 13:06:59,1176.80,1176.80,1176.80,1176.80,75,271200,1126.42,1178.10,1180.00
18.03.21 13:07:59,1180.00,1180.00,1180.00,1180.00,75,271200,1126.53,1185.50,1190.05
18.03.21 13:09:59,1184.00,1184.00,1184.00,1184.00,75,271050,1126.65,1185.10,1191.60
18.03.21 13:10:59,1184.00,1190.00,1184.00,1190.00,300,271050,1127.15,1189.55,1195.60
18.03.21 13:11:59,1195.05,1199.00,1195.05,1199.00,450,271050,1127.99,1195.30,1201.70
18.03.21 13:12:59,1205.00,1210.00,1205.00,1210.00,300,270750,1128.63,1210.00,1214.15
18.03.21 13:13:59,1210.00,1210.00,1203.00,1203.00,225,270750,1129.10,1195.60,1202.20
18.03.21 13:14:59,1204.00,1227.15,1204.00,1220.00,225,270750,1129.63,1217.75,1223.45
18.03.21 13:15:59,1219.30,1219.30,1219.30,1219.30,375,270750,1130.53,1212.20,1218.20
18.03.21 13:16:59,1220.00,1227.20,1220.00,1227.20,300,270825,1131.26,1240.10,1247.80
18.03.21 13:17:59,1250.00,1260.15,1250.00,1260.15,225,270825,1131.97,1236.15,1246.85
18.03.21 13:18:59,1260.35,1260.35,1260.35,1260.35,750,270450,1134.43,1254.45,1263.45
18.03.21 13:23:59,1250.35,1250.35,1250.35,1250.35,75,270225,1134.65,1257.60,1266.00
18.03.21 13:25:59,1293.60,1293.60,1293.60,1293.60,75,270225,1134.95,1293.70,1301.10
18.03.21 13:26:59,1294.45,1294.50,1282.85,1282.85,525,270225,1136.96,1279.95,1289.65
18.03.21 13:27:59,1298.00,1298.00,1298.00,1298.00,75,270150,1137.27,1289.65,1299.55
18.03.21 13:30:59,1290.00,1290.00,1290.00,1290.00,75,270150,1137.55,1308.70,1316.60
18.03.21 13:32:59,1345.00,1345.00,1345.00,1345.00,75,269775,1137.94,1337.30,1348.85
18.03.21 13:34:59,1330.00,1330.00,1307.30,1310.00,300,269700,1139.25,1302.10,1309.50
18.03.21 13:35:59,1308.20,1308.20,1308.20,1308.20,75,269700,1139.57,1303.00,1308.35
18.03.21 13:36:59,1302.55,1302.55,1302.55,1302.55,75,269700,1139.87,1281.35,1289.25
18.03.21 13:37:59,1300.00,1303.50,1300.00,1303.50,150,269625,1140.47,1299.55,1310.25
18.03.21 13:38:59,1311.00,1311.00,1311.00,1311.00,75,269625,1140.78,1313.25,1323.50
18.03.21 13:41:59,1327.55,1327.55,1325.25,1325.25,375,269550,1142.48,1318.70,1329.75
18.03.21 13:42:59,1325.25,1325.25,1325.25,1325.25,150,269550,1143.15,1308.60,1317.00
18.03.21 13:43:59,1314.90,1315.00,1314.90,1315.00,900,269700,1146.82,1315.00,1315.70
18.03.21 13:44:59,1315.00,1315.05,1315.00,1315.00,1200,269700,1151.49,1310.65,1314.00
18.03.21 13:45:59,1303.50,1308.45,1296.25,1296.25,375,269700,1152.79,1282.45,1292.60
18.03.21 13:47:59,1276.30,1276.30,1276.30,1276.30,75,269700,1153.00,1291.60,1295.00
18.03.21 13:48:59,1295.00,1302.15,1295.00,1302.15,150,269925,1153.50,1303.00,1303.45
18.03.21 13:49:59,1303.00,1303.00,1290.00,1290.00,1500,269925,1158.42,1284.45,1292.30
18.03.21 13:51:59,1300.00,1300.00,1300.00,1300.00,75,269925,1158.65,1286.55,1294.05
18.03.21 13:53:59,1290.00,1290.00,1287.65,1287.65,150,269850,1159.08,1291.95,1299.85
18.03.21 13:54:59,1304.00,1304.00,1304.00,1304.00,75,269625,1159.32,1294.20,1303.45
18.03.21 13:55:59,1303.00,1303.00,1303.00,1303.00,75,269625,1159.55,1297.90,1305.00
18.03.21 13:56:59,1300.25,1300.25,1300.25,1300.25,75,269625,1159.78,1301.10,1309.15
18.03.21 13:57:59,1310.00,1320.00,1310.00,1320.00,375,269550,1161.06,1316.30,1320.00
18.03.21 13:58:59,1320.00,1330.00,1320.00,1330.00,375,269550,1162.35,1325.05,1335.80
18.03.21 13:59:59,1335.00,1335.00,1332.00,1332.00,225,269550,1163.17,1345.00,1348.20
18.03.21 14:00:59,1345.00,1355.60,1344.80,1355.60,375,269625,1164.65,1351.00,1358.35
18.03.21 14:01:59,1350.00,1350.00,1347.85,1347.85,150,269625,1165.24,1334.75,1343.25
18.03.21 14:03:59,1344.60,1355.85,1344.60,1355.85,300,269850,1166.40,1346.00,1354.25
18.03.21 14:04:59,1348.05,1348.05,1345.50,1345.50,150,269850,1166.97,1339.90,1349.15
18.03.21 14:07:59,1348.00,1348.00,1348.00,1348.00,300,268425,1168.10,1343.40,1353.50
18.03.21 14:10:59,1336.00,1337.00,1336.00,1337.00,300,268425,1169.14,1346.35,1352.00
18.03.21 14:11:59,1350.00,1362.45,1348.00,1355.65,375,268425,1170.57,1356.75,1362.00
18.03.21 14:12:59,1362.00,1365.65,1362.00,1365.60,300,268425,1171.75,1372.05,1381.85
18.03.21 14:13:59,1379.85,1389.85,1379.85,1389.85,225,268500,1172.73,1382.95,1392.00
18.03.21 14:14:59,1390.00,1400.00,1390.00,1400.00,225,268500,1173.73,1399.60,1411.30
18.03.21 14:15:59,1395.20,1395.20,1395.20,1395.20,75,268500,1174.07,1395.20,1406.10
18.03.21 14:16:59,1415.75,1420.10,1415.75,1420.10,150,268275,1174.80,1424.30,1432.75
18.03.21 14:18:59,1425.00,1425.00,1425.00,1425.00,75,268200,1175.18,1424.00,1428.60
18.03.21 14:19:59,1422.05,1422.05,1422.00,1422.00,300,268200,1176.66,1409.15,1420.75
18.03.21 14:21:59,1408.00,1408.00,1408.00,1408.00,150,268425,1177.35,1409.20,1415.00
18.03.21 14:22:59,1415.00,1425.00,1415.00,1425.00,450,268425,1179.53,1428.00,1432.85
18.03.21 14:23:59,1430.00,1430.00,1430.00,1430.00,300,268425,1181.00,1420.60,1431.45
18.03.21 14:24:59,1421.00,1421.00,1414.00,1414.00,450,269400,1183.08,1408.00,1416.30
18.03.21 14:25:59,1408.00,1408.00,1408.00,1408.00,150,269400,1183.74,1388.45,1398.20
18.03.21 14:27:59,1405.00,1405.00,1405.00,1405.00,300,269400,1185.02,1392.40,1401.90
18.03.21 14:30:59,1402.00,1402.00,1402.00,1402.00,300,0,1186.26,1385.40,1389.00
18.03.21 14:31:59,1389.00,1389.00,1379.80,1379.80,150,269850,1186.83,1378.05,1389.15
18.03.21 14:33:59,1372.00,1372.00,1372.00,1372.00,300,269850,1187.88,1363.80,1374.95
18.03.21 14:34:59,1375.00,1377.85,1375.00,1377.85,525,270075,1189.75,1378.70,1388.90
18.03.21 14:41:59,1365.00,1365.00,1360.00,1360.00,1500,269850,1194.44,1369.00,1378.75
18.03.21 14:44:59,1405.00,1405.00,1405.00,1405.00,150,270075,1195.01,1400.00,1406.00
18.03.21 14:46:59,1411.00,1411.00,1411.00,1411.00,75,270225,1195.31,1411.00,1413.60
18.03.21 14:47:59,1411.00,1411.00,1411.00,1411.00,150,270225,1195.90,1405.35,1414.85
18.03.21 14:48:59,1400.00,1400.00,1400.00,1400.00,75,270225,1196.17,1387.45,1399.90
18.03.21 14:51:59,1400.00,1400.00,1400.00,1400.00,225,270225,1197.00,1396.50,1400.00
18.03.21 14:52:59,1400.00,1400.00,1400.00,1400.00,75,270075,1197.27,1388.70,1399.90
18.03.21 14:55:59,1390.00,1390.00,1390.00,1390.00,75,270075,1197.53,1385.00,1388.65
18.03.21 14:56:59,1385.00,1385.00,1385.00,1385.00,150,270075,1198.04,1373.55,1382.55
18.03.21 15:01:59,1409.15,1409.15,1404.20,1404.20,225,270000,1198.88,1406.70,1416.20
18.03.21 15:02:59,1410.90,1410.90,1405.50,1407.55,300,270000,1200.00,1403.15,1414.65
18.03.21 15:03:59,1397.10,1402.20,1387.25,1387.25,375,269625,1201.31,1387.80,1399.85
18.03.21 15:04:59,1394.95,1394.95,1394.95,1394.95,75,269625,1201.56,1395.50,1406.55
18.03.21 15:05:59,1403.30,1405.10,1403.30,1405.10,225,269625,1202.36,1395.10,1405.10
18.03.21 15:08:59,1385.00,1385.00,1385.00,1385.00,75,269475,1202.61,1374.25,1386.95
18.03.21 15:11:59,1360.00,1360.00,1360.00,1360.00,150,269550,1203.02,1351.30,1355.00
18.03.21 15:12:59,1351.20,1351.20,1351.20,1351.20,75,269550,1203.21,1346.85,1350.00
18.03.21 15:13:59,1350.00,1350.00,1350.00,1350.00,150,269475,1203.60,1339.55,1350.20
18.03.21 15:16:59,1337.00,1337.00,1337.00,1337.00,75,269400,1203.77,1342.30,1350.00
18.03.21 15:17:59,1350.00,1350.00,1350.00,1350.00,75,269400,1203.96,1346.65,1355.90
18.03.21 15:18:59,1344.50,1344.50,1340.20,1340.20,1050,269400,1206.44,1341.35,1349.80
18.03.21 15:20:59,1345.00,1345.00,1345.00,1345.00,75,269025,1206.61,1347.00,1355.40
18.03.21 15:23:59,1359.15,1359.15,1359.15,1359.15,75,268950,1206.81,1358.90,1368.15
18.03.21 15:24:59,1361.00,1361.00,1350.30,1350.30,150,268650,1207.19,1351.00,1359.40
18.03.21 15:25:59,1359.35,1360.85,1357.10,1360.00,300,268650,1207.96,1359.70,1367.05
18.03.21 15:26:59,1355.15,1358.90,1355.15,1355.35,450,268650,1209.08,1355.25,1363.30
18.03.21 15:27:59,1354.25,1354.25,1346.40,1347.00,675,267300,1210.65,1343.55,1351.50
18.03.21 15:28:59,1337.25,1345.70,1337.25,1345.70,750,267300,1212.25,1343.55,1347.05
18.03.21 15:30:00,1344.95,1344.95,1344.95,1344.95,75,267300,1212.41,1330.00,1343.40
19.03.21 09:16:59,1431.20,1437.00,1422.30,1437.00,300,266700,1431.87,1435.90,1447.00
19.03.21 09:17:59,1450.00,1450.00,1450.00,1450.00,75,266700,1435.50,1451.45,1463.95
19.03.21 09:19:59,1487.95,1487.95,1487.95,1487.95,75,266700,1444.24,1489.10,1496.25
19.03.21 09:20:59,1481.00,1481.00,1481.00,1481.00,450,266700,1462.64,1470.25,1487.00
19.03.21 09:21:59,1475.15,1475.15,1475.00,1475.00,225,266550,1465.12,1473.85,1485.00
19.03.21 09:22:59,1463.50,1465.95,1461.35,1465.95,225,266550,1464.86,1469.45,1478.00
19.03.21 09:24:59,1479.35,1479.35,1479.35,1479.35,75,266400,1465.63,1485.40,1489.90
19.03.21 09:25:59,1489.90,1496.30,1489.90,1496.30,225,266400,1469.40,1492.30,1499.00
19.03.21 09:26:59,1490.00,1500.00,1490.00,1500.00,300,266325,1473.34,1509.70,1516.60
19.03.21 09:27:59,1525.00,1525.00,1525.00,1525.00,75,266325,1475.25,1534.30,1539.00
19.03.21 09:28:59,1534.30,1534.30,1534.30,1534.30,75,0,1477.36,1528.55,1536.90
19.03.21 09:29:59,1534.00,1540.00,1534.00,1540.00,225,266325,1483.06,1532.55,1539.95
19.03.21 09:30:59,1551.75,1554.60,1551.75,1553.15,300,266325,1491.07,1546.80,1554.00
19.03.21 09:31:59,1551.05,1551.05,1540.00,1550.00,450,266325,1498.95,1551.35,1555.00
19.03.21 09:32:59,1535.00,1535.00,1535.00,1535.00,75,266100,1499.81,1537.45,1544.95
19.03.21 09:33:59,1540.00,1546.80,1540.00,1546.80,150,266100,1501.79,1541.95,1548.55
19.03.21 09:34:59,1540.00,1540.00,1525.00,1525.00,450,266100,1505.56,1521.40,1528.95
19.03.21 09:38:59,1525.00,1525.00,1525.00,1525.00,75,266175,1505.94,1512.55,1520.95
19.03.21 09:40:59,1501.60,1501.60,1501.60,1501.60,75,266175,1505.86,1501.30,1508.65
19.03.21 09:41:59,1500.00,1500.00,1500.00,1500.00,75,266175,1505.75,1497.65,1505.50
19.03.21 09:43:59,1495.10,1495.10,1495.10,1495.10,75,266100,1505.55,1491.65,1500.40
19.03.21 09:46:59,1505.00,1508.00,1505.00,1508.00,150,265875,1505.59,1506.00,1514.20
19.03.21 09:48:59,1489.85,1489.85,1489.85,1489.85,225,265950,1504.78,1481.85,1489.25
19.03.21 09:49:59,1496.00,1502.95,1495.90,1502.95,375,265950,1504.20,1492.10,1500.25
19.03.21 09:50:59,1488.25,1488.25,1480.00,1487.95,750,265800,1501.64,1482.30,1489.45
19.03.21 09:51:59,1485.00,1485.00,1485.00,1485.00,1500,265800,1498.10,1485.10,1491.40
19.03.21 09:52:59,1485.00,1486.95,1485.00,1486.95,2400,265800,1494.88,1477.65,1485.45
19.03.21 09:53:59,1470.10,1471.80,1470.00,1470.00,225,265875,1494.31,1467.95,1476.95
19.03.21 09:55:59,1460.00,1460.00,1460.00,1460.00,75,265875,1494.05,1462.10,1471.00
19.03.21 10:00:59,1455.00,1461.95,1455.00,1461.95,375,265725,1492.81,1467.50,1476.70
19.03.21 10:01:59,1470.00,1470.00,1470.00,1470.00,75,265725,1492.64,1475.80,1484.95
19.03.21 10:02:59,1471.00,1471.00,1471.00,1471.00,75,265725,1492.48,1465.10,1470.00
19.03.21 10:03:59,1452.00,1452.00,1452.00,1452.00,75,263400,1492.19,1448.60,1459.40
19.03.21 10:07:59,1450.95,1450.95,1450.95,1450.95,150,263475,1491.60,1434.35,1439.25
19.03.21 10:09:59,1440.00,1440.00,1431.00,1431.00,225,263475,1490.39,1418.20,1424.75
19.03.21 10:10:59,1418.20,1418.20,1418.20,1418.20,75,263475,1489.89,1425.30,1435.90
19.03.21 10:13:59,1417.65,1417.65,1417.65,1417.65,75,263175,1489.39,1424.85,1433.75
19.03.21 10:19:59,1446.90,1446.90,1446.90,1446.90,150,263025,1488.81,1444.80,1453.85
19.03.21 10:22:59,1455.00,1455.00,1455.00,1455.00,1500,262950,1484.76,1445.15,1451.55
19.03.21 10:24:59,1410.00,1410.00,1410.00,1410.00,75,262875,1484.32,1401.00,1406.65
19.03.21 10:25:59,1401.00,1401.00,1390.00,1390.00,150,262875,1483.27,1386.45,1393.70
19.03.21 10:28:59,1400.00,1400.00,1400.00,1400.00,75,262875,1482.79,1404.00,1408.75
19.03.21 10:30:59,1400.00,1400.00,1400.00,1400.00,150,263025,1481.83,1392.20,1397.35
19.03.21 10:31:59,1400.00,1400.00,1400.00,1400.00,75,263025,1481.36,1411.60,1417.45
19.03.21 10:33:59,1411.35,1411.35,1411.35,1411.35,150,262125,1480.57,1415.00,1421.75
19.03.21 10:36:59,1411.70,1411.70,1411.70,1411.70,75,262200,1480.18,1411.80,1420.45
19.03.21 10:41:59,1398.60,1398.60,1398.60,1398.60,600,262200,1476.65,1401.65,1407.95
19.03.21 10:44:59,1405.95,1405.95,1405.95,1405.95,75,262200,1476.27,1415.00,1420.00
19.03.21 10:45:59,1420.00,1420.00,1420.00,1420.00,75,262200,1475.97,1422.15,1428.65
19.03.21 10:48:59,1379.80,1379.80,1379.80,1379.80,75,262200,1475.46,1370.00,1374.00
19.03.21 10:49:59,1370.00,1370.00,1370.00,1370.00,150,262200,1474.35,1360.20,1367.15
19.03.21 10:53:59,1379.25,1379.25,1372.25,1372.25,375,262200,1471.87,1360.75,1365.40
19.03.21 10:55:59,1355.00,1356.00,1355.00,1356.00,900,262125,1465.10,1356.80,1364.30
19.03.21 10:56:59,1369.55,1369.55,1369.55,1369.55,75,262125,1464.64,1368.20,1374.55
19.03.21 10:59:59,1351.00,1351.00,1351.00,1351.00,150,262800,1463.56,1343.40,1352.30
19.03.21 11:00:59,1343.65,1343.65,1330.00,1330.00,450,262800,1459.91,1325.40,1333.95
19.03.21 11:01:59,1334.10,1334.10,1334.10,1334.10,900,262800,1453.29,1329.20,1336.80
19.03.21 11:02:59,1340.00,1340.00,1340.00,1340.00,750,262800,1448.53,1335.60,1341.40
19.03.21 11:03:59,1335.55,1335.55,1335.55,1335.55,750,263700,1443.97,1317.50,1324.90
19.03.21 11:04:59,1325.15,1325.15,1325.15,1325.15,75,263700,1443.50,1323.15,1329.75
19.03.21 11:10:59,1318.00,1318.00,1318.00,1318.00,750,264375,1438.66,1316.45,1319.90
19.03.21 11:11:59,1320.00,1320.00,1320.00,1320.00,75,264375,1438.20,1313.65,1319.90
19.03.21 11:12:59,1310.00,1310.00,1310.00,1310.00,75,264300,1437.71,1312.00,1319.85
19.03.21 11:13:59,1313.00,1313.00,1313.00,1313.00,750,264300,1433.11,1313.30,1318.85
19.03.21 11:14:59,1325.00,1325.00,1325.00,1325.00,75,264300,1432.71,1324.15,1330.55
19.03.21 11:15:59,1326.00,1326.00,1326.00,1326.00,525,265125,1430.03,1330.90,1336.20
19.03.21 11:16:59,1345.00,1350.00,1345.00,1350.00,750,265125,1427.11,1345.05,1349.30
19.03.21 11:17:59,1355.00,1355.00,1355.00,1355.00,825,265125,1424.46,1345.80,1351.95
19.03.21 11:18:59,1375.00,1375.00,1375.00,1375.00,75,266625,1424.30,1372.70,1381.40
19.03.21 11:19:59,1368.05,1368.05,1368.05,1368.05,150,266625,1423.93,1349.95,1358.00
19.03.21 11:20:59,1365.00,1365.00,1365.00,1365.00,225,266625,1423.35,1365.10,1372.00
19.03.21 11:21:59,1365.00,1365.00,1365.00,1365.00,525,266625,1422.04,1353.10,1360.50
19.03.21 11:22:59,1361.75,1361.75,1361.75,1361.75,75,266625,1421.85,1356.15,1363.90
19.03.21 11:24:59,1355.00,1355.00,1354.00,1354.00,750,267375,1419.76,1363.45,1370.95
19.03.21 11:25:59,1375.00,1375.00,1375.00,1375.00,75,267375,1419.62,1384.85,1392.95
19.03.21 11:27:59,1375.00,1375.00,1375.00,1375.00,75,267375,1419.49,1367.45,1376.05
19.03.21 11:30:59,1362.10,1362.10,1362.10,1362.10,375,267375,1418.62,1349.65,1357.25
19.03.21 11:32:59,1356.30,1356.30,1356.30,1356.30,75,267375,1418.43,1365.95,1370.95
19.03.21 11:35:59,1394.35,1394.35,1394.35,1394.35,150,267375,1418.29,1383.10,1390.00
19.03.21 11:36:59,1389.05,1390.00,1385.25,1385.25,1500,267225,1416.58,1388.50,1394.00
19.03.21 11:37:59,1379.45,1379.45,1379.45,1379.45,75,267225,1416.47,1366.95,1374.15
19.03.21 11:38:59,1380.00,1380.00,1380.00,1380.00,75,267225,1416.37,1378.40,1384.95
19.03.21 11:41:59,1394.85,1400.00,1394.85,1400.00,1875,267750,1415.28,1396.65,1404.25
19.03.21 11:42:59,1408.00,1408.00,1408.00,1408.00,750,269325,1415.09,1410.00,1413.00
19.03.21 11:43:59,1410.00,1410.00,1410.00,1410.00,150,269325,1415.07,1409.75,1415.00
19.03.21 11:44:59,1419.00,1419.00,1419.00,1419.00,450,269325,1415.13,1409.90,1418.05
19.03.21 11:45:59,1420.00,1420.00,1420.00,1420.00,150,270450,1415.15,1424.75,1430.00
19.03.21 11:48:59,1413.95,1419.75,1413.95,1419.75,525,270375,1415.15,1424.00,1428.45
19.03.21 11:51:59,1402.00,1402.00,1402.00,1402.00,300,270300,1415.02,1403.10,1408.00
19.03.21 11:53:59,1406.95,1406.95,1406.95,1406.95,150,270300,1414.98,1383.70,1390.85
19.03.21 11:54:59,1375.00,1375.00,1375.00,1375.00,1500,270150,1413.14,1376.50,1382.00
19.03.21 11:55:59,1370.00,1370.00,1370.00,1370.00,1500,270150,1411.24,1377.60,1383.00
19.03.21 12:01:59,1365.00,1365.00,1365.00,1365.00,1500,271200,1409.29,1378.15,1382.00
19.03.21 12:02:59,1375.95,1382.00,1375.95,1382.00,825,271200,1408.54,1376.15,1383.95
19.03.21 12:03:59,1384.75,1384.75,1384.75,1384.75,75,272325,1408.49,1397.70,1406.55
19.03.21 12:07:59,1394.00,1394.00,1394.00,1394.00,75,272400,1408.46,1396.55,1403.95
19.03.21 12:14:59,1420.00,1420.00,1420.00,1420.00,75,272325,1408.49,1406.10,1414.85
19.03.21 12:16:59,1432.30,1433.95,1432.30,1433.95,300,272325,1408.68,1431.25,1439.75
19.03.21 12:18:59,1407.10,1407.10,1407.10,1407.10,75,272175,1408.68,1399.25,1407.10
19.03.21 12:20:59,1395.55,1395.55,1395.55,1395.55,75,272175,1408.65,1380.35,1388.40
19.03.21 12:28:59,1381.00,1381.00,1381.00,1381.00,75,272175,1408.60,1371.70,1379.05
19.03.21 12:34:59,1386.00,1386.00,1378.55,1378.55,375,272100,1408.31,1377.95,1384.95
19.03.21 12:36:59,1361.00,1361.00,1361.00,1361.00,150,272250,1408.12,1336.35,1343.55
19.03.21 12:37:59,1336.35,1336.35,1336.35,1336.35,150,0,1407.84,1344.30,1350.90
19.03.21 12:38:59,1347.65,1347.65,1347.65,1347.65,75,272250,1407.72,1350.80,1357.80
19.03.21 12:40:59,1349.85,1350.00,1346.65,1350.00,225,272175,1407.37,1354.00,1360.00
19.03.21 12:41:59,1360.00,1360.00,1360.00,1360.00,75,272175,1407.28,1365.95,1373.70
19.03.21 12:42:59,1380.00,1380.00,1380.00,1380.00,75,272250,1407.23,1381.70,1388.85
19.03.21 12:45:59,1389.70,1390.70,1389.70,1390.70,150,272250,1407.16,1387.40,1397.85
19.03.21 12:53:59,1341.00,1341.00,1334.00,1334.00,225,272325,1406.76,1335.15,1344.30
19.03.21 12:55:59,1350.00,1350.00,1350.00,1350.00,75,272175,1406.65,1346.80,1354.60
19.03.21 12:56:59,1353.25,1353.25,1353.25,1353.25,75,272175,1406.55,1353.10,1362.85
19.03.21 13:00:59,1375.00,1375.00,1375.00,1375.00,150,272250,1406.41,1368.50,1377.75
19.03.21 13:01:59,1365.00,1365.00,1365.00,1365.00,75,272250,1406.33,1356.95,1365.95
19.03.21 13:05:59,1364.00,1364.00,1364.00,1364.00,75,272175,1406.25,1360.50,1369.85
19.03.21 13:08:59,1372.80,1380.00,1372.75,1376.70,450,272100,1405.90,1375.05,1384.85
19.03.21 13:10:59,1375.95,1375.95,1375.95,1375.95,75,272250,1405.85,1365.10,1373.75
19.03.21 13:11:59,1377.55,1377.55,1377.55,1377.55,75,272250,1405.79,1358.15,1365.75
19.03.21 13:13:59,1345.00,1351.95,1345.00,1351.95,150,272175,1405.58,1350.90,1360.00
19.03.21 13:14:59,1360.00,1360.00,1360.00,1360.00,75,272175,1405.49,1348.95,1358.25
19.03.21 13:18:59,1357.45,1357.45,1347.55,1347.55,450,272175,1404.88,1336.05,1344.45
19.03.21 13:19:59,1336.75,1337.00,1336.75,1337.00,600,272175,1403.89,1341.05,1349.85
19.03.21 13:20:59,1340.85,1340.85,1323.00,1323.00,750,272175,1402.58,1323.75,1333.65
19.03.21 13:21:59,1330.15,1330.15,1320.00,1320.00,825,273075,1401.06,1319.05,1325.60
19.03.21 13:22:59,1319.00,1319.00,1305.40,1305.40,1275,273075,1398.59,1304.15,1312.35
19.03.21 13:23:59,1315.00,1315.00,1315.00,1315.00,75,273075,1398.45,1314.75,1322.90
19.03.21 13:27:59,1302.05,1302.05,1302.05,1302.05,300,272925,1397.80,1303.95,1306.85
19.03.21 13:29:59,1322.70,1325.00,1322.70,1325.00,450,272925,1397.06,1324.25,1328.40
19.03.21 13:30:59,1350.00,1350.00,1350.00,1350.00,75,272925,1396.98,1344.10,1348.30
19.03.21 13:31:59,1340.70,1340.70,1322.00,1322.00,1200,273225,1395.10,1315.15,1320.20
19.03.21 13:32:59,1300.00,1300.00,1296.35,1296.35,150,273225,1394.79,1304.15,1310.90
19.03.21 13:34:59,1310.00,1310.00,1310.00,1310.00,150,273150,1394.51,1306.10,1311.95
19.03.21 13:36:59,1306.80,1306.80,1306.80,1306.80,150,273150,1394.23,1300.30,1305.05
19.03.21 13:37:59,1300.00,1309.00,1300.00,1309.00,150,273150,1393.94,1308.55,1314.85
19.03.21 13:39:59,1305.00,1305.00,1305.00,1305.00,150,273150,1393.65,1308.30,1313.90
19.03.21 13:40:59,1288.30,1292.00,1288.30,1292.00,450,273150,1392.67,1300.45,1305.55
19.03.21 13:42:59,1315.85,1323.95,1315.85,1321.35,3450,273150,1387.60,1323.50,1329.90
19.03.21 13:43:59,1325.25,1330.00,1325.25,1327.80,2100,273150,1385.18,1312.65,1319.85
19.03.21 13:44:59,1312.00,1312.00,1312.00,1312.00,150,273150,1384.97,1317.75,1324.85
19.03.21 13:46:59,1308.40,1308.40,1308.40,1308.40,150,278175,1384.76,1304.20,1311.85
19.03.21 13:47:59,1305.70,1305.70,1305.70,1305.70,225,278175,1384.43,1308.00,1316.85
19.03.21 13:52:59,1294.85,1294.85,1290.00,1290.00,225,278025,1384.04,1288.70,1296.30
19.03.21 13:56:59,1295.95,1295.95,1290.00,1290.00,450,278100,1383.27,1288.95,1295.60
19.03.21 13:57:59,1285.00,1285.00,1285.00,1285.00,75,278250,1383.13,1274.65,1279.45
19.03.21 13:58:59,1271.00,1271.00,1267.00,1267.00,375,278250,1382.33,1268.90,1275.90
19.03.21 13:59:59,1257.00,1257.00,1257.00,1257.00,375,278250,1381.48,1251.45,1260.30
19.03.21 14:00:59,1247.60,1247.60,1240.00,1240.00,450,277875,1380.39,1240.30,1245.15
19.03.21 14:05:59,1267.05,1267.05,1267.05,1267.05,300,277800,1379.78,1258.25,1266.95
19.03.21 14:06:59,1252.90,1252.90,1252.90,1252.90,75,277875,1379.61,1254.35,1261.25
19.03.21 14:07:59,1262.00,1262.00,1262.00,1262.00,75,277875,1379.45,1258.40,1263.35
19.03.21 14:08:59,1256.65,1256.65,1256.65,1256.65,300,277875,1378.79,1260.90,1268.55
19.03.21 14:09:59,1265.00,1265.00,1265.00,1265.00,900,277875,1376.99,1250.10,1258.65
19.03.21 14:11:59,1250.00,1251.15,1250.00,1251.15,375,278250,1376.16,1254.50,1260.75
19.03.21 14:12:59,1251.15,1251.15,1239.05,1239.05,225,278550,1375.66,1236.30,1243.85
19.03.21 14:14:59,1248.25,1248.25,1248.25,1248.25,75,278550,1375.49,1250.65,1258.55
19.03.21 14:16:59,1225.00,1237.95,1225.00,1237.95,225,278550,1374.92,1244.00,1250.00
19.03.21 14:17:59,1250.00,1257.70,1250.00,1257.70,225,278550,1374.46,1269.35,1279.50
19.03.21 14:18:59,1280.85,1280.85,1280.85,1280.85,75,278625,1374.34,1267.60,1274.95
19.03.21 14:19:59,1276.60,1276.60,1276.60,1276.60,150,278625,1374.08,1270.05,1275.85
19.03.21 14:20:59,1270.00,1270.00,1258.00,1260.00,675,278625,1372.78,1249.40,1256.85
19.03.21 14:23:59,1253.70,1253.70,1253.70,1253.70,75,278775,1372.63,1250.50,1257.85
19.03.21 14:29:59,1247.00,1247.00,1247.00,1247.00,300,278925,1372.00,1239.15,1245.95
19.03.21 14:31:59,1216.35,1216.35,1216.35,1216.35,225,279000,1371.41,1223.85,1230.85
19.03.21 14:32:59,1225.00,1225.00,1225.00,1225.00,225,279000,1370.86,1208.70,1217.30
19.03.21 14:33:59,1209.75,1209.75,1209.75,1209.75,75,279300,1370.65,1200.30,1206.45
19.03.21 14:34:59,1196.00,1196.00,1196.00,1196.00,150,279300,1370.22,1192.60,1197.85
19.03.21 14:37:59,1200.30,1200.30,1200.30,1200.30,75,279300,1370.01,1202.35,1207.60
19.03.21 14:38:59,1203.00,1203.00,1202.00,1202.00,600,279300,1368.35,1203.00,1210.95
19.03.21 14:39:59,1207.00,1207.00,1207.00,1207.00,600,279300,1366.76,1194.40,1199.30
19.03.21 14:40:59,1191.85,1191.85,1191.85,1191.85,300,279000,1365.91,1193.20,1199.90
19.03.21 14:41:59,1200.00,1200.00,1200.00,1200.00,75,279000,1365.71,1203.25,1210.85
19.03.21 14:43:59,1193.00,1193.00,1193.00,1193.00,225,279150,1365.08,1190.15,1196.85
19.03.21 14:45:59,1182.00,1182.00,1180.00,1180.00,150,279150,1364.64,1167.55,1173.65
19.03.21 14:46:59,1168.80,1168.80,1168.80,1168.80,150,279150,1364.16,1180.35,1185.80
19.03.21 14:48:59,1180.00,1180.00,1180.00,1180.00,225,279150,1363.50,1184.05,1190.00
19.03.21 14:51:59,1182.00,1182.00,1182.00,1182.00,75,279225,1363.28,1187.65,1192.85
19.03.21 14:53:59,1200.00,1200.00,1200.00,1200.00,75,279225,1363.08,1186.60,1191.95
19.03.21 14:54:59,1186.00,1186.00,1186.00,1186.00,225,279225,1362.45,1182.90,1188.35
19.03.21 14:56:59,1191.00,1191.00,1191.00,1191.00,75,279225,1362.24,1179.85,1186.85
19.03.21 14:57:59,1180.00,1180.00,1180.00,1180.00,75,279225,1362.02,1182.80,1186.90
19.03.21 14:59:59,1181.35,1181.35,1181.35,1181.35,225,279225,1361.38,1161.10,1167.60
19.03.21 15:00:59,1167.00,1167.00,1167.00,1167.00,300,279225,1360.46,1156.05,1159.75
19.03.21 15:01:59,1166.70,1166.70,1166.70,1166.70,150,279225,1360.00,1169.95,1176.95
19.03.21 15:02:59,1168.95,1168.95,1168.95,1168.95,225,279225,1359.32,1166.90,1173.20
19.03.21 15:03:59,1164.65,1164.65,1164.65,1164.65,375,279450,1358.18,1166.95,1174.80
19.03.21 15:04:59,1168.70,1170.30,1168.00,1168.00,900,279450,1355.57,1156.15,1161.85
19.03.21 15:05:59,1160.00,1160.00,1150.00,1151.00,750,279450,1353.27,1151.65,1159.70
19.03.21 15:06:59,1149.75,1149.75,1149.75,1149.75,75,279450,1353.03,1158.90,1164.85
19.03.21 15:08:59,1168.45,1168.45,1163.70,1163.70,825,279075,1350.75,1166.65,1168.45
19.03.21 15:09:59,1170.00,1180.00,1170.00,1175.00,3000,279075,1343.25,1167.60,1176.95
19.03.21 15:11:59,1197.90,1197.90,1193.70,1193.70,450,276675,1342.31,1193.70,1197.00
19.03.21 15:12:59,1197.75,1199.00,1197.75,1199.00,900,276675,1340.48,1201.45,1207.80
19.03.21 15:15:59,1202.10,1205.00,1202.10,1205.00,225,276225,1340.04,1206.90,1212.10
19.03.21 15:16:59,1220.00,1220.00,1220.00,1220.00,75,276225,1339.92,1217.90,1220.00
19.03.21 15:17:59,1213.20,1213.20,1213.20,1213.20,225,276225,1339.52,1207.40,1211.95
19.03.21 15:18:59,1205.35,1205.35,1205.35,1205.35,75,276225,1339.38,1199.15,1204.85
19.03.21 15:20:59,1207.30,1207.30,1207.30,1207.30,150,276675,1339.10,1218.00,1224.95
19.03.21 15:21:59,1216.35,1216.35,1216.35,1216.35,75,276675,1338.97,1218.85,1220.00
19.03.21 15:23:59,1214.00,1214.00,1211.80,1213.25,375,276825,1338.32,1212.65,1218.55
19.03.21 15:24:59,1205.00,1205.00,1205.00,1205.00,75,276825,1338.18,1202.85,1211.35
19.03.21 15:25:59,1210.95,1210.95,1210.95,1210.95,75,277125,1338.05,1210.85,1217.85
19.03.21 15:26:59,1211.15,1211.15,1211.15,1211.15,75,277125,1337.92,1211.00,1216.10
19.03.21 15:27:59,1211.35,1211.35,1211.35,1211.35,75,277125,1337.79,1210.00,1215.70
22.03.21 09:15:59,1250.00,1250.00,1250.00,1250.00,75,277275,1250.00,1242.30,1251.30
22.03.21 09:16:59,1253.00,1253.00,1244.80,1244.80,150,277275,1249.26,1249.80,1257.85
22.03.21 09:19:59,1255.25,1256.60,1255.25,1256.60,150,277200,1251.93,1253.55,1260.35
22.03.21 09:26:59,1259.00,1266.00,1259.00,1266.00,1575,277275,1258.62,1261.40,1268.15
22.03.21 09:29:59,1263.75,1263.75,1263.75,1263.75,75,277275,1258.81,1254.75,1260.70
22.03.21 09:30:59,1240.00,1240.00,1240.00,1240.00,1500,278100,1250.80,1240.35,1247.85
22.03.21 09:34:59,1229.30,1229.30,1229.30,1229.30,75,279300,1250.36,1231.05,1238.15
22.03.21 09:39:59,1221.00,1221.00,1221.00,1221.00,75,279300,1249.76,1225.15,1231.80
22.03.21 09:40:59,1221.00,1221.00,1221.00,1221.00,75,279300,1249.18,1213.20,1220.20
22.03.21 09:41:59,1227.00,1227.00,1227.00,1227.00,75,279450,1248.75,1228.05,1233.70
22.03.21 09:42:59,1218.00,1218.00,1218.00,1218.00,150,279450,1247.59,1215.05,1221.80
22.03.21 09:45:59,1215.00,1215.00,1205.00,1206.05,450,279675,1243.63,1200.15,1206.20
22.03.21 09:46:59,1199.00,1199.00,1199.00,1199.00,75,279675,1242.89,1205.00,1210.40
22.03.21 09:47:59,1202.00,1202.00,1198.00,1198.00,300,279975,1240.20,1195.25,1200.70
22.03.21 09:48:59,1177.25,1177.25,1177.25,1177.25,75,279975,1239.24,1178.50,1184.60
22.03.21 09:49:59,1188.00,1188.00,1186.85,1186.85,1350,279975,1227.99,1186.40,1192.95
22.03.21 09:50:59,1182.00,1182.00,1182.00,1182.00,75,281250,1227.44,1182.00,1185.85
22.03.21 09:51:59,1182.00,1182.00,1182.00,1182.00,75,281250,1226.91,1170.10,1178.35
22.03.21 09:53:59,1180.00,1180.00,1175.00,1175.05,375,281250,1224.14,1175.05,1179.90
22.03.21 09:54:59,1175.00,1175.00,1175.00,1175.00,75,281250,1223.60,1180.65,1186.85
22.03.21 09:55:59,1180.00,1180.00,1180.00,1180.00,75,281250,1223.12,1190.00,1192.95
22.03.21 09:57:59,1206.00,1206.00,1206.00,1206.00,900,281400,1221.15,1194.25,1200.35
22.03.21 10:00:59,1210.00,1210.00,1210.00,1210.00,150,281550,1220.94,1222.65,1224.00
22.03.21 10:01:59,1224.00,1224.00,1224.00,1224.00,75,281550,1220.97,1220.00,1224.85
22.03.21 10:02:59,1224.00,1224.00,1224.00,1224.00,75,281550,1220.99,1227.40,1234.10
22.03.21 10:03:59,1220.00,1220.00,1220.00,1220.00,75,281850,1220.98,1213.75,1219.25
22.03.21 10:07:59,1198.00,1198.00,1198.00,1198.00,75,281850,1220.78,1198.40,1204.95
22.03.21 10:09:59,1201.00,1201.00,1201.00,1201.00,150,281850,1220.42,1195.85,1200.00
22.03.21 10:10:59,1190.00,1190.00,1190.00,1190.00,75,281850,1220.15,1195.55,1200.90
22.03.21 10:13:59,1196.00,1196.00,1190.65,1190.65,225,281850,1219.44,1200.30,1206.85
22.03.21 10:16:59,1202.95,1202.95,1198.55,1198.55,225,282000,1218.95,1202.70,1207.85
22.03.21 10:17:59,1211.25,1211.25,1211.25,1211.25,150,282000,1218.77,1206.15,1211.95
22.03.21 10:20:59,1215.90,1223.00,1215.90,1223.00,150,282075,1218.78,1216.55,1222.90
22.03.21 10:24:59,1218.00,1218.00,1218.00,1218.00,600,282075,1218.73,1220.85,1227.95
22.03.21 10:26:59,1225.00,1228.85,1225.00,1228.85,150,282225,1218.86,1229.50,1232.10
22.03.21 10:27:59,1229.50,1235.60,1229.50,1235.60,225,282225,1219.18,1230.75,1238.35
22.03.21 10:30:59,1242.00,1242.00,1242.00,1242.00,75,282225,1219.35,1237.20,1244.35
22.03.21 10:34:59,1249.00,1249.00,1249.00,1249.00,75,282225,1219.56,1238.85,1246.40
22.03.21 10:35:59,1247.50,1247.50,1247.50,1247.50,75,282225,1219.76,1247.20,1251.45
22.03.21 10:38:59,1231.00,1231.00,1231.00,1231.00,150,282075,1219.92,1222.85,1231.80
22.03.21 10:39:59,1230.70,1230.70,1230.70,1230.70,150,282000,1220.07,1225.55,1230.95
22.03.21 10:42:59,1238.00,1238.00,1238.00,1238.00,75,282000,1220.20,1235.80,1241.00
22.03.21 10:44:59,1245.00,1247.00,1245.00,1247.00,150,282000,1220.55,1244.90,1249.90
22.03.21 10:46:59,1260.00,1260.00,1260.00,1260.00,150,281925,1221.08,1257.50,1263.00
22.03.21 10:48:59,1263.05,1263.05,1263.05,1263.05,75,282000,1221.37,1258.50,1264.80
22.03.21 10:52:59,1278.90,1278.90,1278.90,1278.90,75,282075,1221.75,1265.65,1272.85
22.03.21 11:00:59,1272.70,1272.70,1272.70,1272.70,225,282075,1222.75,1278.20,1285.85
22.03.21 11:03:59,1276.00,1276.00,1276.00,1276.00,225,282225,1223.77,1271.00,1278.80
22.03.21 11:05:59,1266.00,1266.00,1266.00,1266.00,300,282450,1224.83,1262.45,1268.85
22.03.21 11:06:59,1253.65,1253.65,1253.65,1253.65,75,282450,1225.01,1246.80,1256.30
22.03.21 11:07:59,1252.15,1252.15,1252.15,1252.15,75,282450,1225.18,1255.65,1263.95
22.03.21 11:09:59,1252.00,1252.00,1252.00,1252.00,75,282750,1225.34,1251.50,1257.50
22.03.21 11:21:59,1250.00,1252.00,1250.00,1252.00,225,282750,1225.81,1247.65,1252.00
22.03.21 11:22:59,1252.00,1253.00,1252.00,1253.00,225,282750,1226.28,1244.20,1254.35
22.03.21 11:28:59,1252.55,1252.55,1252.55,1252.55,75,282825,1226.44,1262.40,1270.85
22.03.21 11:35:59,1254.05,1254.05,1254.05,1254.05,75,282825,1226.60,1247.55,1251.95
22.03.21 11:37:59,1248.00,1248.00,1247.00,1247.00,450,282750,1227.30,1245.65,1247.00
22.03.21 11:38:59,1247.00,1247.00,1247.00,1247.00,750,0,1228.35,1243.45,1249.00
22.03.21 11:39:59,1250.00,1250.00,1250.00,1250.00,75,282750,1228.47,1246.30,1250.95
22.03.21 11:41:59,1250.00,1250.00,1250.00,1250.00,150,282750,1228.70,1247.00,1250.00
22.03.21 11:46:59,1245.00,1245.00,1245.00,1245.00,75,282900,1228.78,1244.80,1250.00
22.03.21 11:47:59,1246.55,1246.55,1246.55,1246.55,225,282900,1229.06,1241.85,1246.00
22.03.21 11:51:59,1235.00,1235.00,1235.00,1235.00,150,282900,1229.12,1235.45,1240.00
22.03.21 11:52:59,1240.00,1240.00,1240.00,1240.00,75,282900,1229.17,1233.85,1237.95
22.03.21 11:55:59,1220.00,1220.00,1213.75,1217.05,300,282900,1228.92,1217.15,1225.85
22.03.21 11:57:59,1228.00,1228.00,1220.50,1220.50,225,282825,1228.83,1224.20,1225.00
22.03.21 11:58:59,1225.00,1225.00,1225.00,1225.00,75,0,1228.81,1220.35,1225.00
22.03.21 12:00:59,1225.00,1225.00,1225.00,1225.00,75,0,1228.79,1226.45,1232.85
22.03.21 12:01:59,1235.00,1235.00,1235.00,1235.00,150,282825,1228.85,1235.90,1241.85
22.03.21 12:10:59,1235.00,1235.00,1232.55,1232.55,225,282825,1228.91,1231.95,1240.45
22.03.21 12:12:59,1239.00,1239.00,1239.00,1239.00,750,282975,1229.39,1238.30,1246.85
22.03.21 12:13:59,1242.95,1243.00,1242.95,1243.00,150,282975,1229.51,1240.55,1248.40
22.03.21 12:22:59,1270.75,1270.75,1270.75,1270.75,75,283425,1229.70,1278.60,1286.70
22.03.21 12:28:59,1290.00,1290.00,1290.00,1290.00,75,283425,1229.96,1282.95,1289.75
22.03.21 12:30:59,1299.00,1299.00,1299.00,1299.00,75,283425,1230.27,1295.55,1303.30
22.03.21 12:31:59,1295.70,1295.70,1295.70,1295.70,150,283425,1230.84,1299.15,1305.85
22.03.21 12:32:59,1300.00,1300.00,1300.00,1300.00,75,283425,1231.14,1291.15,1298.90
22.03.21 12:37:59,1298.30,1298.30,1296.60,1296.60,150,283500,1231.72,1292.80,1298.60
22.03.21 12:38:59,1294.35,1294.35,1294.35,1294.35,150,283500,1232.26,1290.40,1297.90
22.03.21 12:39:59,1290.00,1290.00,1290.00,1290.00,825,283575,1234.86,1290.00,1295.70
22.03.21 12:43:59,1305.00,1305.00,1302.65,1302.65,600,283575,1237.08,1300.45,1307.00
22.03.21 12:48:59,1281.95,1281.95,1281.95,1281.95,75,283950,1237.25,1276.90,1279.85
22.03.21 12:49:59,1280.00,1280.00,1280.00,1280.00,75,283950,1237.42,1283.95,1290.85
22.03.21 12:50:59,1283.00,1283.00,1283.00,1283.00,75,283950,1237.60,1293.80,1301.00
22.03.21 13:00:59,1300.00,1300.00,1300.00,1300.00,150,283950,1238.09,1302.15,1308.85
22.03.21 13:02:59,1308.00,1315.00,1308.00,1315.00,150,283950,1238.65,1316.95,1323.85
22.03.21 13:03:59,1317.00,1317.00,1317.00,1317.00,75,283875,1238.95,1316.85,1324.55
22.03.21 13:05:59,1315.10,1315.10,1305.00,1305.00,300,283875,1240.05,1300.85,1307.85
22.03.21 13:10:59,1310.00,1310.00,1310.00,1310.00,75,283950,1240.31,1299.65,1306.00
22.03.21 13:11:59,1300.00,1300.00,1300.00,1300.00,75,283950,1240.53,1301.85,1308.75
22.03.21 13:13:59,1299.55,1299.55,1299.55,1299.55,75,283950,1240.75,1294.65,1301.80
22.03.21 13:20:59,1320.00,1320.00,1320.00,1320.00,150,283950,1241.34,1321.95,1327.80
22.03.21 13:22:59,1311.90,1311.90,1311.90,1311.90,75,283800,1241.61,1308.20,1313.15
22.03.21 13:26:59,1302.85,1302.85,1302.25,1302.25,225,283800,1242.27,1293.70,1299.80
22.03.21 13:27:59,1295.25,1295.25,1295.25,1295.25,150,283800,1242.66,1293.90,1299.00
22.03.21 13:28:59,1299.00,1299.00,1290.00,1290.00,600,283650,1244.13,1287.60,1293.40
22.03.21 13:30:59,1299.00,1302.00,1299.00,1302.00,150,283950,1244.53,1297.70,1305.10
22.03.21 13:31:59,1305.00,1308.00,1305.00,1308.00,300,283950,1245.40,1302.15,1304.90
22.03.21 13:33:59,1308.00,1308.00,1308.00,1308.00,75,284175,1245.61,1304.05,1310.75
22.03.21 13:35:59,1284.15,1284.15,1284.15,1284.15,75,284175,1245.75,1279.60,1287.30
22.03.21 13:36:59,1282.05,1287.00,1282.05,1287.00,675,284100,1246.92,1285.00,1288.00
22.03.21 13:37:59,1285.00,1285.00,1275.55,1275.55,225,284100,1247.27,1269.25,1274.85
22.03.21 13:38:59,1273.00,1273.00,1273.00,1273.00,75,284100,1247.35,1267.95,1273.10
22.03.21 13:39:59,1261.05,1261.05,1261.05,1261.05,225,284250,1247.48,1262.45,1268.90
22.03.21 13:40:59,1263.45,1270.00,1263.45,1270.00,300,284250,1247.71,1267.45,1275.20
22.03.21 13:41:59,1260.00,1260.00,1250.75,1250.75,225,284250,1247.80,1253.40,1259.80
22.03.21 13:42:59,1261.15,1265.00,1261.15,1265.00,375,284550,1248.02,1259.60,1265.15
22.03.21 13:44:59,1260.00,1260.00,1260.00,1260.00,225,284550,1248.12,1255.00,1257.95
22.03.21 13:45:59,1264.60,1264.60,1264.35,1264.35,150,284925,1248.22,1258.50,1265.00
22.03.21 13:46:59,1250.00,1250.00,1240.00,1240.00,150,284925,1248.20,1233.10,1238.45
22.03.21 13:48:59,1239.35,1239.35,1239.35,1239.35,225,284925,1248.12,1250.00,1256.85
22.03.21 13:49:59,1251.90,1251.90,1251.90,1251.90,150,285225,1248.14,1247.00,1251.60
22.03.21 13:53:59,1249.45,1249.45,1249.45,1249.45,150,285300,1248.15,1245.15,1254.85
22.03.21 13:55:59,1242.00,1260.00,1242.00,1260.00,225,285225,1248.15,1257.55,1268.95
22.03.21 13:56:59,1270.00,1275.00,1268.25,1268.25,225,285225,1248.35,1266.00,1275.45
22.03.21 14:00:59,1262.00,1262.00,1262.00,1262.00,225,285150,1248.48,1262.45,1269.55
22.03.21 14:02:59,1265.00,1265.00,1265.00,1265.00,225,285150,1248.62,1255.75,1262.70
22.03.21 14:03:59,1256.40,1256.40,1256.40,1256.40,225,285150,1248.69,1257.95,1265.95
22.03.21 14:05:59,1250.00,1250.00,1230.00,1230.00,225,285450,1248.59,1220.00,1225.35
22.03.21 14:06:59,1220.00,1220.00,1220.00,1220.00,75,285450,1248.51,1212.55,1217.35
22.03.21 14:07:59,1210.00,1210.00,1210.00,1210.00,75,285450,1248.40,1216.85,1225.30
22.03.21 14:16:59,1213.50,1213.50,1213.50,1213.50,225,285450,1248.10,1215.70,1221.70
22.03.21 14:20:59,1249.00,1249.00,1249.00,1249.00,75,285450,1248.11,1261.80,1270.30
22.03.21 14:23:59,1252.25,1252.25,1252.25,1252.25,150,285450,1248.13,1246.25,1253.55
22.03.21 14:24:59,1247.75,1247.75,1247.75,1247.75,150,285450,1248.13,1242.30,1249.15
22.03.21 14:25:59,1236.30,1236.30,1236.30,1236.30,75,285675,1248.10,1240.60,1248.50
22.03.21 14:26:59,1246.55,1246.55,1246.55,1246.55,75,285675,1248.09,1234.30,1241.55
22.03.21 14:27:59,1224.90,1224.90,1224.90,1224.90,300,285675,1247.84,1230.35,1237.80
22.03.21 14:28:59,1225.40,1225.40,1225.40,1225.40,225,285750,1247.66,1228.70,1235.45
22.03.21 14:29:59,1229.70,1229.70,1229.70,1229.70,150,285750,1247.56,1220.60,1226.80
22.03.21 14:31:59,1226.00,1226.00,1226.00,1226.00,300,285900,1247.34,1211.15,1216.75
22.03.21 14:33:59,1218.05,1218.05,1217.35,1217.35,750,285975,1246.58,1223.55,1229.30
22.03.21 14:34:59,1222.00,1222.00,1222.00,1222.00,600,285975,1246.08,1220.80,1227.35
22.03.21 14:35:59,1240.00,1240.00,1240.00,1240.00,75,285975,1246.07,1235.60,1243.50
22.03.21 14:36:59,1229.95,1229.95,1229.95,1229.95,75,285975,1246.02,1232.20,1239.05
22.03.21 14:38:59,1235.00,1235.00,1235.00,1235.00,825,286425,1245.73,1237.85,1245.80
22.03.21 14:41:59,1240.00,1240.00,1240.00,1240.00,75,286425,1245.71,1240.15,1247.85
22.03.21 14:42:59,1250.00,1250.00,1250.00,1250.00,75,286425,1245.72,1243.40,1250.35
22.03.21 14:47:59,1260.00,1260.00,1260.00,1260.00,225,286425,1245.83,1254.20,1260.60
22.03.21 14:48:59,1246.50,1246.50,1246.50,1246.50,375,286425,1245.84,1253.70,1261.80
22.03.21 14:49:59,1253.70,1253.70,1253.70,1253.70,375,286425,1245.93,1259.80,1267.75
22.03.21 14:50:59,1268.80,1268.80,1268.80,1268.80,150,286425,1246.04,1261.50,1269.35
22.03.21 14:52:59,1253.35,1253.35,1253.35,1253.35,150,286425,1246.08,1250.50,1258.10
22.03.21 14:56:59,1239.35,1239.35,1239.35,1239.35,150,286425,1246.04,1236.25,1240.00
22.03.21 14:57:59,1240.00,1240.00,1240.00,1240.00,75,286425,1246.03,1235.80,1243.70
22.03.21 14:59:59,1232.05,1232.05,1232.05,1232.05,75,286425,1246.00,1227.35,1234.60
22.03.21 15:00:59,1240.00,1240.00,1240.00,1240.00,75,286350,1245.98,1238.65,1246.10
22.03.21 15:04:59,1234.00,1234.00,1218.00,1218.00,600,286350,1245.58,1214.65,1220.30
22.03.21 15:05:59,1216.00,1216.00,1216.00,1216.00,450,286350,1245.18,1219.95,1226.85
22.03.21 15:07:59,1204.75,1205.00,1204.75,1205.00,300,286350,1244.82,1202.05,1208.20
22.03.21 15:08:59,1198.90,1198.90,1195.00,1195.00,975,286350,1243.54,1196.40,1203.10
22.03.21 15:09:59,1187.45,1187.45,1187.45,1187.45,75,286350,1243.42,1185.60,1190.10
22.03.21 15:10:59,1184.70,1184.70,1178.55,1178.55,975,286350,1241.82,1182.70,1191.20
22.03.21 15:11:59,1187.95,1187.95,1181.00,1181.00,225,286350,1241.45,1174.30,1178.65
22.03.21 15:12:59,1175.20,1175.45,1172.70,1172.70,600,286350,1240.36,1172.00,1178.60
22.03.21 15:13:59,1175.00,1178.05,1175.00,1178.05,150,286275,1240.09,1179.90,1187.50
22.03.21 15:14:59,1177.45,1177.45,1177.45,1177.45,150,286275,1239.84,1173.40,1178.25
22.03.21 15:15:59,1173.10,1173.75,1173.10,1173.75,150,286275,1239.57,1180.95,1185.00
22.03.21 15:17:59,1185.00,1185.00,1185.00,1185.00,75,286275,1239.46,1182.10,1189.00
22.03.21 15:18:59,1180.95,1180.95,1180.95,1180.95,375,286275,1238.87,1183.50,1191.90
22.03.21 15:19:59,1187.05,1187.05,1187.05,1187.05,675,286575,1237.96,1185.80,1195.60
22.03.21 15:20:59,1188.75,1188.75,1183.65,1183.70,375,286575,1237.44,1185.20,1192.55
22.03.21 15:21:59,1181.85,1183.80,1181.85,1183.80,300,286575,1237.02,1185.45,1190.40
22.03.21 15:22:59,1185.50,1190.00,1185.50,1186.30,600,287250,1236.24,1184.65,1190.65
22.03.21 15:23:59,1186.65,1186.65,1184.85,1184.85,375,287250,1235.77,1183.45,1188.55
22.03.21 15:25:59,1180.75,1186.40,1180.75,1182.40,375,287475,1235.26,1178.15,1181.85
22.03.21 15:26:59,1176.45,1176.45,1176.45,1176.45,225,287475,1234.94,1178.15,1185.30
22.03.21 15:27:59,1178.15,1178.15,1178.15,1178.15,75,287475,1234.83,1177.65,1184.50
22.03.21 15:28:59,1178.60,1178.60,1178.60,1178.60,225,287625,1234.52,1178.25,1183.00
22.03.21 15:30:00,1180.30,1180.30,1180.05,1180.05,300,287625,1234.12,1176.05,1181.20
23.03.21 09:16:59,1164.95,1165.00,1164.95,1165.00,1425,287550,1164.99,1162.10,1167.95
23.03.21 09:17:59,1153.55,1153.55,1153.55,1153.55,300,286800,1163.00,1152.00,1153.30
23.03.21 09:19:59,1155.00,1155.00,1151.95,1152.50,375,286800,1161.21,1150.00,1153.15
23.03.21 09:20:59,1143.95,1143.95,1130.00,1131.80,975,286650,1153.75,1128.65,1136.65
23.03.21 09:21:59,1131.80,1131.80,1127.35,1127.50,450,286650,1150.53,1125.05,1131.80
23.03.21 09:22:59,1130.00,1136.50,1130.00,1136.50,225,286650,1149.56,1130.15,1136.55
23.03.21 09:23:59,1130.00,1133.25,1130.00,1133.25,450,287325,1147.66,1125.05,1131.25
23.03.21 09:24:59,1130.00,1130.00,1121.40,1121.40,1050,287325,1142.94,1123.20,1130.85
23.03.21 09:26:59,1110.10,1110.10,1110.10,1110.10,600,287775,1139.57,1110.00,1114.95
23.03.21 09:27:59,1109.25,1109.25,1109.25,1109.25,150,287775,1138.82,1106.95,1111.30
23.03.21 09:29:59,1113.85,1115.00,1112.00,1112.00,225,288375,1137.91,1107.75,1113.05
23.03.21 09:30:59,1115.00,1115.00,1115.00,1115.00,75,288375,1137.64,1115.15,1123.00
23.03.21 09:32:59,1118.50,1119.05,1113.05,1113.05,1125,288450,1134.07,1116.00,1123.75
23.03.21 09:33:59,1116.00,1116.00,1116.00,1116.00,900,288450,1132.12,1116.85,1123.60
23.03.21 09:34:59,1123.35,1125.00,1122.70,1122.70,525,288450,1131.65,1115.10,1121.15
23.03.21 09:35:59,1120.15,1120.15,1120.15,1120.15,75,288450,1131.55,1118.30,1125.05
23.03.21 09:36:59,1123.30,1123.30,1123.30,1123.30,75,290100,1131.48,1121.20,1127.70
23.03.21 09:37:59,1121.20,1130.00,1121.20,1130.00,525,290100,1131.22,1125.70,1130.00
23.03.21 09:38:59,1130.00,1131.00,1128.20,1131.00,375,290550,1131.16,1129.00,1136.75
23.03.21 09:39:59,1129.00,1129.00,1129.00,1129.00,1500,290550,1130.87,1126.50,1133.00
23.03.21 09:41:59,1128.00,1128.00,1128.00,1128.00,75,290550,1130.85,1128.50,1135.30
23.03.21 09:43:59,1121.00,1130.00,1121.00,1130.00,225,292125,1130.77,1130.30,1136.00
23.03.21 09:44:59,1136.00,1136.00,1136.00,1136.00,75,292200,1130.80,1133.55,1140.00
23.03.21 09:45:59,1140.00,1140.00,1140.00,1140.00,225,292200,1130.97,1141.20,1148.45
23.03.21 09:46:59,1141.00,1141.00,1141.00,1141.00,225,292200,1131.16,1141.90,1148.60
23.03.21 09:47:59,1146.50,1146.50,1146.50,1146.50,75,292650,1131.25,1141.65,1149.20
23.03.21 09:52:59,1118.00,1118.00,1118.00,1118.00,1500,292575,1129.81,1121.75,1125.05
23.03.21 09:56:59,1120.45,1120.45,1120.45,1120.45,75,293925,1129.76,1120.85,1125.00
23.03.21 10:00:59,1120.00,1125.00,1120.00,1125.00,225,294000,1129.66,1125.50,1130.00
23.03.21 10:01:59,1130.00,1130.00,1130.00,1130.00,300,294000,1129.66,1132.00,1133.00
23.03.21 10:02:59,1133.00,1133.00,1133.00,1133.00,75,294000,1129.68,1122.50,1130.60
23.03.21 10:03:59,1126.00,1126.00,1126.00,1126.00,75,294450,1129.66,1127.50,1132.00
23.03.21 10:05:59,1140.00,1140.00,1140.00,1140.00,225,294525,1129.82,1132.15,1139.00
23.03.21 10:06:59,1134.05,1134.05,1134.05,1134.05,900,294525,1130.09,1139.25,1144.00
23.03.21 10:07:59,1144.00,1144.00,1144.00,1144.00,75,294525,1130.15,1138.25,1144.75
23.03.21 10:08:59,1139.90,1139.90,1139.90,1139.90,75,295650,1130.20,1139.60,1145.00
23.03.21 10:09:59,1145.00,1145.00,1145.00,1145.00,75,295650,1130.27,1138.45,1142.00
23.03.21 10:10:59,1140.00,1144.00,1140.00,1144.00,525,295650,1130.60,1145.45,1150.00
23.03.21 10:12:59,1150.00,1150.00,1150.00,1150.00,450,296175,1131.12,1148.50,1153.95
23.03.21 10:13:59,1156.00,1156.00,1156.00,1156.00,675,296175,1132.00,1154.55,1160.95
23.03.21 10:14:59,1151.80,1151.80,1151.80,1151.80,75,296175,1132.08,1150.95,1157.75
23.03.21 10:15:59,1157.80,1157.80,1157.80,1157.80,75,296775,1132.19,1148.45,1157.85
23.03.21 10:16:59,1160.00,1160.00,1160.00,1160.00,75,296775,1132.31,1159.90,1168.80
23.03.21 10:18:59,1165.80,1165.80,1165.50,1165.50,150,296700,1132.59,1168.25,1174.95
23.03.21 10:20:59,1160.35,1160.35,1160.35,1160.35,150,296700,1132.82,1152.35,1157.60
23.03.21 10:21:59,1150.05,1150.05,1145.70,1145.70,2250,296625,1134.36,1147.90,1151.85
23.03.21 10:27:59,1165.00,1169.70,1165.00,1169.70,150,298725,1134.60,1163.10,1163.75
23.03.21 10:28:59,1163.10,1163.10,1163.10,1163.10,75,0,1134.71,1164.35,1169.20
23.03.21 10:30:59,1175.00,1181.05,1175.00,1176.45,375,298650,1135.47,1174.85,1180.30
23.03.21 10:36:59,1161.05,1161.05,1161.05,1161.05,75,298350,1135.56,1148.80,1155.60
23.03.21 10:40:59,1148.00,1148.00,1148.00,1148.00,375,298350,1135.75,1141.15,1149.00
23.03.21 10:47:59,1150.00,1152.35,1149.10,1152.35,225,298425,1135.91,1151.80,1159.85
23.03.21 10:48:59,1154.50,1157.00,1154.50,1157.00,150,298425,1136.04,1150.55,1157.30
23.03.21 10:49:59,1157.00,1157.00,1157.00,1157.00,75,298425,1136.11,1152.05,1158.00
23.03.21 10:50:59,1152.00,1152.00,1152.00,1152.00,75,298425,1136.17,1149.00,1151.95
23.03.21 10:51:59,1149.00,1149.00,1149.00,1149.00,75,298200,1136.21,1140.55,1146.45
23.03.21 10:53:59,1110.00,1110.00,1105.00,1105.60,225,298200,1135.92,1107.95,1115.45
23.03.21 10:54:59,1103.65,1103.65,1066.05,1066.05,675,298125,1134.25,1076.95,1086.05
23.03.21 10:57:59,1090.00,1090.00,1090.00,1090.00,75,298125,1134.11,1090.45,1098.00
23.03.21 10:59:59,1093.00,1093.00,1093.00,1093.00,75,298125,1133.98,1089.60,1095.00
23.03.21 11:01:59,1082.20,1082.20,1082.20,1082.20,75,298125,1133.81,1077.40,1081.70
23.03.21 11:02:59,1081.45,1081.45,1081.45,1081.45,75,298125,1133.64,1083.55,1089.90
23.03.21 11:04:59,1085.00,1085.00,1085.00,1085.00,225,298125,1133.17,1081.25,1089.90
23.03.21 11:05:59,1090.00,1099.00,1090.00,1099.00,225,298125,1132.80,1105.50,1109.00
23.03.21 11:07:59,1110.00,1110.00,1110.00,1110.00,225,297975,1132.59,1105.00,1109.60
23.03.21 11:09:59,1119.90,1119.90,1119.90,1119.90,150,298125,1132.51,1110.50,1116.45
23.03.21 11:10:59,1120.00,1120.00,1120.00,1120.00,375,298125,1132.32,1108.15,1113.90
23.03.21 11:11:59,1107.15,1107.15,1107.15,1107.15,75,298125,1132.24,1109.45,1117.80
23.03.21 11:14:59,1113.65,1120.00,1113.65,1120.00,600,298125,1131.86,1118.35,1123.20
23.03.21 11:15:59,1118.45,1118.45,1118.45,1118.45,75,298125,1131.82,1114.05,1120.10
23.03.21 11:16:59,1130.00,1131.10,1130.00,1131.10,375,298125,1131.80,1128.05,1134.10
23.03.21 11:19:59,1120.05,1120.05,1115.75,1115.75,150,297450,1131.72,1112.30,1116.85
23.03.21 11:21:59,1120.00,1123.00,1120.00,1123.00,150,297450,1131.66,1123.40,1129.85
23.03.21 11:22:59,1125.00,1125.00,1125.00,1125.00,75,297450,1131.64,1120.15,1127.60
23.03.21 11:25:59,1130.00,1130.00,1130.00,1130.00,75,297450,1131.63,1123.50,1130.25
23.03.21 11:27:59,1128.00,1128.00,1127.00,1127.00,150,297450,1131.61,1126.00,1130.80
23.03.21 11:29:59,1138.00,1138.00,1138.00,1138.00,75,297450,1131.63,1140.05,1147.50
23.03.21 11:30:59,1140.00,1141.00,1140.00,1141.00,150,297600,1131.68,1139.85,1145.85
23.03.21 11:31:59,1140.00,1150.00,1140.00,1150.00,150,297600,1131.76,1149.85,1158.85
23.03.21 11:32:59,1160.00,1162.10,1160.00,1162.10,600,297675,1132.42,1165.20,1173.95
23.03.21 11:33:59,1185.00,1190.10,1178.00,1178.00,750,297675,1133.83,1185.00,1190.40
23.03.21 11:34:59,1195.00,1209.25,1195.00,1197.70,1125,297675,1136.59,1193.40,1200.00
23.03.21 11:36:59,1185.00,1202.25,1185.00,1202.25,150,296700,1136.88,1198.70,1206.85
23.03.21 11:38:59,1190.10,1190.10,1185.05,1185.05,375,296550,1137.52,1183.90,1190.90
23.03.21 11:39:59,1186.95,1190.00,1186.95,1190.00,300,296550,1138.03,1168.35,1175.95
23.03.21 11:40:59,1185.65,1185.65,1185.65,1185.65,75,296550,1138.15,1183.70,1190.35
23.03.21 11:42:59,1185.65,1185.65,1181.00,1181.00,150,296100,1138.37,1180.00,1184.05
23.03.21 11:43:59,1180.00,1182.45,1180.00,1182.45,150,296100,1138.59,1181.15,1186.30
23.03.21 11:45:59,1194.90,1195.85,1194.90,1195.85,150,296100,1138.87,1184.80,1190.70
23.03.21 11:49:59,1196.75,1196.80,1195.40,1196.50,1500,296175,1141.58,1202.60,1207.90
23.03.21 11:50:59,1198.30,1198.30,1195.90,1195.90,225,296175,1141.97,1193.80,1198.10
23.03.21 11:51:59,1188.25,1189.60,1188.25,1189.60,225,294600,1142.30,1186.90,1190.95
23.03.21 11:52:59,1190.00,1190.00,1190.00,1190.00,750,294600,1143.39,1187.95,1195.10
23.03.21 11:53:59,1186.65,1186.65,1185.30,1185.30,375,294150,1143.87,1184.70,1189.80
23.03.21 11:55:59,1195.00,1195.00,1195.00,1195.00,75,294150,1143.98,1185.95,1190.75
23.03.21 11:56:59,1180.80,1182.10,1180.80,1182.10,600,294150,1144.63,1181.60,1184.15
23.03.21 11:57:59,1180.00,1180.00,1170.20,1170.20,150,293550,1144.77,1164.85,1171.95
23.03.21 11:58:59,1170.00,1172.00,1167.60,1172.00,1125,293550,1145.60,1170.50,1177.30
23.03.21 11:59:59,1177.95,1177.95,1175.00,1175.00,150,293550,1145.73,1173.25,1178.30
23.03.21 12:01:59,1180.00,1180.00,1180.00,1180.00,150,293400,1145.88,1173.80,1179.95
23.03.21 12:02:59,1170.00,1170.00,1170.00,1170.00,75,293400,1145.93,1167.85,1171.65
23.03.21 12:06:59,1158.85,1158.85,1158.85,1158.85,75,293400,1145.96,1153.90,1159.75
23.03.21 12:07:59,1160.00,1163.00,1160.00,1163.00,300,293400,1146.08,1162.10,1168.85
23.03.21 12:09:59,1160.00,1160.00,1160.00,1160.00,75,293400,1146.11,1160.80,1165.00
23.03.21 12:10:59,1163.00,1163.00,1163.00,1163.00,75,293400,1146.15,1166.75,1173.90
23.03.21 12:12:59,1170.00,1170.00,1170.00,1170.00,75,293400,1146.19,1170.25,1176.90
23.03.21 12:14:59,1170.00,1170.00,1170.00,1170.00,75,293400,1146.24,1162.30,1169.95
23.03.21 12:17:59,1185.00,1190.00,1185.00,1190.00,150,293475,1146.41,1188.35,1193.20
23.03.21 12:19:59,1175.00,1175.00,1175.00,1175.00,4950,293475,1149.83,1176.90,1182.70
23.03.21 12:21:59,1190.00,1190.00,1190.00,1190.00,75,298350,1149.91,1183.45,1188.95
23.03.21 12:22:59,1187.15,1190.30,1186.90,1186.90,300,298350,1150.17,1177.10,1182.90
23.03.21 12:23:59,1176.00,1176.05,1176.00,1176.05,525,298350,1150.49,1177.00,1180.05
23.03.21 12:26:59,1177.00,1177.00,1177.00,1177.00,375,298425,1150.73,1175.30,1177.95
23.03.21 12:27:59,1180.00,1180.00,1175.30,1175.30,375,298425,1150.95,1170.10,1177.80
23.03.21 12:33:59,1170.00,1170.00,1170.00,1170.00,75,298425,1150.98,1159.90,1165.00
23.03.21 12:34:59,1165.00,1165.00,1165.00,1165.00,75,298425,1151.01,1162.30,1170.35
23.03.21 12:40:59,1175.00,1175.00,1175.00,1175.00,75,298500,1151.05,1170.05,1176.85
23.03.21 12:42:59,1165.00,1168.00,1165.00,1168.00,225,298500,1151.13,1161.85,1169.35
23.03.21 12:43:59,1165.00,1165.00,1165.00,1165.00,300,298500,1151.22,1157.25,1163.25
23.03.21 12:45:59,1151.00,1151.00,1150.00,1150.00,225,298500,1151.22,1143.40,1149.25
23.03.21 12:50:59,1150.00,1150.00,1148.00,1148.00,375,298500,1151.19,1142.10,1149.00
23.03.21 12:53:59,1141.00,1141.00,1141.00,1141.00,300,298500,1151.12,1136.55,1143.00
23.03.21 12:56:59,1132.00,1132.00,1132.00,1132.00,150,298500,1151.06,1135.65,1142.70
23.03.21 12:59:59,1145.00,1145.00,1145.00,1145.00,150,298575,1151.04,1145.75,1152.30
23.03.21 13:00:59,1155.00,1155.00,1155.00,1155.00,75,298725,1151.05,1145.00,1151.60
23.03.21 13:01:59,1150.00,1150.95,1147.25,1150.95,450,298725,1151.03,1141.90,1148.45
23.03.21 13:06:59,1150.00,1152.90,1149.90,1152.90,375,298800,1151.02,1147.90,1155.70
23.03.21 13:07:59,1150.00,1154.00,1149.00,1154.00,300,298800,1151.03,1154.50,1161.10
23.03.21 13:17:59,1145.00,1150.00,1145.00,1150.00,225,298875,1151.01,1153.30,1162.50
23.03.21 13:21:59,1160.00,1160.00,1158.00,1158.00,525,298575,1151.11,1154.05,1160.50
23.03.21 13:22:59,1150.00,1150.00,1145.25,1149.00,450,298575,1151.08,1148.40,1154.65
23.03.21 13:23:59,1148.25,1148.25,1147.00,1147.00,300,298575,1151.06,1144.20,1151.70
23.03.21 13:25:59,1149.00,1149.00,1138.05,1139.25,675,299100,1150.92,1133.50,1140.60
23.03.21 13:26:59,1133.00,1133.00,1133.00,1133.00,75,299100,1150.90,1132.05,1140.85
23.03.21 13:28:59,1130.00,1130.00,1130.00,1130.00,75,299775,1150.86,1125.20,1131.95
23.03.21 13:29:59,1128.00,1128.00,1125.00,1128.00,225,299775,1150.75,1130.00,1133.95
23.03.21 13:31:59,1139.70,1139.70,1139.70,1139.70,75,299925,1150.74,1135.90,1142.85
23.03.21 13:33:59,1140.00,1140.00,1139.10,1139.10,225,299925,1150.68,1135.15,1142.40
23.03.21 13:34:59,1133.15,1133.15,1133.15,1133.15,75,299925,1150.66,1132.15,1139.95
23.03.21 13:35:59,1148.00,1148.00,1148.00,1148.00,75,299925,1150.65,1146.40,1150.00
23.03.21 13:36:59,1150.00,1170.00,1150.00,1170.00,300,300375,1150.71,1168.05,1175.00
23.03.21 13:37:59,1162.35,1162.35,1162.35,1162.35,600,300375,1150.88,1164.00,1171.50
23.03.21 13:38:59,1172.00,1172.00,1172.00,1172.00,75,300375,1150.91,1167.25,1174.85
23.03.21 13:40:59,1153.00,1153.00,1153.00,1153.00,150,300900,1150.91,1154.00,1161.30
23.03.21 13:41:59,1153.00,1153.00,1153.00,1153.00,375,300900,1150.93,1152.00,1157.35
23.03.21 13:42:59,1155.00,1155.00,1152.00,1152.00,300,301350,1150.95,1154.00,1160.50
23.03.21 13:43:59,1145.00,1145.00,1145.00,1145.00,150,301350,1150.93,1145.45,1152.70
23.03.21 13:49:59,1135.00,1135.00,1129.55,1132.60,750,301575,1150.65,1127.85,1133.50
23.03.21 13:50:59,1127.15,1127.15,1122.70,1122.70,150,301575,1150.58,1118.15,1125.75
23.03.21 13:53:59,1120.00,1120.00,1120.00,1120.00,75,301275,1150.54,1103.85,1111.85
23.03.21 13:54:59,1106.80,1108.90,1106.80,1108.90,225,301275,1150.35,1107.70,1113.05
23.03.21 13:57:59,1115.60,1115.60,1115.60,1115.60,75,301275,1150.30,1110.05,1116.50
23.03.21 13:58:59,1115.20,1115.20,1115.20,1115.20,75,301500,1150.25,1113.70,1118.65
23.03.21 14:00:59,1112.05,1112.05,1112.05,1112.05,300,301500,1150.04,1120.35,1128.55
23.03.21 14:01:59,1122.00,1130.60,1121.20,1130.60,750,301725,1149.68,1128.30,1137.70
23.03.21 14:02:59,1130.25,1130.25,1130.25,1130.25,75,301725,1149.65,1130.50,1135.85
23.03.21 14:06:59,1126.20,1126.20,1126.20,1126.20,150,301950,1149.59,1121.80,1128.15
23.03.21 14:08:59,1120.15,1121.85,1120.15,1121.85,150,301950,1149.51,1114.65,1121.55
23.03.21 14:11:59,1114.95,1115.00,1114.95,1115.00,675,301950,1149.08,1112.45,1115.00
23.03.21 14:12:59,1115.00,1120.30,1115.00,1120.30,300,301350,1148.90,1115.75,1123.45
23.03.21 14:14:59,1110.00,1111.85,1110.00,1111.85,150,301350,1148.80,1112.35,1118.85
23.03.21 14:15:59,1105.00,1105.00,1105.00,1105.00,75,301350,1148.74,1105.20,1114.20
23.03.21 14:16:59,1119.00,1119.00,1119.00,1119.00,750,301425,1148.34,1120.00,1125.00
23.03.21 14:17:59,1120.00,1120.00,1100.50,1100.50,150,301425,1148.24,1085.45,1091.05
23.03.21 14:18:59,1090.70,1090.70,1082.95,1082.95,375,300675,1147.84,1088.10,1095.85
23.03.21 14:20:59,1077.25,1077.25,1077.25,1077.25,225,300675,1147.56,1070.80,1077.35
23.03.21 14:21:59,1075.00,1075.00,1075.00,1075.00,750,300675,1146.61,1075.95,1084.50
23.03.21 14:23:59,1075.85,1075.85,1075.00,1075.00,225,300150,1146.33,1067.40,1075.75
23.03.21 14:24:59,1070.00,1070.00,1070.00,1070.00,75,300075,1146.23,1066.95,1072.80
23.03.21 14:25:59,1063.15,1063.75,1059.30,1063.75,525,300075,1145.48,1057.90,1063.90
23.03.21 14:26:59,1060.00,1060.00,1054.00,1054.00,525,300075,1144.70,1051.25,1057.60
23.03.21 14:27:59,1060.00,1060.00,1060.00,1060.00,8100,300750,1134.44,1058.85,1060.00
23.03.21 14:28:59,1060.00,1062.00,1060.00,1062.00,3225,300750,1131.02,1062.20,1070.10
23.03.21 14:31:59,1074.00,1074.00,1070.00,1070.00,150,305175,1130.89,1067.00,1074.65
23.03.21 14:33:59,1065.00,1065.00,1065.00,1065.00,75,305175,1130.82,1059.35,1063.00
23.03.21 14:34:59,1063.00,1063.00,1060.00,1060.00,225,305250,1130.60,1060.50,1066.05
23.03.21 14:35:59,1070.00,1070.00,1070.00,1070.00,75,305250,1130.54,1068.75,1075.10
23.03.21 14:36:59,1071.90,1071.90,1068.00,1068.05,1350,305775,1129.36,1060.10,1066.25
23.03.21 14:38:59,1068.80,1070.00,1068.80,1070.00,300,305775,1129.11,1068.90,1076.95
23.03.21 14:39:59,1068.10,1068.10,1068.10,1068.10,225,305850,1128.92,1070.00,1073.55
23.03.21 14:40:59,1070.00,1072.00,1064.00,1064.00,225,305850,1128.73,1056.40,1063.55
23.03.21 14:41:59,1055.00,1055.00,1055.00,1055.00,75,305850,1128.65,1053.50,1059.10
23.03.21 14:42:59,1055.00,1055.00,1050.00,1050.00,300,305850,1128.34,1045.60,1051.30
23.03.21 14:44:59,1050.00,1050.00,1042.00,1042.00,2025,305775,1126.16,1039.95,1045.00
23.03.21 14:45:59,1048.90,1048.90,1048.90,1048.90,75,305775,1126.09,1049.15,1054.65
23.03.21 14:46:59,1055.00,1055.00,1055.00,1055.00,75,306300,1126.02,1055.70,1063.95
23.03.21 14:47:59,1060.00,1060.00,1060.00,1060.00,75,306300,1125.95,1055.20,1061.10
23.03.21 14:49:59,1061.00,1066.55,1061.00,1066.55,900,306300,1125.20,1062.05,1068.05
23.03.21 14:50:59,1060.00,1060.00,1060.00,1060.00,75,306300,1125.13,1050.00,1052.30
23.03.21 14:51:59,1050.00,1050.00,1049.95,1050.00,225,306300,1124.91,1050.00,1054.60
23.03.21 14:52:59,1056.00,1056.00,1056.00,1056.00,75,306300,1124.84,1052.00,1057.10
23.03.21 14:53:59,1055.00,1055.00,1055.00,1055.00,75,306300,1124.78,1055.00,1059.15
23.03.21 14:54:59,1057.00,1057.00,1057.00,1057.00,1200,306300,1123.75,1060.00,1062.30
23.03.21 14:55:59,1065.00,1065.00,1065.00,1065.00,75,307350,1123.69,1059.45,1066.15
23.03.21 14:56:59,1065.00,1065.00,1057.90,1060.00,900,307350,1122.96,1053.25,1059.35
23.03.21 14:57:59,1059.35,1070.00,1059.35,1070.00,150,307425,1122.85,1062.85,1070.35
23.03.21 14:58:59,1062.80,1064.65,1062.80,1064.65,150,307425,1122.74,1061.15,1068.60
23.03.21 14:59:59,1065.00,1074.65,1065.00,1074.65,150,307425,1122.64,1073.85,1081.10
23.03.21 15:00:59,1074.65,1074.65,1069.85,1074.00,2250,307350,1121.29,1073.25,1081.50
23.03.21 15:01:59,1080.50,1085.00,1080.50,1085.00,300,307350,1121.15,1075.55,1083.90
23.03.21 15:02:59,1080.00,1084.00,1073.10,1073.10,825,307350,1120.73,1070.55,1078.45
23.03.21 15:03:59,1087.00,1094.90,1087.00,1094.30,600,309525,1120.51,1087.85,1094.90
23.03.21 15:04:59,1087.50,1090.50,1084.25,1087.80,825,309525,1120.19,1086.85,1094.80
23.03.21 15:05:59,1090.00,1090.00,1088.00,1088.00,2250,309525,1119.36,1095.80,1102.05
23.03.21 15:06:59,1100.00,1100.00,1100.00,1100.00,75,309525,1119.34,1083.75,1090.75
23.03.21 15:07:59,1090.00,1090.00,1080.00,1080.00,150,311775,1119.28,1074.35,1081.65
23.03.21 15:08:59,1080.00,1088.00,1080.00,1088.00,300,311775,1119.16,1087.15,1093.85
23.03.21 15:09:59,1095.00,1100.75,1095.00,1100.15,375,311850,1119.07,1097.20,1103.85
23.03.21 15:10:59,1100.00,1100.00,1100.00,1100.00,375,311850,1118.99,1095.85,1102.25
23.03.21 15:11:59,1100.00,1103.00,1096.00,1096.00,975,311850,1118.77,1091.15,1095.55
23.03.21 15:12:59,1099.40,1100.00,1097.00,1097.00,300,311850,1118.71,1090.15,1098.35
23.03.21 15:13:59,1095.00,1095.00,1095.00,1095.00,75,311550,1118.69,1095.00,1098.40
23.03.21 15:14:59,1095.00,1103.10,1095.00,1096.35,375,311550,1118.61,1092.65,1099.45
23.03.21 15:15:59,1100.00,1100.00,1100.00,1100.00,150,311550,1118.57,1094.90,1100.40
23.03.21 15:16:59,1100.35,1100.35,1095.00,1095.00,300,311550,1118.50,1091.15,1096.85
23.03.21 15:17:59,1096.85,1100.00,1096.85,1098.00,300,311550,1118.44,1098.00,1101.70
23.03.21 15:18:59,1098.00,1105.00,1098.00,1105.00,300,311550,1118.38,1100.75,1106.95
23.03.21 15:19:59,1105.00,1117.50,1105.00,1117.50,450,311625,1118.34,1114.30,1120.45
23.03.21 15:20:59,1120.00,1120.00,1110.15,1113.50,375,311625,1118.32,1110.65,1115.90
23.03.21 15:21:59,1115.00,1124.55,1114.20,1124.55,300,311625,1118.32,1115.15,1120.90
23.03.21 15:22:59,1115.50,1120.00,1115.50,1120.00,450,311850,1118.32,1120.00,1124.90
23.03.21 15:23:59,1124.95,1124.95,1120.35,1120.35,225,311850,1118.33,1123.50,1125.00
23.03.21 15:24:59,1125.00,1125.00,1120.00,1123.85,975,311850,1118.36,1122.05,1124.00
23.03.21 15:25:59,1121.20,1121.20,1116.85,1116.85,375,311925,1118.37,1115.25,1115.85
23.03.21 15:26:59,1116.15,1116.15,1111.00,1111.00,525,311925,1118.34,1111.00,1111.40
23.03.21 15:27:59,1112.00,1112.00,1110.50,1110.50,450,311925,1118.31,1110.20,1112.15
23.03.21 15:28:59,1112.60,1112.60,1111.00,1111.00,375,311850,1118.29,1107.85,1111.45
23.03.21 15:30:00,1111.10,1111.10,1108.60,1108.60,675,311850,1118.22,1102.40,1108.45
24.03.21 09:15:59,1171.60,1171.60,1165.85,1165.85,300,311700,1168.72,1163.90,1175.00
24.03.21 09:17:59,1188.95,1192.40,1188.95,1192.40,150,311475,1176.04,1185.90,1194.10
24.03.21 09:19:59,1189.25,1193.40,1188.75,1193.40,1050,311475,1185.39,1194.40,1199.95
24.03.21 09:20:59,1194.80,1194.80,1194.80,1194.80,75,311475,1185.84,1179.60,1185.10
24.03.21 09:22:59,1177.25,1177.25,1177.25,1177.25,150,311325,1185.09,1179.90,1188.15
24.03.21 09:24:59,1180.00,1188.20,1179.95,1188.20,375,310200,1184.67,1185.65,1193.00
24.03.21 09:25:59,1203.35,1203.35,1203.35,1203.35,225,310200,1186.26,1201.80,1207.10
24.03.21 09:27:59,1200.00,1200.00,1200.00,1200.00,75,310125,1186.69,1192.50,1196.60
24.03.21 09:28:59,1196.25,1196.25,1196.00,1196.00,150,310125,1187.24,1198.40,1200.75
24.03.21 09:29:59,1200.00,1200.00,1200.00,1200.00,75,310125,1187.61,1200.95,1204.60
24.03.21 09:30:59,1202.80,1209.80,1202.80,1206.00,450,309975,1190.28,1202.25,1205.55
24.03.21 09:31:59,1205.55,1205.55,1204.15,1204.15,150,309975,1190.96,1194.15,1198.35
24.03.21 09:33:59,1195.00,1196.10,1194.40,1194.85,525,309750,1191.57,1194.45,1199.00
24.03.21 09:34:59,1200.00,1202.00,1200.00,1201.30,450,309750,1192.64,1196.45,1201.85
24.03.21 09:35:59,1200.85,1200.85,1194.00,1194.75,2325,309750,1193.82,1198.25,1204.60
24.03.21 09:36:59,1205.00,1205.00,1205.00,1205.00,75,309825,1193.94,1200.60,1206.50
24.03.21 09:37:59,1200.00,1200.00,1190.00,1190.00,225,309825,1193.97,1185.40,1192.10
24.03.21 09:39:59,1195.00,1195.00,1190.00,1190.00,150,310500,1193.94,1186.10,1194.15
24.03.21 09:40:59,1190.00,1190.00,1190.00,1190.00,75,310500,1193.90,1185.90,1191.60
24.03.21 09:41:59,1190.00,1190.00,1183.20,1183.20,300,310500,1193.63,1179.55,1185.05
24.03.21 09:42:59,1185.00,1188.00,1185.00,1187.00,225,310500,1193.42,1186.00,1190.65
24.03.21 09:43:59,1187.00,1191.05,1187.00,1191.05,525,310500,1193.11,1190.70,1197.85
24.03.21 09:44:59,1198.80,1198.80,1198.80,1198.80,75,310500,1193.16,1194.00,1198.75
24.03.21 09:45:59,1195.00,1195.00,1195.00,1195.00,75,310500,1193.18,1188.95,1197.60
24.03.21 09:46:59,1192.00,1200.00,1192.00,1200.00,375,310500,1193.36,1197.15,1204.60
24.03.21 09:47:59,1202.00,1202.00,1200.00,1200.00,300,310500,1193.60,1192.45,1199.95
24.03.21 09:48:59,1198.00,1198.00,1198.00,1198.00,75,310500,1193.63,1192.35,1194.95
24.03.21 09:49:59,1194.95,1195.00,1194.95,1195.00,375,310500,1193.69,1195.00,1200.00
24.03.21 09:50:59,1200.00,1200.00,1200.00,1200.00,150,310725,1193.79,1196.65,1203.70
24.03.21 09:51:59,1200.00,1200.00,1191.70,1191.70,525,310725,1193.74,1192.70,1200.50
24.03.21 09:52:59,1196.70,1196.70,1196.70,1196.70,75,310725,1193.77,1191.65,1199.10
24.03.21 09:53:59,1200.00,1200.00,1197.00,1200.00,450,310725,1194.00,1198.00,1202.05
24.03.21 09:54:59,1202.05,1210.00,1202.05,1208.00,450,310725,1194.46,1205.05,1212.05
24.03.21 09:55:59,1210.05,1215.00,1210.05,1215.00,225,310725,1194.84,1210.00,1217.45
24.03.21 09:57:59,1213.95,1213.95,1210.00,1210.00,375,310800,1195.40,1205.00,1209.45
24.03.21 09:59:59,1211.90,1213.00,1211.90,1213.00,150,310875,1195.62,1211.00,1218.40
24.03.21 10:00:59,1220.00,1226.40,1220.00,1226.40,450,310875,1196.59,1219.40,1227.45
24.03.21 10:01:59,1225.00,1234.80,1221.05,1221.05,450,310875,1197.75,1221.25,1228.30
24.03.21 10:02:59,1230.00,1235.00,1230.00,1235.00,225,311025,1198.36,1228.35,1234.95
24.03.21 10:03:59,1235.00,1235.00,1234.30,1234.30,300,311025,1199.19,1225.20,1233.55
24.03.21 10:04:59,1234.00,1234.00,1234.00,1234.00,75,311025,1199.39,1230.15,1236.05
24.03.21 10:05:59,1236.05,1245.00,1236.05,1242.00,975,311550,1202.16,1234.60,1243.15
24.03.21 10:06:59,1245.00,1245.00,1245.00,1245.00,75,311550,1202.39,1239.55,1248.05
24.03.21 10:07:59,1250.00,1250.00,1246.00,1246.85,600,311550,1204.24,1239.95,1248.55
24.03.21 10:08:59,1249.90,1249.90,1249.90,1249.90,75,311400,1204.47,1239.15,1246.95
24.03.21 10:09:59,1250.00,1260.00,1250.00,1257.00,600,311400,1206.40,1251.85,1260.70
24.03.21 10:10:59,1260.90,1264.65,1258.00,1258.00,300,311400,1207.43,1252.10,1259.25
24.03.21 10:11:59,1257.00,1257.00,1257.00,1257.00,225,311400,1208.12,1250.15,1255.70
24.03.21 10:12:59,1255.00,1255.00,1255.00,1255.00,75,311850,1208.34,1256.90,1264.95
24.03.21 10:13:59,1265.00,1265.00,1265.00,1265.00,75,311850,1208.60,1255.05,1264.65
24.03.21 10:14:59,1264.55,1264.55,1264.55,1264.55,450,311925,1210.10,1259.05,1264.95
24.03.21 10:15:59,1265.00,1270.00,1265.00,1270.00,300,311925,1211.09,1268.55,1276.65
24.03.21 10:16:59,1279.00,1279.95,1278.00,1278.00,300,311925,1212.27,1272.15,1279.80
24.03.21 10:18:59,1280.00,1285.00,1280.00,1285.00,1275,312300,1217.16,1288.40,1295.60
24.03.21 10:19:59,1295.00,1300.00,1295.00,1300.00,300,312300,1218.45,1299.25,1305.25
24.03.21 10:20:59,1304.00,1304.00,1300.00,1300.00,1500,311775,1224.46,1288.65,1297.80
24.03.21 10:21:59,1295.00,1297.00,1295.00,1297.00,150,311775,1224.98,1291.00,1297.40
24.03.21 10:22:59,1290.00,1290.00,1288.00,1288.00,225,311775,1225.68,1284.50,1290.00
24.03.21 10:23:59,1285.00,1285.00,1285.00,1285.00,225,312975,1226.31,1281.15,1285.00
24.03.21 10:24:59,1285.00,1285.10,1285.00,1285.00,1500,312975,1230.23,1287.00,1291.40
24.03.21 10:25:59,1287.00,1287.00,1280.00,1280.00,600,312975,1231.54,1273.05,1277.00
24.03.21 10:26:59,1277.00,1277.00,1275.00,1275.00,900,312975,1233.22,1276.10,1283.60
24.03.21 10:28:59,1273.30,1274.20,1273.00,1273.00,1575,314250,1235.70,1272.80,1280.45
24.03.21 10:29:59,1288.05,1288.05,1288.05,1288.05,525,315225,1236.76,1289.00,1296.55
24.03.21 10:30:59,1290.05,1290.05,1287.65,1287.65,1125,315225,1238.93,1288.05,1295.80
24.03.21 10:31:59,1290.00,1290.00,1290.00,1290.00,150,315225,1239.21,1283.75,1291.00
24.03.21 10:33:59,1280.95,1283.25,1280.95,1283.25,1050,318150,1240.80,1281.10,1289.40
24.03.21 10:36:59,1275.00,1279.15,1275.00,1279.15,600,319200,1241.58,1279.70,1284.55
24.03.21 10:38:59,1290.00,1290.00,1290.00,1290.00,75,319200,1241.71,1277.45,1285.75
24.03.21 10:39:59,1283.95,1286.05,1281.65,1281.65,1575,319725,1243.89,1287.05,1293.90
24.03.21 10:40:59,1300.00,1305.00,1300.00,1305.00,150,319725,1244.17,1299.85,1306.15
24.03.21 10:41:59,1302.70,1302.70,1300.00,1300.00,150,319725,1244.45,1295.00,1297.85
24.03.21 10:42:59,1295.00,1295.00,1295.00,1295.00,75,321225,1244.57,1284.40,1291.75
24.03.21 10:44:59,1285.00,1285.00,1285.00,1285.00,75,321225,1244.67,1276.05,1283.70
24.03.21 10:45:59,1280.00,1285.00,1280.00,1284.65,2550,321225,1247.55,1285.80,1292.50
24.03.21 10:46:59,1290.00,1290.00,1288.55,1288.55,150,321225,1247.73,1283.10,1289.20
24.03.21 10:47:59,1283.80,1285.00,1283.80,1285.00,1125,324225,1248.88,1284.55,1290.85
24.03.21 10:48:59,1284.55,1284.55,1284.55,1284.55,525,324225,1249.40,1281.30,1289.35
24.03.21 10:49:59,1286.00,1290.00,1286.00,1288.05,1650,324225,1251.11,1281.45,1286.20
24.03.21 10:50:59,1287.00,1287.00,1282.00,1282.00,675,324525,1251.69,1280.90,1286.30
24.03.21 10:51:59,1293.40,1314.95,1293.40,1308.10,1950,324525,1254.16,1310.20,1317.85
24.03.21 10:53:59,1325.00,1325.00,1325.00,1325.00,75,324525,1254.29,1315.85,1320.20
24.03.21 10:54:59,1320.00,1320.00,1319.85,1319.90,525,326025,1255.14,1323.15,1329.85
24.03.21 10:56:59,1320.00,1320.00,1317.80,1317.80,450,326025,1255.84,1313.05,1317.30
24.03.21 10:57:59,1315.00,1315.00,1315.00,1315.00,75,326100,1255.95,1309.40,1313.00
24.03.21 10:58:59,1312.65,1313.00,1312.65,1313.00,1800,326100,1258.36,1312.80,1315.00
24.03.21 10:59:59,1315.00,1315.00,1310.00,1310.00,1125,326100,1259.77,1306.70,1311.40
24.03.21 11:00:59,1309.00,1315.00,1309.00,1315.00,975,327225,1260.89,1315.80,1322.20
24.03.21 11:01:59,1320.00,1321.00,1320.00,1321.00,675,327225,1261.78,1312.20,1318.00
24.03.21 11:02:59,1313.00,1313.00,1313.00,1313.00,525,327225,1262.36,1300.05,1305.00
24.03.21 11:03:59,1302.00,1302.00,1302.00,1302.00,525,328800,1262.81,1304.70,1311.60
24.03.21 11:04:59,1310.00,1310.00,1305.00,1305.00,300,328800,1263.09,1300.05,1304.75
24.03.21 11:05:59,1305.45,1305.45,1302.00,1302.00,675,328800,1263.65,1302.05,1304.00
24.03.21 11:06:59,1304.00,1304.00,1300.00,1300.00,750,329100,1264.26,1294.30,1300.00
24.03.21 11:07:59,1295.00,1295.00,1295.00,1295.00,525,329100,1264.59,1294.00,1298.00
24.03.21 11:08:59,1298.00,1300.00,1298.00,1300.00,600,329925,1265.02,1302.80,1304.00
24.03.21 11:09:59,1304.00,1310.00,1304.00,1307.90,750,329925,1265.66,1308.05,1313.00
24.03.21 11:10:59,1313.00,1320.00,1313.00,1320.00,600,329925,1266.24,1319.40,1326.40
24.03.21 11:12:59,1322.00,1322.00,1322.00,1322.00,75,330825,1266.32,1308.30,1318.15
24.03.21 11:14:59,1313.00,1313.00,1310.00,1310.00,300,331050,1266.59,1306.85,1310.00
24.03.21 11:15:59,1307.00,1317.25,1307.00,1317.25,975,331050,1267.43,1323.00,1327.80
24.03.21 11:16:59,1325.00,1325.00,1325.00,1325.00,75,331050,1267.52,1309.45,1315.00
24.03.21 11:19:59,1318.00,1318.00,1314.15,1314.15,150,331500,1267.65,1314.35,1321.80
24.03.21 11:20:59,1319.00,1330.00,1319.00,1328.75,1275,331500,1269.10,1329.55,1334.45
24.03.21 11:21:59,1318.00,1318.00,1318.00,1318.00,750,332700,1269.77,1318.65,1324.30
24.03.21 11:24:59,1324.00,1324.00,1324.00,1324.00,75,333375,1269.85,1322.85,1329.85
24.03.21 11:25:59,1326.00,1326.00,1321.00,1321.00,300,333375,1270.14,1318.55,1325.75
24.03.21 11:27:59,1325.00,1325.00,1325.00,1325.00,75,333675,1270.21,1316.65,1323.70
24.03.21 11:28:59,1324.85,1324.85,1324.85,1324.85,75,333675,1270.29,1319.40,1325.85
24.03.21 11:29:59,1335.00,1335.00,1335.00,1335.00,300,333675,1270.64,1341.75,1348.00
24.03.21 11:31:59,1345.00,1345.00,1345.00,1345.00,75,333900,1270.74,1341.25,1348.30
24.03.21 11:32:59,1355.00,1355.00,1355.00,1355.00,300,333900,1271.18,1345.05,1352.55
24.03.21 11:33:59,1349.00,1349.00,1346.45,1346.45,900,334125,1272.42,1351.10,1355.00
24.03.21 11:34:59,1355.00,1355.00,1350.00,1350.00,825,334125,1273.55,1348.25,1355.85
24.03.21 11:42:59,1340.00,1340.00,1331.55,1331.55,675,335700,1274.25,1335.00,1339.25
24.03.21 11:43:59,1335.00,1335.00,1332.15,1332.15,150,335700,1274.40,1328.50,1333.35
24.03.21 11:45:59,1329.50,1329.50,1329.50,1329.50,75,336375,1274.47,1326.45,1331.80
24.03.21 11:46:59,1329.50,1330.00,1329.15,1329.85,300,336375,1274.75,1323.05,1329.15
24.03.21 11:47:59,1329.15,1329.15,1320.90,1320.90,150,336375,1274.88,1314.60,1320.00
24.03.21 11:48:59,1313.40,1313.40,1313.40,1313.40,75,336525,1274.93,1311.30,1316.45
24.03.21 11:49:59,1320.00,1320.00,1318.90,1318.90,150,336525,1275.05,1308.15,1313.40
24.03.21 11:50:59,1312.00,1312.00,1312.00,1312.00,300,336525,1275.23,1307.50,1314.10
24.03.21 11:52:59,1317.55,1317.55,1317.55,1317.55,75,336450,1275.29,1313.65,1319.45
24.03.21 11:53:59,1320.00,1320.00,1320.00,1320.00,75,336450,1275.34,1312.60,1318.75
24.03.21 11:57:59,1307.15,1307.15,1307.15,1307.15,75,336450,1275.38,1307.00,1312.20
24.03.21 11:58:59,1313.00,1313.00,1313.00,1313.00,75,336450,1275.43,1312.15,1318.65
24.03.21 11:59:59,1317.05,1317.05,1315.00,1315.00,150,336450,1275.53,1302.45,1308.55
24.03.21 12:00:59,1305.00,1305.00,1301.00,1301.00,225,336525,1275.63,1299.00,1305.85
24.03.21 12:01:59,1301.85,1308.65,1301.85,1305.00,525,336525,1275.89,1298.35,1304.50
24.03.21 12:03:59,1309.85,1309.85,1308.80,1309.05,225,336750,1276.01,1297.80,1303.40
24.03.21 12:04:59,1302.80,1302.80,1302.80,1302.80,75,336750,1276.05,1302.95,1310.90
24.03.21 12:05:59,1310.00,1310.00,1310.00,1310.00,75,336750,1276.09,1310.20,1317.95
24.03.21 12:07:59,1313.00,1313.00,1309.15,1309.30,375,336750,1276.29,1304.20,1309.75
24.03.21 12:08:59,1311.55,1311.55,1311.55,1311.55,75,336750,1276.34,1306.90,1313.55
24.03.21 12:12:59,1329.00,1329.00,1325.00,1325.00,225,336975,1276.52,1325.00,1328.10
24.03.21 12:13:59,1325.00,1325.00,1320.00,1325.00,375,336975,1276.81,1325.00,1326.00
24.03.21 12:14:59,1325.00,1325.00,1320.00,1320.00,225,336975,1276.97,1311.10,1317.40
24.03.21 12:16:59,1305.00,1305.00,1305.00,1305.00,75,337275,1277.00,1300.00,1306.90
24.03.21 12:18:59,1308.80,1308.80,1308.80,1308.80,75,337275,1277.04,1307.00,1309.20
24.03.21 12:19:59,1309.85,1309.85,1306.10,1306.25,375,337275,1277.23,1296.90,1303.00
24.03.21 12:20:59,1300.00,1300.00,1300.00,1300.00,75,337275,1277.25,1297.00,1301.95
24.03.21 12:21:59,1305.00,1305.00,1305.00,1305.00,75,337275,1277.29,1301.75,1308.55
24.03.21 12:22:59,1305.00,1305.00,1305.00,1305.00,75,337275,1277.32,1291.20,1299.35
24.03.21 12:27:59,1300.00,1300.00,1293.30,1293.30,225,337275,1277.38,1294.05,1300.90
24.03.21 12:31:59,1307.00,1307.00,1307.00,1307.00,75,337425,1277.42,1298.10,1304.80
24.03.21 12:32:59,1280.00,1280.00,1280.00,1280.00,75,337425,1277.42,1279.60,1286.65
24.03.21 12:33:59,1271.05,1271.05,1271.05,1271.05,75,337425,1277.41,1272.30,1279.85
24.03.21 12:34:59,1271.00,1271.00,1271.00,1271.00,75,337425,1277.41,1272.15,1277.90
24.03.21 12:37:59,1277.35,1277.35,1277.35,1277.35,75,337500,1277.41,1272.80,1278.70
24.03.21 12:46:59,1287.10,1287.10,1287.10,1287.10,75,337425,1277.42,1286.50,1292.70
24.03.21 12:59:59,1310.00,1310.00,1310.00,1310.00,75,337500,1277.46,1314.20,1320.00
24.03.21 13:01:59,1320.00,1320.00,1320.00,1320.00,75,337500,1277.51,1320.05,1324.95
24.03.21 13:02:59,1325.00,1325.00,1325.00,1325.00,150,337500,1277.62,1327.00,1329.10
24.03.21 13:03:59,1327.00,1327.00,1327.00,1327.00,75,0,1277.68,1319.05,1324.55
24.03.21 13:08:59,1318.00,1318.00,1318.00,1318.00,75,337575,1277.72,1317.85,1321.85
24.03.21 13:14:59,1322.00,1322.00,1322.00,1322.00,150,337650,1277.83,1321.15,1325.80
24.03.21 13:16:59,1318.00,1318.00,1318.00,1318.00,75,337650,1277.88,1330.00,1337.65
24.03.21 13:17:59,1329.10,1329.10,1329.10,1329.10,75,337650,1277.94,1328.90,1333.95
24.03.21 13:21:59,1295.00,1295.00,1295.00,1295.00,375,337725,1278.03,1295.25,1303.95
24.03.21 13:25:59,1301.35,1301.35,1297.00,1297.00,1425,338100,1278.49,1295.70,1300.00
24.03.21 13:26:59,1300.00,1305.65,1300.00,1305.65,825,338100,1278.76,1302.60,1308.95
24.03.21 13:27:59,1306.55,1306.55,1306.55,1306.55,75,338100,1278.80,1298.85,1305.05
24.03.21 13:28:59,1303.00,1303.00,1303.00,1303.00,75,338625,1278.82,1296.40,1301.00
24.03.21 13:30:59,1296.00,1296.00,1296.00,1296.00,525,338625,1278.96,1297.90,1303.95
24.03.21 13:32:59,1300.00,1300.00,1299.05,1299.05,375,338625,1279.07,1300.00,1305.85
24.03.21 13:34:59,1315.00,1315.00,1315.00,1315.00,75,339525,1279.11,1309.65,1316.00
24.03.21 13:36:59,1323.75,1323.75,1323.75,1323.75,900,339600,1279.69,1316.15,1321.65
24.03.21 13:37:59,1310.95,1310.95,1310.00,1310.00,1050,339600,1280.16,1304.55,1310.00
24.03.21 13:43:59,1313.00,1313.00,1313.00,1313.00,225,338850,1280.26,1306.60,1310.00
24.03.21 13:44:59,1308.55,1308.55,1300.00,1300.00,300,338850,1280.37,1298.05,1303.70
24.03.21 13:45:59,1296.00,1296.00,1296.00,1296.00,900,338850,1280.57,1301.05,1307.30
24.03.21 13:51:59,1315.00,1315.00,1315.00,1315.00,75,339225,1280.61,1310.90,1317.30
24.03.21 13:52:59,1313.05,1313.05,1313.05,1313.05,150,339225,1280.68,1305.05,1310.95
24.03.21 13:53:59,1309.45,1309.45,1309.45,1309.45,75,339225,1280.71,1309.65,1314.95
24.03.21 13:54:59,1312.30,1312.30,1312.30,1312.30,150,339225,1280.77,1306.85,1314.05
24.03.21 13:55:59,1305.90,1305.90,1305.00,1305.00,150,339450,1280.82,1294.60,1300.65
24.03.21 13:56:59,1303.80,1303.80,1303.80,1303.80,75,339450,1280.85,1296.75,1303.05
24.03.21 13:58:59,1296.95,1296.95,1290.00,1290.70,375,339375,1280.91,1287.50,1293.90
24.03.21 13:59:59,1296.60,1296.60,1296.60,1296.60,75,339375,1280.93,1293.55,1299.85
24.03.21 14:03:59,1280.00,1280.00,1280.00,1280.00,75,339300,1280.93,1272.20,1280.15
24.03.21 14:04:59,1279.40,1279.40,1279.40,1279.40,75,339300,1280.92,1273.30,1278.95
24.03.21 14:05:59,1284.00,1284.00,1281.80,1281.80,375,339300,1280.94,1280.55,1285.00
24.03.21 14:06:59,1286.25,1286.25,1286.25,1286.25,150,339525,1280.95,1284.60,1290.50
24.03.21 14:07:59,1298.95,1298.95,1298.95,1298.95,225,339525,1281.00,1293.40,1299.00
24.03.21 14:09:59,1300.00,1300.00,1300.00,1300.00,150,339750,1281.03,1301.75,1305.90
24.03.21 14:10:59,1305.90,1305.90,1305.90,1305.90,75,339750,1281.06,1301.20,1307.55
24.03.21 14:15:59,1290.00,1290.00,1290.00,1290.00,75,339900,1281.07,1293.40,1297.80
24.03.21 14:16:59,1304.60,1304.60,1299.40,1299.40,975,339900,1281.35,1300.00,1306.30
24.03.21 14:17:59,1298.85,1298.85,1298.85,1298.85,225,339900,1281.41,1292.35,1301.35
24.03.21 14:19:59,1297.25,1297.25,1297.25,1297.25,75,341025,1281.43,1292.15,1298.90
24.03.21 14:20:59,1291.50,1291.50,1285.05,1286.65,675,341025,1281.48,1290.00,1297.75
24.03.21 14:21:59,1285.25,1286.10,1285.25,1286.10,225,341025,1281.49,1291.85,1298.75
24.03.21 14:22:59,1294.30,1294.30,1294.30,1294.30,75,341175,1281.51,1292.10,1299.95
24.03.21 14:24:59,1300.00,1300.00,1300.00,1300.00,75,341175,1281.52,1293.00,1301.85
24.03.21 14:25:59,1287.05,1287.35,1286.55,1287.35,375,341325,1281.55,1288.05,1296.95
24.03.21 14:26:59,1290.00,1290.00,1290.00,1290.00,75,341325,1281.56,1285.25,1294.40
24.03.21 14:27:59,1290.00,1290.00,1290.00,1290.00,75,341325,1281.57,1284.75,1292.95
24.03.21 14:35:59,1286.00,1286.00,1286.00,1286.00,75,341400,1281.57,1282.75,1290.55
24.03.21 14:36:59,1274.30,1274.30,1274.30,1274.30,75,341400,1281.57,1257.05,1266.05
24.03.21 14:39:59,1270.00,1270.00,1270.00,1270.00,75,341400,1281.56,1265.95,1273.50
24.03.21 14:40:59,1265.00,1267.55,1265.00,1267.55,450,341400,1281.47,1271.95,1279.85
24.03.21 14:41:59,1274.95,1274.95,1274.95,1274.95,75,341400,1281.46,1268.30,1274.95
24.03.21 14:42:59,1272.00,1274.95,1272.00,1274.70,525,341400,1281.41,1275.05,1281.00
24.03.21 14:43:59,1280.25,1280.25,1280.25,1280.25,75,341775,1281.41,1279.85,1285.95
24.03.21 14:45:59,1280.00,1280.00,1277.00,1278.00,1200,342375,1281.36,1275.25,1282.10
24.03.21 14:47:59,1295.00,1320.00,1295.00,1320.00,150,342375,1281.41,1325.50,1333.10
24.03.21 14:48:59,1325.15,1358.65,1325.15,1355.00,300,342375,1281.66,1341.75,1349.85
24.03.21 14:49:59,1346.30,1346.30,1346.30,1346.30,675,342525,1282.20,1350.60,1354.00
24.03.21 14:50:59,1359.55,1359.55,1357.00,1357.00,2325,342525,1284.26,1355.75,1362.00
24.03.21 14:51:59,1362.00,1362.00,1344.85,1344.85,150,342900,1284.39,1343.90,1349.00
24.03.21 14:52:59,1349.00,1349.00,1349.00,1349.00,525,342900,1284.80,1354.70,1361.85
24.03.21 14:53:59,1366.35,1370.00,1364.45,1365.00,300,342900,1285.09,1357.00,1363.45
24.03.21 14:54:59,1362.90,1363.25,1361.15,1363.25,900,342900,1285.92,1368.15,1373.90
24.03.21 14:55:59,1363.15,1363.15,1362.50,1362.50,450,344925,1286.33,1360.60,1365.80
24.03.21 14:57:59,1354.00,1354.00,1354.00,1354.00,750,344925,1286.93,1353.65,1358.30
24.03.21 14:58:59,1355.00,1355.00,1355.00,1355.00,75,345525,1286.99,1351.05,1356.45
24.03.21 14:59:59,1349.75,1354.60,1344.00,1354.60,1500,345525,1288.04,1348.65,1356.85
24.03.21 15:00:59,1345.00,1350.00,1345.00,1350.00,225,345525,1288.19,1355.30,1364.65
24.03.21 15:01:59,1360.00,1362.00,1355.00,1362.00,225,346200,1288.37,1361.80,1365.00
24.03.21 15:02:59,1362.00,1363.00,1362.00,1363.00,225,346200,1288.56,1362.30,1368.25
24.03.21 15:03:59,1366.45,1375.00,1366.45,1375.00,3075,346725,1291.33,1369.45,1378.35
24.03.21 15:04:59,1371.55,1372.65,1368.05,1371.35,1500,346725,1292.60,1368.80,1375.35
24.03.21 15:06:59,1383.80,1383.80,1375.00,1377.40,300,346725,1292.88,1379.20,1383.85
24.03.21 15:07:59,1378.60,1378.60,1378.60,1378.60,225,347775,1293.09,1376.95,1383.55
24.03.21 15:08:59,1376.15,1378.60,1376.15,1378.60,150,347775,1293.22,1375.55,1382.70
24.03.21 15:09:59,1380.00,1380.00,1380.00,1380.00,75,347775,1293.29,1377.15,1383.80
24.03.21 15:10:59,1377.25,1377.25,1375.00,1375.00,450,348375,1293.69,1373.30,1377.80
24.03.21 15:11:59,1370.00,1370.00,1370.00,1370.00,75,348375,1293.75,1369.40,1375.90
24.03.21 15:12:59,1369.00,1374.15,1369.00,1374.15,2175,348375,1295.48,1362.80,1367.55
24.03.21 15:17:59,1365.20,1365.20,1365.20,1365.20,150,350250,1295.59,1368.40,1374.90
24.03.21 15:18:59,1374.35,1374.35,1370.00,1370.00,225,350250,1295.77,1369.60,1372.55
24.03.21 15:19:59,1368.55,1368.55,1368.55,1368.55,450,350175,1296.11,1369.35,1373.05
24.03.21 15:21:59,1372.35,1372.35,1371.00,1371.00,375,350175,1296.40,1368.35,1371.50
24.03.21 15:22:59,1368.00,1369.90,1368.00,1369.90,300,350175,1296.62,1363.30,1369.75
24.03.21 15:23:59,1369.45,1369.60,1369.45,1369.60,375,350175,1296.90,1365.80,1372.25
24.03.21 15:25:59,1361.00,1361.00,1355.35,1355.35,150,350025,1297.00,1354.05,1360.10
24.03.21 15:26:59,1352.20,1352.20,1352.20,1352.20,75,350025,1297.04,1350.55,1356.90
24.03.21 15:27:59,1352.00,1352.00,1352.00,1352.00,75,350100,1297.08,1351.25,1356.45
24.03.21 15:30:00,1352.80,1352.80,1352.80,1352.80,75,350100,1297.13,1347.55,1353.60
25.03.21 09:15:59,1398.50,1410.00,1394.40,1410.00,675,350100,1401.11,1406.00,1420.40
25.03.21 09:16:59,1424.85,1432.45,1424.85,1432.45,300,350100,1409.51,1426.55,1432.45
25.03.21 09:17:59,1440.00,1440.00,1440.00,1440.00,300,350625,1416.68,1434.25,1442.20
25.03.21 09:18:59,1438.30,1438.65,1438.30,1438.65,750,350625,1424.80,1437.45,1446.15
25.03.21 09:19:59,1438.30,1438.30,1437.00,1437.00,450,350625,1427.11,1439.25,1445.80
25.03.21 09:20:59,1447.90,1452.50,1447.90,1452.50,300,350250,1429.61,1451.15,1460.75
25.03.21 09:21:59,1450.00,1464.95,1450.00,1455.80,1425,350250,1438.99,1454.95,1463.50
25.03.21 09:22:59,1451.95,1451.95,1451.95,1451.95,75,350250,1439.21,1452.05,1462.30
25.03.21 09:23:59,1469.30,1469.30,1469.30,1469.30,900,351450,1443.22,1461.85,1468.50
25.03.21 09:24:59,1470.00,1470.00,1464.05,1464.05,975,351450,1447.32,1461.30,1471.95
25.03.21 09:27:59,1475.65,1482.00,1475.65,1482.00,750,352200,1450.86,1475.05,1484.75
25.03.21 09:29:59,1475.50,1475.50,1475.50,1475.50,150,352875,1451.38,1471.00,1479.80
25.03.21 09:31:59,1458.15,1458.15,1458.15,1458.15,75,352875,1451.45,1462.85,1471.85
25.03.21 09:32:59,1464.00,1464.00,1464.00,1464.00,150,353700,1451.71,1457.15,1463.35
25.03.21 09:33:59,1460.00,1464.00,1460.00,1464.00,450,353700,1452.39,1461.10,1464.00
25.03.21 09:34:59,1464.00,1479.15,1464.00,1479.15,825,353700,1454.55,1476.10,1479.15
25.03.21 09:35:59,1478.55,1479.10,1475.00,1475.00,525,353550,1455.86,1466.30,1475.55
25.03.21 09:36:59,1470.00,1470.00,1470.00,1470.00,75,353550,1455.98,1469.95,1474.95
25.03.21 09:37:59,1473.00,1482.00,1468.00,1482.00,2250,353550,1459.03,1480.70,1487.85
25.03.21 09:38:59,1470.00,1470.00,1468.00,1468.00,825,353400,1459.65,1466.10,1474.10
25.03.21 09:39:59,1469.60,1475.00,1469.60,1475.00,825,353400,1460.59,1471.80,1475.00
25.03.21 09:42:59,1470.00,1470.00,1465.00,1465.00,375,353325,1460.77,1462.35,1469.90
25.03.21 09:44:59,1470.00,1470.00,1470.00,1470.00,300,353700,1460.97,1472.90,1480.30
25.03.21 09:45:59,1489.95,1490.00,1489.95,1490.00,225,353700,1461.44,1491.35,1496.80
25.03.21 09:46:59,1496.85,1501.20,1496.85,1501.20,450,353700,1462.64,1495.60,1500.45
25.03.21 09:48:59,1500.15,1500.15,1500.15,1500.15,225,353325,1463.22,1492.35,1500.15
25.03.21 09:49:59,1495.30,1495.30,1491.10,1491.10,300,353325,1463.82,1483.05,1489.70
25.03.21 09:50:59,1492.65,1495.00,1492.65,1495.00,2100,355650,1467.44,1493.00,1496.95
25.03.21 09:51:59,1497.00,1497.45,1491.60,1491.60,675,355650,1468.50,1484.00,1490.80
25.03.21 09:52:59,1487.00,1494.80,1487.00,1494.80,450,355650,1469.07,1489.95,1495.45
25.03.21 09:53:59,1491.00,1498.05,1491.00,1498.05,2475,356100,1471.89,1495.00,1499.60
25.03.21 09:54:59,1500.00,1500.00,1500.00,1500.00,750,356100,1472.88,1496.00,1499.95
25.03.21 09:55:59,1498.00,1498.00,1495.00,1495.00,300,356100,1473.21,1492.05,1498.50
25.03.21 09:57:59,1505.00,1505.00,1505.00,1505.00,75,356775,1473.32,1496.70,1503.75
25.03.21 09:58:59,1496.70,1500.00,1496.70,1498.00,225,356775,1473.57,1493.05,1499.95
25.03.21 09:59:59,1499.75,1500.40,1499.50,1500.00,1275,356475,1475.01,1499.05,1506.40
25.03.21 10:00:59,1499.00,1499.00,1494.70,1495.00,525,356475,1475.50,1493.55,1500.90
25.03.21 10:01:59,1495.00,1495.00,1495.00,1495.00,150,356475,1475.63,1488.05,1495.00
25.03.21 10:02:59,1490.00,1490.00,1490.00,1490.00,75,356475,1475.67,1492.05,1502.60
25.03.21 10:03:59,1492.00,1493.40,1492.00,1493.40,525,356550,1475.98,1486.45,1494.60
25.03.21 10:04:59,1486.00,1490.00,1486.00,1486.15,600,356550,1476.27,1480.60,1489.65
25.03.21 10:05:59,1480.00,1485.00,1480.00,1485.00,300,358875,1476.34,1483.30,1490.00
25.03.21 10:06:59,1480.00,1480.00,1474.00,1480.00,900,358875,1476.34,1477.75,1485.95
25.03.21 10:07:59,1476.85,1478.00,1476.85,1478.00,225,358875,1476.35,1474.60,1484.75
25.03.21 10:08:59,1480.00,1480.00,1480.00,1480.00,150,361050,1476.37,1478.20,1482.45
25.03.21 10:09:59,1481.85,1481.85,1481.05,1481.05,750,361050,1476.50,1474.00,1479.95
25.03.21 10:10:59,1475.75,1475.75,1471.05,1475.20,1350,361050,1476.35,1476.40,1485.80
25.03.21 10:11:59,1480.00,1480.00,1473.00,1473.00,375,362025,1476.36,1470.50,1475.00
25.03.21 10:12:59,1473.70,1473.70,1468.35,1468.35,900,362025,1476.17,1474.15,1483.70
25.03.21 10:13:59,1478.00,1478.00,1475.00,1478.00,900,362025,1476.17,1476.90,1482.70
25.03.21 10:14:59,1480.35,1480.35,1475.05,1475.05,975,362025,1476.18,1479.95,1489.85
25.03.21 10:15:59,1481.00,1484.95,1480.00,1483.65,1050,362175,1476.35,1478.00,1483.60
25.03.21 10:16:59,1479.40,1491.80,1479.40,1491.55,2475,362175,1476.98,1486.40,1493.05
25.03.21 10:17:59,1488.00,1491.80,1488.00,1490.00,1050,363675,1477.38,1488.05,1492.65
25.03.21 10:18:59,1492.65,1495.25,1490.00,1490.70,2175,363675,1478.26,1491.70,1496.90
25.03.21 10:19:59,1490.05,1506.05,1490.05,1506.05,3450,363675,1479.63,1499.05,1506.05
25.03.21 10:20:59,1505.00,1518.20,1505.00,1517.20,1575,364650,1480.90,1512.05,1517.95
25.03.21 10:21:59,1521.90,1521.90,1520.00,1520.00,150,364650,1481.04,1516.45,1524.05
25.03.21 10:22:59,1520.00,1520.00,1519.00,1520.00,300,364650,1481.29,1515.85,1523.20
25.03.21 10:23:59,1515.10,1520.00,1507.95,1507.95,3000,365400,1483.33,1507.90,1514.65
25.03.21 10:24:59,1503.40,1506.60,1503.40,1506.60,2100,365400,1484.27,1504.70,1510.00
25.03.21 10:25:59,1505.20,1508.70,1504.55,1508.55,1350,365400,1484.86,1504.95,1510.00
25.03.21 10:26:59,1499.75,1505.00,1499.75,1502.55,2625,366225,1485.73,1504.00,1514.55
25.03.21 10:27:59,1504.00,1517.90,1504.00,1517.90,2400,366225,1486.76,1510.20,1516.95
25.03.21 10:28:59,1514.35,1514.95,1507.00,1514.95,1725,366225,1487.41,1509.75,1515.00
25.03.21 10:29:59,1515.00,1520.00,1508.40,1519.55,2775,368250,1488.70,1513.55,1520.55
25.03.21 10:30:59,1510.35,1517.90,1509.05,1517.90,1125,368250,1489.13,1510.95,1517.00
25.03.21 10:31:59,1511.90,1511.90,1503.50,1503.50,1275,368250,1489.49,1504.15,1511.40
25.03.21 10:32:59,1505.60,1511.05,1505.05,1505.05,3825,370350,1490.51,1503.50,1509.95
25.03.21 10:33:59,1503.50,1512.05,1503.50,1508.15,2625,370350,1491.23,1507.45,1513.10
25.03.21 10:34:59,1506.20,1507.65,1506.20,1507.65,150,370350,1491.26,1504.00,1510.00
25.03.21 10:35:59,1509.00,1509.00,1502.00,1509.00,1650,373200,1491.62,1503.85,1510.60
25.03.21 10:36:59,1505.00,1510.85,1505.00,1506.35,525,373200,1491.74,1506.75,1512.85
25.03.21 10:37:59,1514.05,1514.05,1505.00,1505.00,1200,373200,1492.02,1504.95,1510.50
25.03.21 10:38:59,1509.10,1509.10,1500.70,1500.70,675,373725,1492.15,1501.90,1509.40
25.03.21 10:39:59,1509.40,1509.40,1501.10,1504.60,975,373725,1492.31,1499.45,1506.10
25.03.21 10:40:59,1503.95,1507.15,1503.95,1507.15,1050,373725,1492.49,1506.75,1511.80
25.03.21 10:41:59,1512.55,1515.10,1512.55,1515.10,1425,377400,1492.89,1508.90,1515.55
25.03.21 10:42:59,1513.00,1520.00,1513.00,1516.00,1800,377400,1493.38,1514.95,1523.55
25.03.21 10:43:59,1515.65,1520.60,1515.65,1519.50,1200,377400,1493.74,1516.55,1523.10
25.03.21 10:45:59,1512.45,1515.00,1509.95,1509.95,1875,381900,1494.15,1509.65,1517.85
25.03.21 10:47:59,1515.00,1515.00,1515.00,1515.00,300,381900,1494.23,1510.85,1517.85
25.03.21 10:48:59,1512.30,1512.30,1511.70,1511.70,375,386775,1494.31,1509.05,1516.05
25.03.21 10:49:59,1510.00,1513.40,1510.00,1513.00,1125,386775,1494.55,1516.35,1520.00
25.03.21 10:50:59,1520.00,1520.00,1507.50,1509.00,1650,392475,1494.91,1508.25,1514.85
25.03.21 10:51:59,1509.70,1509.80,1503.30,1507.45,1800,392475,1495.16,1507.20,1512.90
25.03.21 10:52:59,1509.40,1523.40,1509.40,1523.40,1425,392475,1495.52,1517.80,1522.50
25.03.21 10:53:59,1532.00,1533.45,1529.40,1533.45,1050,392475,1495.93,1526.00,1533.65
25.03.21 10:54:59,1533.15,1539.75,1525.00,1539.75,2175,394575,1496.76,1535.45,1544.20
25.03.21 10:55:59,1540.25,1540.25,1530.95,1533.75,1050,394575,1497.21,1533.85,1540.30
25.03.21 10:56:59,1534.75,1540.00,1531.00,1540.00,2100,396450,1498.09,1535.55,1541.55
25.03.21 10:57:59,1541.95,1541.95,1538.20,1538.20,150,396450,1498.16,1531.80,1538.00
25.03.21 10:58:59,1536.00,1536.00,1531.00,1531.00,525,396450,1498.36,1531.45,1535.00
25.03.21 10:59:59,1531.00,1534.90,1531.00,1534.90,675,396450,1498.60,1529.05,1534.95
25.03.21 11:00:59,1529.00,1530.00,1529.00,1529.00,1125,399300,1498.96,1527.40,1530.00
25.03.21 11:01:59,1527.00,1527.00,1527.00,1527.00,150,399300,1499.00,1533.75,1541.90
25.03.21 11:03:59,1535.00,1540.25,1534.45,1538.00,2325,401400,1499.89,1535.85,1542.00
25.03.21 11:04:59,1538.60,1544.15,1538.60,1544.15,1200,401400,1500.38,1536.65,1546.05
25.03.21 11:05:59,1546.35,1547.75,1539.00,1539.85,1650,404400,1501.10,1539.05,1544.25
25.03.21 11:06:59,1543.30,1543.30,1542.95,1542.95,225,404400,1501.20,1541.85,1549.90
25.03.21 11:07:59,1546.95,1546.95,1534.95,1540.55,3675,404400,1502.55,1535.10,1542.10
25.03.21 11:08:59,1536.40,1540.60,1534.15,1534.15,1650,404400,1503.08,1535.45,1544.80
25.03.21 11:09:59,1536.25,1540.00,1536.25,1539.90,600,406650,1503.28,1540.80,1547.80
25.03.21 11:10:59,1542.60,1551.85,1540.55,1551.25,1800,406650,1503.97,1545.25,1551.40
25.03.21 11:11:59,1552.00,1552.90,1552.00,1552.90,1575,406650,1504.65,1548.35,1554.15
25.03.21 11:12:59,1554.15,1554.15,1543.60,1547.25,2250,408675,1505.57,1545.00,1551.15
25.03.21 11:13:59,1551.05,1553.30,1547.05,1552.50,1125,408675,1506.01,1547.35,1552.70
25.03.21 11:14:59,1551.95,1552.40,1545.25,1551.25,2100,410175,1506.77,1544.05,1550.90
25.03.21 11:15:59,1545.00,1555.00,1543.30,1549.60,2100,410175,1507.48,1549.70,1558.75
25.03.21 11:16:59,1552.90,1552.90,1551.30,1551.30,900,410175,1507.81,1548.05,1554.80
25.03.21 11:17:59,1552.60,1552.60,1547.00,1549.00,3375,411750,1508.96,1545.00,1551.00
25.03.21 11:18:59,1548.00,1548.00,1539.85,1542.00,3000,411750,1509.79,1541.85,1549.70
25.03.21 11:19:59,1550.00,1550.00,1544.05,1544.05,525,411750,1509.94,1544.30,1549.90
25.03.21 11:20:59,1545.55,1550.00,1540.00,1540.00,3300,415200,1510.83,1538.30,1544.25
25.03.21 11:21:59,1541.40,1541.40,1535.55,1539.00,4200,415200,1511.68,1536.00,1541.30
25.03.21 11:22:59,1538.65,1540.00,1535.45,1540.00,2550,415200,1512.18,1537.05,1543.80
25.03.21 11:23:59,1535.00,1535.00,1535.00,1535.00,75,415200,1512.19,1532.80,1539.45
25.03.21 11:24:59,1536.50,1536.50,1536.50,1536.50,600,417600,1512.30,1532.20,1538.25
25.03.21 11:25:59,1538.00,1540.00,1538.00,1540.00,1125,417600,1512.51,1538.00,1541.00
25.03.21 11:26:59,1541.00,1545.60,1541.00,1545.00,2475,417600,1513.08,1539.95,1544.90
25.03.21 11:27:59,1547.65,1547.65,1545.55,1545.55,1500,419925,1513.42,1537.85,1542.95
25.03.21 11:28:59,1540.00,1540.00,1532.00,1532.00,2025,419925,1513.71,1529.55,1533.60
25.03.21 11:29:59,1530.00,1533.75,1530.00,1533.00,6975,419925,1514.54,1535.00,1538.45
25.03.21 11:30:59,1542.00,1545.00,1540.30,1545.00,1125,422250,1514.74,1540.15,1544.85
25.03.21 11:31:59,1544.55,1546.25,1531.75,1531.75,9825,422250,1516.48,1532.45,1541.00
25.03.21 11:32:59,1534.85,1540.50,1533.40,1534.50,4875,426900,1517.02,1534.70,1539.80
25.03.21 11:33:59,1536.30,1537.90,1536.00,1537.50,1875,426900,1517.24,1533.40,1537.00
25.03.21 11:34:59,1533.05,1533.05,1531.90,1532.60,3075,426900,1517.51,1532.55,1537.90
25.03.21 11:35:59,1532.50,1532.50,1525.30,1530.20,5250,426900,1517.86,1529.20,1535.95
25.03.21 11:36:59,1529.20,1532.75,1529.15,1532.75,375,434550,1517.89,1526.40,1532.60
25.03.21 11:37:59,1529.50,1530.00,1523.60,1530.00,1275,434550,1517.97,1530.70,1536.45
25.03.21 11:38:59,1534.25,1534.25,1529.30,1529.30,750,434550,1518.02,1524.75,1529.75
25.03.21 11:39:59,1526.10,1528.35,1524.20,1527.95,1875,436425,1518.11,1529.90,1534.75
25.03.21 11:40:59,1529.90,1529.90,1529.45,1529.45,975,436425,1518.18,1525.30,1531.35
25.03.21 11:41:59,1531.70,1533.20,1526.80,1526.80,1350,436425,1518.27,1526.70,1532.90
25.03.21 11:45:59,1542.00,1545.30,1540.15,1545.30,2850,453525,1518.64,1543.15,1547.85
25.03.21 11:46:59,1547.75,1547.75,1544.70,1544.85,1725,453525,1518.88,1541.65,1547.30
25.03.21 11:47:59,1547.25,1547.25,1540.60,1541.75,2475,453525,1519.20,1540.10,1545.10
25.03.21 11:48:59,1540.10,1546.75,1540.10,1545.00,4275,459675,1519.77,1539.80,1544.55
25.03.21 11:49:59,1539.80,1546.75,1539.80,1544.70,5700,459675,1520.45,1539.30,1545.20
25.03.21 11:50:59,1540.05,1545.00,1540.05,1540.45,1350,459675,1520.61,1536.15,1542.40
25.03.21 11:52:59,1543.00,1544.85,1542.00,1543.30,675,461250,1520.68,1537.05,1544.10
25.03.21 11:53:59,1540.00,1546.75,1539.65,1546.75,1800,461250,1520.88,1543.05,1549.10
25.03.21 11:54:59,1550.00,1558.25,1548.35,1556.15,1125,461475,1521.05,1550.60,1557.65
25.03.21 11:55:59,1555.25,1562.00,1555.25,1557.15,750,461475,1521.19,1557.80,1565.90
25.03.21 11:57:59,1558.70,1559.40,1558.70,1559.40,300,465150,1521.25,1556.95,1562.25
25.03.21 11:58:59,1570.00,1570.00,1560.15,1560.85,1425,465150,1521.55,1562.05,1571.65
25.03.21 12:00:59,1567.10,1582.00,1567.10,1582.00,1275,472125,1521.85,1580.85,1592.85
25.03.21 12:01:59,1592.00,1592.00,1589.40,1590.00,525,472125,1522.02,1588.00,1596.50
25.03.21 12:03:59,1590.00,1600.00,1590.00,1600.00,375,474075,1522.15,1595.60,1600.00
25.03.21 12:04:59,1600.00,1602.00,1600.00,1602.00,300,474075,1522.26,1600.65,1602.00
25.03.21 12:05:59,1602.00,1607.00,1600.00,1600.00,600,474075,1522.49,1595.75,1603.25
25.03.21 12:06:59,1598.00,1600.00,1598.00,1600.00,675,475050,1522.73,1603.15,1607.60
25.03.21 12:07:59,1602.00,1602.00,1602.00,1602.00,150,475050,1522.79,1603.00,1606.80
25.03.21 12:08:59,1603.00,1609.85,1602.00,1609.85,1350,475050,1523.30,1609.60,1614.95
25.03.21 12:09:59,1615.00,1615.85,1609.70,1613.95,3300,475575,1524.65,1613.35,1620.00
25.03.21 12:10:59,1620.00,1630.00,1620.00,1630.00,750,475575,1524.99,1620.00,1631.70
25.03.21 12:11:59,1628.00,1628.00,1628.00,1628.00,150,475575,1525.06,1607.40,1618.05
25.03.21 12:14:59,1610.00,1610.00,1605.35,1605.35,225,476100,1525.14,1605.90,1609.00
25.03.21 12:15:59,1604.20,1604.20,1599.50,1599.50,225,476400,1525.22,1599.90,1608.20
25.03.21 12:16:59,1602.00,1610.00,1602.00,1605.00,2025,476400,1525.96,1605.05,1616.20
25.03.21 12:17:59,1610.00,1610.00,1603.10,1607.75,2400,476400,1526.84,1603.80,1611.55
25.03.21 12:18:59,1611.30,1611.30,1605.00,1609.00,2025,476925,1527.56,1603.30,1609.00
25.03.21 12:19:59,1610.00,1611.55,1603.75,1603.75,1275,476925,1528.02,1600.20,1607.95
25.03.21 12:20:59,1608.00,1611.85,1603.40,1603.40,4275,476925,1529.50,1603.30,1609.60
25.03.21 12:21:59,1608.90,1611.00,1605.25,1610.90,2925,477000,1530.49,1608.05,1614.95
25.03.21 12:22:59,1611.85,1615.00,1610.00,1612.35,2325,477000,1531.30,1611.95,1619.90
25.03.21 12:23:59,1617.55,1617.55,1617.55,1617.55,450,477000,1531.46,1606.80,1618.80
25.03.21 12:24:59,1610.00,1614.25,1610.00,1614.25,750,478800,1531.71,1604.30,1611.85
25.03.21 12:25:59,1610.00,1610.00,1608.05,1610.00,750,478800,1531.96,1604.65,1611.00
25.03.21 12:26:59,1605.25,1605.25,1603.00,1603.00,525,478800,1532.12,1600.15,1605.00
25.03.21 12:27:59,1603.00,1603.00,1600.00,1600.00,525,478950,1532.27,1600.70,1605.00
25.03.21 12:28:59,1600.00,1600.00,1597.60,1597.60,900,478950,1532.52,1598.30,1600.00
25.03.21 12:29:59,1600.00,1605.00,1599.75,1605.00,1275,478950,1532.89,1602.40,1610.00
25.03.21 12:30:59,1610.00,1614.25,1610.00,1614.25,975,479175,1533.20,1610.10,1618.65
25.03.21 12:32:59,1609.00,1610.00,1609.00,1610.00,600,479175,1533.39,1600.60,1609.15
25.03.21 12:33:59,1600.00,1600.00,1592.40,1592.40,825,482400,1533.60,1593.70,1601.60
25.03.21 12:34:59,1600.00,1600.00,1600.00,1600.00,1050,482400,1533.88,1598.20,1606.05
25.03.21 12:35:59,1600.00,1600.00,1600.00,1600.00,1050,482400,1534.16,1595.55,1599.95
25.03.21 12:36:59,1598.00,1600.00,1598.00,1600.00,450,486600,1534.28,1599.20,1604.35
25.03.21 12:37:59,1600.00,1605.00,1597.30,1597.30,750,486600,1534.49,1596.10,1601.80
25.03.21 12:38:59,1596.50,1601.30,1592.85,1595.50,2700,486600,1535.16,1592.75,1601.50
25.03.21 12:39:59,1594.45,1598.55,1593.05,1598.55,675,490725,1535.32,1595.00,1598.55
25.03.21 12:40:59,1598.55,1605.00,1598.55,1603.00,1425,490725,1535.70,1598.10,1604.00
25.03.21 12:41:59,1601.95,1601.95,1600.45,1600.45,1275,490725,1536.03,1598.85,1607.65
25.03.21 12:42:59,1607.65,1609.00,1607.65,1609.00,1050,492525,1536.33,1600.05,1609.10
25.03.21 12:43:59,1607.65,1607.65,1607.65,1607.65,75,492525,1536.35,1600.80,1610.90
25.03.21 12:44:59,1608.15,1608.15,1606.80,1606.80,2250,492525,1536.96,1597.05,1607.10
25.03.21 12:45:59,1609.85,1610.00,1609.85,1610.00,450,495450,1537.09,1598.25,1608.65
25.03.21 12:46:59,1603.25,1607.00,1602.30,1603.00,2400,495450,1537.71,1602.55,1608.00
25.03.21 12:47:59,1608.00,1622.50,1606.00,1614.20,1575,495450,1538.16,1608.70,1615.00
25.03.21 12:48:59,1615.00,1615.20,1602.10,1607.45,1875,496875,1538.69,1601.60,1607.80
25.03.21 12:49:59,1606.95,1610.00,1603.40,1607.20,4050,496875,1539.71,1603.45,1614.35
25.03.21 12:50:59,1611.70,1611.70,1605.00,1605.00,1800,496875,1540.17,1604.15,1610.85
25.03.21 12:51:59,1601.60,1601.60,1601.60,1601.60,300,499425,1540.24,1606.25,1610.00
25.03.21 12:52:59,1610.00,1613.20,1609.40,1609.40,1650,499425,1540.67,1608.70,1616.35
25.03.21 12:53:59,1607.90,1607.90,1607.90,1607.90,150,499425,1540.71,1607.45,1614.85
25.03.21 12:54:59,1609.00,1609.00,1609.00,1609.00,150,501300,1540.75,1605.00,1609.00
25.03.21 12:55:59,1609.00,1609.00,1609.00,1609.00,75,501300,1540.77,1595.25,1604.65
25.03.21 12:56:59,1602.00,1609.00,1602.00,1609.00,600,501300,1540.91,1600.40,1608.90
25.03.21 12:57:59,1609.00,1610.00,1609.00,1610.00,1350,503250,1541.25,1612.80,1623.05
25.03.21 12:58:59,1615.40,1615.40,1605.20,1605.20,300,503250,1541.33,1608.60,1615.85
25.03.21 13:00:59,1616.60,1630.00,1616.60,1630.00,375,505050,1541.44,1625.50,1636.85
25.03.21 13:01:59,1630.00,1631.50,1625.00,1629.00,1275,505050,1541.85,1624.75,1628.95
25.03.21 13:02:59,1626.85,1626.85,1620.75,1625.00,3600,505050,1542.91,1621.90,1628.60
25.03.21 13:03:59,1628.50,1637.00,1628.50,1637.00,4050,510000,1544.19,1632.40,1637.00
25.03.21 13:04:59,1637.00,1641.30,1637.00,1637.35,825,510000,1544.47,1641.00,1650.70
25.03.21 13:05:59,1641.40,1650.00,1638.30,1650.00,2475,510000,1545.32,1645.05,1651.40
25.03.21 13:06:59,1645.35,1650.15,1640.05,1640.05,1350,511875,1545.80,1641.80,1649.00
25.03.21 13:07:59,1638.35,1650.00,1638.35,1650.00,3000,511875,1546.84,1639.50,1645.00
25.03.21 13:08:59,1645.00,1655.45,1640.60,1655.45,1350,511875,1547.29,1643.95,1652.00
25.03.21 13:09:59,1653.55,1653.55,1650.00,1650.00,450,513900,1547.45,1650.00,1654.50
25.03.21 13:10:59,1656.00,1656.00,1656.00,1656.00,750,513900,1547.73,1647.70,1655.00
25.03.21 13:11:59,1650.00,1655.00,1650.00,1652.20,525,513900,1547.92,1645.30,1655.35
25.03.21 13:12:59,1653.20,1653.20,1650.00,1650.00,825,514200,1548.21,1641.65,1648.05
25.03.21 13:13:59,1637.25,1637.25,1637.25,1637.25,75,514200,1548.23,1622.35,1631.55
25.03.21 13:14:59,1635.60,1635.60,1635.05,1635.05,225,514200,1548.30,1624.90,1630.00
25.03.21 13:15:59,1630.00,1630.00,1630.00,1630.00,750,516000,1548.51,1628.00,1633.00
25.03.21 13:16:59,1630.00,1630.00,1630.00,1630.00,75,516000,1548.53,1624.80,1632.25
25.03.21 13:17:59,1620.00,1620.00,1620.00,1620.00,75,516000,1548.54,1603.35,1610.00
25.03.21 13:18:59,1610.00,1615.00,1610.00,1615.00,1200,517875,1548.80,1612.60,1620.00
25.03.21 13:19:59,1620.00,1620.00,1618.00,1618.00,600,517875,1548.94,1614.05,1618.00
25.03.21 13:20:59,1614.05,1618.00,1614.05,1618.00,300,517875,1549.01,1614.55,1620.00
25.03.21 13:21:59,1618.00,1618.00,1615.00,1615.00,675,519975,1549.17,1609.30,1617.25
25.03.21 13:22:59,1613.00,1615.00,1612.00,1612.00,225,519975,1549.21,1606.85,1616.90
25.03.21 13:24:59,1617.85,1617.85,1617.85,1617.85,75,520350,1549.23,1620.30,1625.00
25.03.21 13:25:59,1625.00,1625.00,1625.00,1625.00,750,0,1549.42,1622.60,1628.75
25.03.21 13:26:59,1634.00,1634.00,1634.00,1634.00,75,520350,1549.44,1624.10,1630.65
25.03.21 13:27:59,1630.00,1630.00,1626.00,1626.00,150,520350,1549.48,1622.85,1628.80
25.03.21 13:28:59,1630.00,1630.00,1616.00,1616.00,150,520350,1549.52,1609.95,1615.90
25.03.21 13:29:59,1602.05,1602.05,1600.10,1600.10,150,520350,1549.54,1573.85,1583.00
25.03.21 13:30:59,1580.00,1590.00,1580.00,1589.35,1500,520950,1549.72,1583.60,1590.15
25.03.21 13:31:59,1595.15,1595.15,1581.20,1581.20,1050,520950,1549.87,1584.25,1589.35
25.03.21 13:33:59,1596.25,1596.25,1596.25,1596.25,150,520950,1549.90,1588.25,1597.20
25.03.21 13:35:59,1592.00,1592.00,1592.00,1592.00,150,521175,1549.92,1583.55,1591.45
25.03.21 13:37:59,1590.75,1590.75,1590.75,1590.75,75,522975,1549.93,1572.75,1581.35
25.03.21 13:38:59,1559.40,1559.40,1559.40,1559.40,150,522975,1549.93,1553.25,1562.95
25.03.21 13:40:59,1540.00,1540.00,1540.00,1540.00,150,524025,1549.93,1532.95,1544.85
25.03.21 13:41:59,1530.00,1530.00,1530.00,1530.00,825,524025,1549.88,1528.45,1539.95
25.03.21 13:42:59,1540.15,1540.15,1540.15,1540.15,150,524100,1549.87,1529.00,1537.05
25.03.21 13:43:59,1530.95,1530.95,1529.00,1529.00,300,524100,1549.85,1507.85,1517.70
25.03.21 13:44:59,1510.00,1510.00,1510.00,1510.00,750,524100,1549.75,1516.35,1526.30
25.03.21 13:45:59,1519.00,1519.00,1519.00,1519.00,75,0,1549.75,1495.10,1502.30
25.03.21 13:46:59,1495.10,1495.10,1490.00,1490.00,225,524325,1549.70,1487.70,1500.05
25.03.21 13:47:59,1490.00,1490.00,1490.00,1490.00,450,524325,1549.62,1501.40,1513.30
25.03.21 13:49:59,1503.00,1503.00,1503.00,1503.00,150,524775,1549.59,1501.70,1511.45
25.03.21 13:50:59,1500.85,1500.85,1500.85,1500.85,75,524775,1549.58,1510.10,1519.95
25.03.21 13:51:59,1525.00,1525.00,1525.00,1525.00,75,526350,1549.58,1522.00,1531.45
25.03.21 13:52:59,1532.00,1532.00,1532.00,1532.00,300,526350,1549.56,1534.00,1543.70
25.03.21 13:55:59,1505.00,1505.00,1505.00,1505.00,525,526500,1549.48,1508.40,1518.95
25.03.21 13:58:59,1520.00,1525.00,1512.45,1525.00,3825,526500,1549.11,1514.40,1525.00
25.03.21 14:00:59,1510.00,1512.00,1510.00,1512.00,525,526575,1549.04,1506.70,1515.15
25.03.21 14:02:59,1504.50,1513.00,1504.50,1513.00,3975,526575,1548.55,1501.30,1510.55
25.03.21 14:04:59,1490.00,1490.00,1490.00,1490.00,375,526575,1548.48,1486.70,1495.35
25.03.21 14:07:59,1500.00,1500.00,1491.00,1494.00,600,527325,1548.37,1491.00,1499.50
25.03.21 14:09:59,1494.90,1494.90,1494.90,1494.90,75,527475,1548.36,1491.00,1495.20
25.03.21 14:10:59,1491.00,1491.00,1491.00,1491.00,75,527475,1548.35,1490.00,1497.25
25.03.21 14:13:59,1499.15,1499.15,1499.15,1499.15,75,0,1548.34,1499.30,1509.10
25.03.21 14:15:59,1509.65,1511.00,1508.70,1508.70,3150,528300,1547.96,1508.10,1517.00
25.03.21 14:16:59,1522.00,1522.00,1522.00,1522.00,75,528300,1547.95,1516.55,1522.25
25.03.21 14:17:59,1522.20,1522.20,1522.20,1522.20,75,528300,1547.95,1516.05,1526.25
25.03.21 14:19:59,1515.00,1530.00,1515.00,1530.00,450,528825,1547.91,1531.00,1539.40
25.03.21 14:20:59,1532.00,1532.00,1532.00,1532.00,2325,528825,1547.80,1543.35,1552.75
25.03.21 14:22:59,1554.00,1554.00,1554.00,1554.00,1875,528825,1547.84,1554.00,1560.00
25.03.21 14:23:59,1552.85,1552.85,1552.85,1552.85,2025,528825,1547.87,1541.10,1545.00
25.03.21 14:24:59,1545.00,1545.00,1545.00,1545.00,75,0,1547.87,1537.35,1548.60
25.03.21 14:26:59,1540.00,1545.00,1540.00,1545.00,225,528825,1547.86,1539.20,1549.75
25.03.21 14:27:59,1539.15,1539.15,1539.15,1539.15,1350,528825,1547.83,1544.15,1550.00
25.03.21 14:28:59,1543.70,1545.00,1541.00,1541.00,1725,529200,1547.80,1538.30,1548.50
25.03.21 14:30:59,1543.25,1543.25,1543.25,1543.25,300,529200,1547.80,1544.20,1550.00
25.03.21 14:31:59,1545.70,1545.70,1530.00,1530.00,375,529200,1547.79,1527.20,1536.60
25.03.21 14:32:59,1526.90,1527.20,1526.90,1527.20,150,529200,1547.78,1523.70,1532.75
25.03.21 14:33:59,1520.00,1520.00,1515.00,1515.00,525,529725,1547.73,1513.25,1521.25
25.03.21 14:34:59,1508.00,1515.00,1508.00,1515.00,2850,529725,1547.41,1511.90,1520.00
25.03.21 14:35:59,1522.90,1525.00,1518.15,1525.00,3600,529725,1547.11,1519.30,1529.90
25.03.21 14:36:59,1517.40,1517.40,1517.40,1517.40,75,529725,1547.11,1518.25,1527.20
25.03.21 14:38:59,1520.00,1520.00,1520.00,1520.00,75,534000,1547.10,1517.00,1525.05
25.03.21 14:39:59,1525.00,1525.00,1517.00,1517.00,450,534000,1547.07,1515.50,1526.45
25.03.21 14:40:59,1525.00,1525.00,1522.00,1522.00,225,537825,1547.05,1519.40,1525.35
25.03.21 14:41:59,1520.00,1520.85,1513.00,1520.85,450,537825,1547.01,1512.45,1521.20
25.03.21 14:42:59,1520.00,1520.00,1517.00,1517.00,300,538200,1546.99,1516.00,1522.55
25.03.21 14:43:59,1516.00,1516.00,1512.00,1513.00,450,538200,1546.94,1506.00,1510.00
25.03.21 14:44:59,1510.00,1510.00,1495.00,1495.00,975,538200,1546.80,1483.30,1492.00
25.03.21 14:45:59,1480.00,1481.65,1480.00,1480.95,750,538800,1546.66,1475.05,1483.60
25.03.21 14:46:59,1474.70,1479.55,1474.70,1475.00,2850,538800,1546.08,1473.85,1482.10
25.03.21 14:48:59,1455.05,1460.00,1455.00,1455.00,375,538800,1545.98,1442.20,1450.65
25.03.21 14:49:59,1440.00,1440.00,1431.00,1431.00,150,538725,1545.93,1445.45,1455.40
25.03.21 14:52:59,1441.60,1441.60,1441.60,1441.60,150,538725,1545.89,1441.90,1448.65
25.03.21 14:53:59,1441.90,1450.00,1441.90,1450.00,225,538725,1545.82,1451.85,1457.50
25.03.21 14:58:59,1480.00,1480.00,1480.00,1480.00,450,541650,1545.74,1483.00,1491.30
25.03.21 15:00:59,1520.00,1520.00,1520.00,1520.00,300,541650,1545.72,1531.55,1540.80
25.03.21 15:01:59,1550.50,1550.50,1520.50,1520.50,150,544350,1545.71,1523.60,1535.20
25.03.21 15:02:59,1545.65,1545.65,1545.65,1545.65,225,544350,1545.71,1535.25,1544.90
25.03.21 15:04:59,1550.10,1552.40,1550.10,1552.40,150,548175,1545.71,1553.65,1562.70
25.03.21 15:06:59,1546.40,1555.00,1545.20,1555.00,3225,548100,1545.71,1555.00,1556.75
25.03.21 15:07:59,1555.00,1555.00,1550.00,1550.15,4500,548100,1545.80,1553.65,1559.85
25.03.21 15:08:59,1550.00,1560.00,1550.00,1560.00,3375,548100,1545.86,1562.20,1569.80
25.03.21 15:09:59,1562.00,1565.20,1562.00,1565.20,150,548100,1545.87,1570.65,1576.90
25.03.21 15:10:59,1570.00,1570.00,1570.00,1570.00,2250,551250,1546.02,1585.00,1593.85
25.03.21 15:12:59,1600.50,1600.50,1600.50,1600.50,150,551250,1546.04,1610.00,1616.60
25.03.21 15:13:59,1610.00,1610.00,1579.15,1579.15,4650,552000,1546.85,1584.85,1592.85
25.03.21 15:15:59,1585.00,1585.00,1585.00,1585.00,1200,554625,1546.98,1585.20,1591.25
25.03.21 15:16:59,1586.75,1586.75,1586.75,1586.75,525,554625,1547.03,1591.95,1596.45
25.03.21 15:17:59,1594.60,1596.55,1594.60,1596.55,825,554625,1547.14,1586.30,1594.95
25.03.21 15:18:59,1585.00,1585.00,1585.00,1585.00,75,554625,1547.15,1584.05,1591.15
25.03.21 15:19:59,1588.00,1588.00,1588.00,1588.00,75,558450,1547.16,1585.60,1593.85
25.03.21 15:20:59,1586.00,1586.00,1586.00,1586.00,75,558450,1547.17,1586.30,1590.00
25.03.21 15:21:59,1580.00,1580.00,1580.00,1580.00,2250,558450,1547.37,1582.55,1589.30
25.03.21 15:22:59,1580.00,1588.10,1580.00,1588.10,2400,558900,1547.59,1580.75,1587.40
25.03.21 15:23:59,1580.00,1580.00,1578.00,1580.00,2475,558900,1547.79,1577.20,1580.00
25.03.21 15:24:59,1578.00,1580.00,1578.00,1580.00,1200,558900,1547.90,1574.45,1579.95
25.03.21 15:25:59,1575.00,1575.00,1572.15,1572.15,300,560025,1547.92,1569.10,1577.40
25.03.21 15:26:59,1570.00,1570.00,1570.00,1570.00,150,560025,1547.93,1565.60,1572.35
25.03.21 15:27:59,1563.60,1565.30,1563.05,1565.30,225,560025,1547.93,1563.25,1570.90
25.03.21 15:28:59,1560.00,1560.00,1560.00,1560.00,1050,561750,1547.97,1560.20,1567.50
25.03.21 15:30:00,1562.00,1564.75,1557.70,1564.75,1875,561750,1548.03,1554.70,1572.10
26.03.21 09:15:59,1493.00,1493.00,1465.00,1465.00,225,586575,1474.33,1441.20,1451.45
26.03.21 09:16:59,1445.10,1450.00,1445.10,1450.00,450,586575,1457.56,1464.30,1475.60
26.03.21 09:17:59,1465.45,1477.90,1465.45,1477.90,300,586500,1461.84,1467.00,1478.10
26.03.21 09:20:59,1465.00,1465.00,1463.00,1463.00,150,586575,1462.13,1479.95,1488.90
26.03.21 09:22:59,1480.00,1480.00,1480.00,1480.00,150,586575,1464.23,1485.00,1490.80
26.03.21 09:23:59,1485.00,1488.45,1485.00,1488.45,150,586500,1466.60,1488.75,1491.15
26.03.21 09:24:59,1491.95,1491.95,1485.00,1485.00,975,586500,1476.29,1485.55,1489.95
26.03.21 09:26:59,1488.00,1488.00,1488.00,1488.00,75,586275,1476.65,1485.50,1490.15
26.03.21 09:27:59,1485.00,1485.00,1473.00,1473.00,300,586275,1476.82,1473.45,1478.95
26.03.21 09:30:59,1470.00,1470.00,1458.45,1458.45,150,586200,1476.18,1457.35,1461.40
26.03.21 09:31:59,1463.20,1463.20,1463.20,1463.20,150,0,1475.54,1460.15,1463.40
26.03.21 09:32:59,1460.00,1468.00,1460.00,1468.00,600,586200,1473.78,1461.95,1465.75
26.03.21 09:33:59,1463.00,1472.00,1463.00,1472.00,825,586200,1472.99,1470.75,1474.25
26.03.21 09:35:59,1446.00,1446.00,1429.00,1429.00,150,586200,1471.84,1443.30,1448.95
26.03.21 09:36:59,1448.00,1448.00,1448.00,1448.00,150,587325,1471.10,1445.30,1449.45
26.03.21 09:37:59,1452.40,1452.40,1452.40,1452.40,75,587325,1470.81,1450.55,1456.10
26.03.21 09:38:59,1455.00,1455.00,1455.00,1455.00,75,587325,1470.57,1454.60,1459.40
26.03.21 09:39:59,1455.00,1455.00,1455.00,1455.00,75,587325,1470.34,1452.05,1457.75
26.03.21 09:40:59,1457.85,1457.85,1452.00,1454.20,1875,587325,1466.22,1451.15,1456.15
26.03.21 09:43:59,1475.00,1475.00,1475.00,1475.00,75,585750,1466.31,1476.85,1482.55
26.03.21 09:44:59,1484.00,1484.00,1484.00,1484.00,75,585675,1466.50,1484.95,1487.00
26.03.21 09:45:59,1487.00,1499.00,1487.00,1499.00,1950,585675,1473.41,1492.30,1499.15
26.03.21 09:46:59,1490.00,1490.00,1490.00,1490.00,150,585675,1473.68,1488.65,1495.35
26.03.21 09:47:59,1488.00,1488.00,1477.00,1479.70,525,584250,1474.04,1471.50,1478.60
26.03.21 09:48:59,1475.00,1475.00,1475.00,1475.00,750,584250,1474.11,1461.15,1469.55
26.03.21 09:49:59,1465.00,1465.00,1465.00,1465.00,450,584250,1473.73,1467.60,1474.25
26.03.21 09:53:59,1472.65,1472.65,1472.65,1472.65,75,585600,1473.73,1481.70,1490.40
26.03.21 09:54:59,1492.00,1492.00,1492.00,1492.00,75,585675,1473.85,1490.65,1497.40
26.03.21 09:55:59,1481.20,1481.20,1481.20,1481.20,75,585675,1473.90,1478.00,1483.60
26.03.21 09:57:59,1490.00,1490.25,1490.00,1490.25,150,585675,1474.12,1481.65,1487.35
26.03.21 09:58:59,1483.00,1483.00,1483.00,1483.00,75,585675,1474.17,1486.45,1492.50
26.03.21 10:01:59,1471.00,1471.00,1461.00,1461.00,225,585825,1473.98,1464.90,1471.10
26.03.21 10:04:59,1460.20,1460.20,1457.00,1460.00,825,585675,1472.90,1456.90,1464.95
26.03.21 10:06:59,1460.00,1460.00,1460.00,1460.00,75,586125,1472.83,1460.80,1468.85
26.03.21 10:07:59,1457.00,1457.00,1457.00,1457.00,1050,586125,1471.60,1455.60,1464.05
26.03.21 10:08:59,1460.00,1460.00,1460.00,1460.00,300,587250,1471.34,1461.35,1467.65
26.03.21 10:09:59,1455.00,1455.00,1455.00,1455.00,300,587250,1471.00,1455.25,1460.70
26.03.21 10:10:59,1457.00,1457.00,1450.85,1450.85,225,587250,1470.71,1447.05,1456.35
26.03.21 10:11:59,1447.00,1447.00,1447.00,1447.00,75,587625,1470.59,1445.15,1450.00
26.03.21 10:12:59,1446.00,1446.00,1440.00,1440.00,375,587625,1469.87,1441.45,1445.00
26.03.21 10:15:59,1440.00,1440.00,1431.00,1431.00,150,587475,1469.53,1421.00,1427.45
26.03.21 10:16:59,1421.00,1421.00,1421.00,1421.00,150,587475,1469.05,1423.25,1427.00
26.03.21 10:17:59,1427.00,1427.00,1427.00,1427.00,75,587475,1468.84,1427.40,1434.30
26.03.21 10:18:59,1425.00,1425.00,1425.00,1425.00,75,587475,1468.63,1419.00,1427.95
26.03.21 10:19:59,1415.00,1415.00,1415.00,1415.00,75,587475,1468.36,1421.65,1429.40
26.03.21 10:22:59,1401.00,1401.00,1400.00,1400.00,150,587550,1467.70,1397.25,1405.50
26.03.21 10:23:59,1403.80,1403.80,1403.80,1403.80,150,587550,1467.12,1401.55,1406.85
26.03.21 10:29:59,1418.00,1418.00,1418.00,1418.00,1500,587550,1462.81,1412.40,1420.65
26.03.21 10:31:59,1425.00,1430.00,1425.00,1430.00,375,586050,1462.02,1431.25,1435.00
26.03.21 10:35:59,1421.05,1425.00,1421.05,1425.00,1575,586350,1458.65,1423.10,1429.75
26.03.21 10:36:59,1425.70,1435.00,1425.70,1435.00,2250,586350,1455.33,1433.45,1440.80
26.03.21 10:37:59,1435.00,1435.00,1435.00,1435.00,150,586350,1455.19,1434.75,1439.85
26.03.21 10:38:59,1431.00,1431.00,1431.00,1431.00,150,586350,1455.03,1426.45,1436.45
26.03.21 10:39:59,1430.00,1430.00,1430.00,1430.00,75,589650,1454.94,1423.80,1429.80
26.03.21 10:40:59,1423.25,1423.25,1411.00,1411.00,150,589650,1454.68,1406.00,1413.15
26.03.21 10:46:59,1419.00,1425.00,1419.00,1425.00,450,589650,1454.04,1424.00,1433.85
26.03.21 10:47:59,1430.00,1430.00,1430.00,1430.00,150,589950,1453.88,1429.25,1436.90
26.03.21 10:49:59,1445.00,1445.00,1445.00,1445.00,75,589950,1453.85,1439.10,1444.85
26.03.21 10:50:59,1445.00,1450.00,1445.00,1450.00,1800,589950,1453.35,1445.00,1450.90
26.03.21 10:51:59,1445.70,1445.70,1445.70,1445.70,300,591450,1453.27,1446.30,1453.35
26.03.21 10:52:59,1445.70,1445.70,1445.70,1445.70,300,591450,1453.18,1442.70,1448.00
26.03.21 10:55:59,1445.00,1445.00,1445.00,1445.00,150,591750,1453.13,1445.90,1451.20
26.03.21 10:56:59,1455.00,1457.00,1455.00,1457.00,150,591750,1453.14,1454.05,1460.15
26.03.21 10:57:59,1460.00,1465.00,1460.00,1465.00,375,591750,1453.30,1464.15,1472.95
26.03.21 11:06:59,1429.95,1429.95,1429.90,1429.90,150,592050,1453.17,1432.65,1434.80
26.03.21 11:07:59,1434.00,1434.00,1434.00,1434.00,75,592050,1453.11,1429.55,1437.40
26.03.21 11:08:59,1435.45,1435.45,1435.45,1435.45,75,592125,1453.06,1433.45,1435.70
26.03.21 11:09:59,1432.75,1432.75,1432.75,1432.75,75,592125,1453.00,1431.20,1436.00
26.03.21 11:10:59,1436.00,1436.00,1436.00,1436.00,75,592125,1452.95,1436.50,1439.00
26.03.21 11:13:59,1435.00,1440.00,1435.00,1440.00,750,592125,1452.57,1441.30,1449.60
26.03.21 11:14:59,1435.00,1435.00,1435.00,1435.00,225,592800,1452.40,1434.55,1444.20
26.03.21 11:16:59,1440.00,1440.00,1440.00,1440.00,75,592800,1452.36,1441.45,1451.70
26.03.21 11:17:59,1435.00,1435.00,1435.00,1435.00,150,592800,1452.27,1428.85,1437.00
26.03.21 11:19:59,1439.00,1439.00,1439.00,1439.00,225,593100,1452.16,1433.00,1437.65
26.03.21 11:20:59,1435.00,1435.00,1435.00,1435.00,75,593325,1452.11,1433.85,1439.95
26.03.21 11:21:59,1440.00,1440.00,1440.00,1440.00,300,593325,1451.98,1446.00,1451.05
26.03.21 11:23:59,1446.00,1446.00,1446.00,1446.00,150,593700,1451.95,1437.05,1440.00
26.03.21 11:24:59,1437.05,1440.00,1437.05,1440.00,375,593700,1451.76,1437.95,1444.65
26.03.21 11:27:59,1431.20,1431.20,1431.20,1431.20,75,594075,1451.71,1428.65,1434.95
26.03.21 11:28:59,1425.00,1425.00,1425.00,1425.00,75,594075,1451.64,1419.65,1426.35
26.03.21 11:30:59,1415.00,1415.00,1400.00,1400.00,150,594225,1451.41,1389.35,1396.75
26.03.21 11:33:59,1400.00,1405.00,1400.00,1405.00,375,594225,1450.80,1407.00,1413.65
26.03.21 11:35:59,1395.00,1395.00,1390.00,1390.00,150,594675,1450.50,1388.65,1394.85
26.03.21 11:36:59,1390.00,1390.00,1390.00,1390.00,75,594675,1450.34,1385.00,1389.75
26.03.21 11:37:59,1385.00,1385.00,1375.05,1375.05,300,594675,1449.61,1379.75,1385.90
26.03.21 11:39:59,1370.00,1370.00,1370.00,1370.00,75,594675,1449.41,1371.40,1378.30
26.03.21 11:40:59,1379.50,1379.50,1372.60,1372.60,150,594675,1449.04,1367.40,1370.00
26.03.21 11:41:59,1366.70,1373.00,1366.70,1373.00,225,594675,1448.45,1370.50,1376.55
26.03.21 11:46:59,1375.00,1375.00,1375.00,1375.00,300,594825,1447.73,1375.45,1379.00
26.03.21 11:47:59,1379.00,1389.00,1379.00,1380.85,450,594825,1446.78,1378.40,1384.75
26.03.21 11:49:59,1382.00,1382.00,1375.00,1375.00,1275,595500,1444.11,1370.15,1375.70
26.03.21 11:50:59,1370.00,1373.90,1368.55,1373.90,2325,594825,1439.14,1368.15,1373.90
26.03.21 11:51:59,1367.20,1367.20,1367.20,1367.20,675,594825,1437.75,1370.95,1374.70
26.03.21 11:52:59,1372.00,1372.00,1367.05,1367.05,675,594825,1436.50,1367.05,1372.00
26.03.21 11:53:59,1370.00,1375.00,1370.00,1375.00,300,594825,1435.97,1373.90,1378.45
26.03.21 11:54:59,1375.05,1375.05,1375.00,1375.00,825,596325,1434.60,1355.00,1359.45
26.03.21 11:55:59,1365.00,1365.00,1365.00,1365.00,750,596325,1433.21,1360.65,1367.20
26.03.21 11:56:59,1360.00,1360.00,1360.00,1360.00,150,595125,1432.92,1359.05,1360.00
26.03.21 11:57:59,1360.00,1360.00,1357.85,1357.85,225,595125,1432.48,1357.00,1360.00
26.03.21 11:58:59,1359.00,1359.00,1359.00,1359.00,75,595125,1432.34,1364.60,1369.95
26.03.21 11:59:59,1367.30,1370.00,1366.90,1370.00,450,595575,1431.60,1370.65,1374.40
26.03.21 12:00:59,1375.85,1378.45,1373.20,1375.00,2550,595575,1428.01,1371.05,1377.95
26.03.21 12:02:59,1369.25,1369.25,1369.25,1369.25,150,597225,1427.80,1372.00,1375.00
26.03.21 12:03:59,1374.70,1374.70,1370.90,1370.90,375,597225,1427.30,1371.20,1378.65
26.03.21 12:04:59,1372.30,1375.00,1372.30,1375.00,150,597225,1427.11,1372.65,1378.80
26.03.21 12:05:59,1372.65,1372.65,1361.10,1362.00,1875,597675,1424.38,1360.65,1367.85
26.03.21 12:06:59,1360.00,1370.00,1360.00,1360.80,1275,597675,1422.65,1363.80,1369.30
26.03.21 12:08:59,1371.05,1376.60,1371.05,1376.60,300,597675,1422.32,1373.50,1379.75
26.03.21 12:09:59,1375.00,1375.00,1370.00,1370.00,300,599700,1422.00,1366.90,1370.00
26.03.21 12:11:59,1370.00,1370.00,1370.00,1370.00,75,599700,1421.91,1371.55,1379.05
26.03.21 12:13:59,1375.00,1375.00,1375.00,1375.00,75,599925,1421.84,1374.25,1380.15
26.03.21 12:15:59,1367.95,1367.95,1367.95,1367.95,75,600000,1421.75,1366.05,1372.50
26.03.21 12:16:59,1370.00,1370.00,1370.00,1370.00,150,600000,1421.58,1368.75,1372.50
26.03.21 12:17:59,1370.00,1378.55,1370.00,1378.55,375,600000,1421.20,1375.60,1380.00
26.03.21 12:18:59,1380.00,1383.85,1376.00,1376.00,225,600600,1421.00,1372.90,1376.00
26.03.21 12:19:59,1379.70,1379.70,1375.00,1375.00,375,600600,1420.65,1374.70,1378.75
26.03.21 12:20:59,1377.75,1396.00,1377.75,1396.00,675,600600,1420.12,1391.10,1395.55
26.03.21 12:21:59,1392.95,1399.90,1392.95,1399.90,375,601725,1419.95,1395.70,1402.60
26.03.21 12:26:59,1402.85,1403.45,1402.85,1403.45,450,602100,1419.79,1400.40,1407.30
26.03.21 12:30:59,1395.00,1395.00,1395.00,1395.00,75,602250,1419.75,1381.90,1389.85
26.03.21 12:35:59,1377.05,1377.05,1377.05,1377.05,75,602250,1419.69,1370.50,1377.50
26.03.21 12:37:59,1375.00,1375.00,1375.00,1375.00,150,602250,1419.55,1373.10,1380.40
26.03.21 12:39:59,1370.00,1375.00,1370.00,1375.00,375,602325,1419.20,1373.00,1377.45
26.03.21 12:40:59,1373.00,1373.00,1373.00,1373.00,1500,602325,1417.83,1358.75,1367.40
26.03.21 12:42:59,1365.70,1365.70,1365.70,1365.70,75,601200,1417.75,1358.55,1366.75
26.03.21 12:45:59,1360.00,1360.00,1360.00,1360.00,75,601200,1417.66,1357.30,1365.50
26.03.21 12:47:59,1381.00,1381.00,1381.00,1381.00,1050,601200,1416.92,1369.90,1377.60
26.03.21 12:50:59,1370.45,1370.45,1370.45,1370.45,1500,601275,1415.57,1363.85,1372.15
26.03.21 12:52:59,1360.00,1360.00,1360.00,1360.00,75,601125,1415.49,1362.20,1370.15
26.03.21 12:57:59,1366.55,1366.55,1366.55,1366.55,150,601200,1415.35,1354.15,1362.15
26.03.21 13:00:59,1350.00,1350.00,1347.15,1348.45,300,601350,1414.98,1347.70,1348.70
26.03.21 13:01:59,1348.70,1360.00,1348.70,1360.00,450,601350,1414.50,1363.05,1370.30
26.03.21 13:03:59,1379.80,1379.80,1379.80,1379.80,1050,601500,1413.80,1369.80,1378.55
26.03.21 13:06:59,1372.00,1372.00,1372.00,1372.00,75,602325,1413.75,1372.00,1374.35
26.03.21 13:07:59,1376.85,1376.85,1376.85,1376.85,300,602325,1413.54,1369.90,1377.00
26.03.21 13:08:59,1374.00,1374.00,1374.00,1374.00,75,602325,1413.49,1379.55,1385.00
26.03.21 13:09:59,1385.00,1385.00,1382.00,1385.00,300,602325,1413.33,1382.95,1385.00
26.03.21 13:10:59,1385.00,1390.00,1385.00,1390.00,450,602325,1413.14,1385.10,1393.10
26.03.21 13:13:59,1382.25,1385.00,1382.25,1384.05,225,602475,1413.02,1384.00,1388.00
26.03.21 13:14:59,1384.00,1384.00,1384.00,1384.00,1500,602475,1412.28,1377.40,1380.00
26.03.21 13:15:59,1380.00,1380.00,1380.00,1380.00,75,602475,1412.23,1376.55,1384.65
26.03.21 13:16:59,1381.65,1381.65,1381.65,1381.65,75,601125,1412.19,1388.45,1395.95
26.03.21 13:17:59,1399.90,1402.00,1399.75,1399.75,750,601125,1412.04,1393.05,1399.90
26.03.21 13:18:59,1400.00,1410.00,1400.00,1410.00,450,601650,1412.01,1405.85,1412.55
26.03.21 13:34:59,1375.00,1375.00,1375.00,1375.00,300,601725,1411.83,1373.70,1382.00
26.03.21 13:37:59,1382.50,1382.50,1382.50,1382.50,975,602025,1411.36,1366.50,1374.25
26.03.21 13:38:59,1375.00,1375.00,1375.00,1375.00,75,602025,1411.31,1372.75,1380.15
26.03.21 13:39:59,1374.70,1375.00,1374.70,1375.00,3150,603075,1409.52,1373.85,1382.10
26.03.21 13:41:59,1375.00,1380.00,1375.00,1380.00,150,603075,1409.44,1380.00,1382.10
26.03.21 13:42:59,1380.00,1380.00,1380.00,1380.00,1425,603075,1408.80,1377.25,1380.00
26.03.21 13:44:59,1375.00,1375.00,1375.00,1375.00,75,604350,1408.76,1376.05,1380.00
26.03.21 13:45:59,1376.00,1376.00,1376.00,1376.00,75,604350,1408.73,1368.00,1374.65
26.03.21 13:49:59,1370.00,1370.00,1370.00,1370.00,75,604425,1408.68,1367.15,1372.00
26.03.21 13:50:59,1370.00,1370.00,1367.00,1367.00,150,604425,1408.59,1362.00,1369.60
26.03.21 13:51:59,1365.00,1365.00,1365.00,1365.00,75,604425,1408.54,1361.00,1368.35
26.03.21 13:52:59,1370.50,1370.50,1370.50,1370.50,150,604425,1408.45,1370.00,1375.55
26.03.21 13:53:59,1365.00,1365.00,1365.00,1365.00,450,604425,1408.16,1365.40,1369.30
26.03.21 13:55:59,1368.60,1369.00,1368.60,1369.00,150,605025,1408.07,1370.10,1376.65
26.03.21 13:58:59,1370.00,1370.00,1370.00,1370.00,75,605175,1408.03,1373.35,1375.00
26.03.21 14:00:59,1342.25,1342.25,1342.25,1342.25,75,605175,1407.96,1337.30,1345.30
26.03.21 14:02:59,1344.00,1344.00,1344.00,1344.00,75,605250,1407.88,1351.30,1358.10
26.03.21 14:04:59,1357.00,1360.00,1357.00,1360.00,225,605400,1407.72,1350.95,1357.60
26.03.21 14:06:59,1362.00,1362.00,1360.00,1360.00,225,605700,1407.56,1350.05,1354.85
26.03.21 14:07:59,1350.00,1350.00,1350.00,1350.00,75,605700,1407.50,1348.10,1355.15
26.03.21 14:09:59,1360.00,1360.00,1360.00,1360.00,150,605700,1407.39,1359.80,1367.05
26.03.21 14:11:59,1370.00,1370.00,1370.00,1370.00,75,605700,1407.35,1366.75,1373.10
26.03.21 14:14:59,1368.00,1368.00,1368.00,1368.00,75,605925,1407.31,1366.00,1371.90
26.03.21 14:16:59,1380.00,1392.95,1380.00,1380.00,600,606000,1407.10,1378.60,1385.15
26.03.21 14:17:59,1380.00,1380.00,1380.00,1380.00,75,606000,1407.07,1380.45,1386.05
26.03.21 14:18:59,1372.95,1373.00,1370.00,1370.00,1575,606450,1406.27,1372.85,1375.00
26.03.21 14:19:59,1370.00,1370.00,1370.00,1370.00,1500,606450,1405.51,1373.35,1380.90
26.03.21 14:21:59,1375.00,1375.00,1375.00,1375.00,75,606450,1405.47,1371.65,1378.85
26.03.21 14:23:59,1380.00,1380.00,1380.00,1380.00,150,609300,1405.42,1379.10,1385.85
26.03.21 14:24:59,1380.00,1380.00,1380.00,1380.00,750,609300,1405.16,1380.05,1384.35
26.03.21 14:25:59,1380.00,1380.00,1368.00,1368.00,825,610200,1404.84,1359.80,1365.15
26.03.21 14:26:59,1365.00,1365.00,1365.00,1365.00,75,610200,1404.80,1365.05,1372.05
26.03.21 14:29:59,1370.00,1370.00,1370.00,1370.00,75,610725,1404.77,1370.25,1374.00
26.03.21 14:30:59,1372.00,1374.00,1372.00,1374.00,375,611100,1404.60,1375.50,1383.55
26.03.21 14:31:59,1377.00,1377.00,1377.00,1377.00,75,611100,1404.57,1371.15,1379.05
26.03.21 14:32:59,1380.90,1380.90,1374.00,1374.00,225,611100,1404.50,1373.85,1380.70
26.03.21 14:33:59,1365.80,1365.80,1365.80,1365.80,75,610950,1404.46,1365.05,1370.00
26.03.21 14:34:59,1370.00,1370.00,1370.00,1370.00,150,610950,1404.39,1365.50,1372.20
26.03.21 14:38:59,1371.00,1380.00,1371.00,1380.00,225,611025,1404.30,1378.85,1387.10
26.03.21 14:41:59,1385.00,1388.00,1385.00,1388.00,375,611100,1404.22,1392.00,1398.85
26.03.21 14:42:59,1398.90,1400.00,1398.90,1400.00,975,611100,1404.16,1384.95,1392.95
26.03.21 14:43:59,1382.90,1385.00,1382.90,1385.00,150,612000,1404.12,1390.45,1398.90
26.03.21 14:44:59,1395.00,1395.00,1395.00,1395.00,75,612000,1404.11,1396.35,1403.00
26.03.21 14:45:59,1403.00,1416.30,1403.00,1416.30,150,612000,1404.12,1405.15,1414.30
26.03.21 14:46:59,1418.00,1418.00,1418.00,1418.00,150,612150,1404.15,1415.35,1423.25
26.03.21 14:49:59,1380.00,1390.35,1380.00,1390.35,150,612150,1404.11,1378.20,1385.15
26.03.21 14:50:59,1382.95,1382.95,1382.95,1382.95,150,612150,1404.06,1377.20,1384.20
26.03.21 14:51:59,1388.00,1388.00,1388.00,1388.00,75,612300,1404.05,1382.15,1390.00
26.03.21 14:52:59,1385.00,1385.00,1385.00,1385.00,75,612300,1404.03,1375.85,1380.00
26.03.21 14:53:59,1380.00,1380.00,1380.00,1380.00,75,612300,1404.01,1382.00,1388.15
26.03.21 14:54:59,1384.00,1385.00,1384.00,1385.00,150,612450,1403.97,1385.75,1387.00
26.03.21 14:55:59,1385.00,1385.00,1385.00,1385.00,300,612450,1403.89,1385.05,1390.00
26.03.21 14:56:59,1388.00,1388.00,1388.00,1388.00,75,612450,1403.88,1382.00,1383.55
26.03.21 14:58:59,1390.00,1390.00,1390.00,1390.00,150,612825,1403.85,1386.70,1390.00
26.03.21 14:59:59,1390.00,1392.00,1390.00,1392.00,450,612825,1403.78,1392.10,1400.35
26.03.21 15:00:59,1397.30,1397.30,1397.30,1397.30,75,612825,1403.77,1389.85,1397.05
26.03.21 15:01:59,1402.75,1402.75,1400.65,1400.70,750,613425,1403.75,1393.55,1400.40
26.03.21 15:02:59,1394.30,1394.30,1394.30,1394.30,75,613425,1403.74,1392.00,1397.10
26.03.21 15:03:59,1392.00,1392.00,1392.00,1392.00,75,613650,1403.73,1384.60,1390.60
26.03.21 15:05:59,1390.75,1390.75,1390.75,1390.75,75,613650,1403.72,1389.50,1395.85
26.03.21 15:06:59,1390.00,1396.25,1390.00,1396.25,1125,614475,1403.55,1390.15,1398.55
26.03.21 15:07:59,1398.00,1403.00,1398.00,1403.00,375,614475,1403.53,1397.25,1402.00
26.03.21 15:08:59,1398.00,1402.00,1398.00,1402.00,375,614475,1403.52,1394.40,1398.00
26.03.21 15:09:59,1397.40,1397.40,1396.85,1396.85,300,614475,1403.50,1386.85,1393.40
26.03.21 15:10:59,1395.00,1401.00,1395.00,1401.00,2250,615600,1403.42,1395.40,1401.00
26.03.21 15:11:59,1398.00,1403.95,1398.00,1403.95,150,615600,1403.41,1407.20,1415.85
26.03.21 15:14:59,1410.00,1410.00,1410.00,1410.00,75,618000,1403.42,1408.65,1415.00
26.03.21 15:15:59,1415.00,1420.00,1415.00,1420.00,1125,618075,1403.63,1417.85,1425.20
26.03.21 15:16:59,1427.00,1427.00,1427.00,1427.00,75,618075,1403.65,1422.60,1430.30
26.03.21 15:18:59,1425.00,1425.00,1425.00,1425.00,150,619200,1403.69,1415.70,1422.80
26.03.21 15:19:59,1407.10,1407.10,1398.15,1398.15,150,619200,1403.69,1398.60,1405.55
26.03.21 15:20:59,1393.00,1393.00,1388.00,1388.00,225,619200,1403.65,1387.50,1394.95
26.03.21 15:21:59,1385.00,1385.00,1379.00,1379.00,1125,619350,1403.41,1379.25,1384.45
26.03.21 15:22:59,1379.60,1379.60,1377.90,1377.90,150,619350,1403.36,1377.25,1379.45
26.03.21 15:23:59,1375.20,1377.45,1371.90,1371.90,525,619350,1403.19,1373.85,1374.60
26.03.21 15:24:59,1374.60,1374.75,1373.95,1373.95,225,619350,1403.11,1376.70,1382.45
26.03.21 15:25:59,1382.00,1382.00,1382.00,1382.00,150,620400,1403.08,1370.75,1376.85
26.03.21 15:26:59,1372.00,1372.00,1372.00,1372.00,75,620400,1403.05,1369.45,1375.00
26.03.21 15:27:59,1372.00,1372.00,1372.00,1372.00,75,620550,1403.02,1369.85,1373.00
26.03.21 15:30:00,1372.00,1379.75,1372.00,1379.75,375,620550,1402.91,1379.50,1387.95
30.03.21 09:15:59,1277.20,1281.05,1277.20,1281.00,1500,620850,1280.62,1281.00,1283.50
30.03.21 09:16:59,1284.55,1291.85,1284.55,1285.75,1425,620850,1283.57,1285.75,1288.90
30.03.21 09:17:59,1285.75,1285.75,1284.55,1284.55,8475,624975,1284.76,1283.00,1288.90
30.03.21 09:18:59,1283.00,1283.00,1283.00,1283.00,600,624975,1284.67,1285.05,1292.35
30.03.21 09:19:59,1285.00,1285.00,1285.00,1285.00,600,624975,1284.69,1286.00,1289.30
30.03.21 09:20:59,1285.00,1285.00,1281.00,1285.00,8475,629625,1284.35,1283.75,1292.05
30.03.21 09:21:59,1283.00,1283.00,1280.00,1280.00,9075,629625,1283.64,1275.70,1280.00
30.03.21 09:22:59,1271.20,1271.20,1270.00,1270.00,225,629625,1283.55,1272.30,1279.85
30.03.21 09:24:59,1265.00,1265.00,1260.00,1260.00,300,641850,1283.34,1261.40,1267.35
30.03.21 09:26:59,1260.00,1260.00,1260.00,1260.00,300,641775,1283.11,1259.80,1261.55
30.03.21 09:27:59,1259.80,1259.80,1259.80,1259.80,75,641775,1283.05,1256.45,1258.00
30.03.21 09:28:59,1256.10,1256.10,1250.20,1253.20,525,641775,1282.55,1254.00,1255.00
30.03.21 09:29:59,1255.00,1255.00,1250.00,1250.00,300,641925,1282.28,1242.10,1248.45
30.03.21 09:30:59,1240.00,1240.00,1235.00,1235.00,150,641925,1282.07,1237.10,1243.25
30.03.21 09:31:59,1245.00,1245.00,1245.00,1245.00,225,641925,1281.81,1231.70,1240.25
30.03.21 09:33:59,1230.00,1230.00,1230.00,1230.00,75,641775,1281.69,1224.00,1231.75
30.03.21 09:34:59,1220.00,1220.55,1219.85,1220.55,300,641775,1281.13,1216.15,1220.90
30.03.21 09:35:59,1217.00,1217.00,1215.00,1215.00,300,641775,1280.54,1214.70,1222.35
30.03.21 09:36:59,1220.00,1220.00,1220.00,1220.00,225,641775,1280.13,1220.25,1227.65
30.03.21 09:39:59,1229.85,1229.85,1229.85,1229.85,75,641850,1280.01,1228.70,1235.00
30.03.21 09:40:59,1233.00,1233.00,1233.00,1233.00,75,641850,1279.91,1231.60,1239.20
30.03.21 09:42:59,1238.15,1238.15,1235.00,1235.00,525,641850,1279.26,1235.00,1237.85
30.03.21 09:43:59,1235.00,1235.10,1235.00,1235.10,225,641850,1278.97,1234.55,1241.65
30.03.21 09:45:59,1225.00,1225.00,1225.00,1225.00,75,641925,1278.85,1222.00,1227.25
30.03.21 09:47:59,1228.00,1228.00,1222.00,1222.00,300,641925,1278.39,1220.00,1221.20
30.03.21 09:48:59,1220.00,1225.00,1220.00,1225.00,750,641925,1277.21,1222.00,1225.75
30.03.21 09:49:59,1222.00,1222.00,1220.80,1220.80,750,641925,1276.05,1217.15,1220.00
30.03.21 09:50:59,1220.00,1220.00,1211.15,1211.15,375,641475,1275.42,1211.10,1216.35
30.03.21 09:51:59,1215.00,1215.00,1215.00,1215.00,75,641475,1275.30,1210.45,1217.00
30.03.21 09:52:59,1217.00,1217.00,1217.00,1217.00,225,641475,1274.94,1210.20,1220.60
30.03.21 09:54:59,1215.00,1215.00,1215.00,1215.00,75,641550,1274.82,1215.00,1219.95
30.03.21 09:56:59,1220.00,1221.00,1220.00,1221.00,225,641550,1274.48,1213.00,1221.90
30.03.21 09:58:59,1220.00,1220.00,1220.00,1220.00,75,641550,1274.37,1210.05,1220.45
30.03.21 09:59:59,1210.05,1210.05,1210.05,1210.05,75,641550,1274.24,1210.05,1218.85
30.03.21 10:00:59,1210.00,1210.00,1210.00,1210.00,75,641550,1274.11,1205.35,1211.55
30.03.21 10:01:59,1210.70,1210.70,1210.70,1210.70,75,641550,1273.99,1207.00,1212.45
30.03.21 10:02:59,1207.05,1207.05,1207.05,1207.05,75,641550,1273.85,1207.05,1214.75
30.03.21 10:05:59,1214.95,1216.00,1214.95,1216.00,525,641550,1273.04,1208.75,1217.05
30.03.21 10:08:59,1215.00,1215.00,1215.00,1215.00,225,641925,1272.69,1211.20,1215.00
30.03.21 10:09:59,1210.00,1210.00,1210.00,1210.00,75,641925,1272.57,1205.05,1213.95
30.03.21 10:11:59,1205.00,1205.00,1205.00,1205.00,75,641925,1272.44,1205.00,1209.25
30.03.21 10:12:59,1205.00,1205.00,1205.00,1205.00,225,641925,1272.04,1195.00,1204.50
30.03.21 10:13:59,1194.05,1194.05,1194.05,1194.05,900,641925,1270.29,1190.20,1202.85
30.03.21 10:15:59,1190.00,1190.00,1187.60,1188.65,450,642975,1269.37,1187.60,1199.90
30.03.21 10:16:59,1185.00,1185.00,1185.00,1185.00,75,642975,1269.21,1179.05,1187.65
30.03.21 10:18:59,1182.00,1182.00,1182.00,1182.00,75,642675,1269.05,1169.25,1179.95
30.03.21 10:19:59,1170.00,1174.00,1170.00,1174.00,375,642675,1268.13,1155.50,1174.00
30.03.21 10:20:59,1175.00,1175.00,1175.00,1175.00,150,642675,1267.78,1171.90,1175.00
30.03.21 10:21:59,1175.00,1175.00,1175.00,1175.00,975,643050,1265.60,1175.05,1179.95
30.03.21 10:22:59,1175.00,1176.00,1175.00,1176.00,300,643050,1264.95,1171.20,1181.90
30.03.21 10:27:59,1181.00,1181.00,1179.45,1179.45,375,643725,1264.20,1179.55,1184.00
30.03.21 10:28:59,1184.00,1184.00,1184.00,1184.00,75,643725,1264.05,1180.05,1188.75
30.03.21 10:29:59,1184.00,1184.00,1181.00,1181.00,150,644025,1263.77,1174.80,1185.30
30.03.21 10:31:59,1175.00,1175.00,1175.00,1175.00,300,644025,1263.14,1167.40,1177.95
30.03.21 10:32:59,1178.00,1178.00,1178.00,1178.00,75,644025,1262.99,1178.05,1184.00
30.03.21 10:33:59,1184.00,1184.00,1184.00,1184.00,75,644175,1262.85,1181.75,1189.75
30.03.21 10:35:59,1190.00,1190.00,1190.00,1190.00,150,644175,1262.60,1178.85,1198.15
30.03.21 10:39:59,1175.05,1179.00,1175.00,1175.00,450,644400,1261.71,1163.90,1178.95
30.03.21 10:47:59,1189.95,1190.00,1185.00,1190.00,225,644475,1261.34,1184.30,1193.85
30.03.21 10:49:59,1194.55,1194.55,1185.00,1185.00,750,644475,1260.06,1172.40,1181.80
30.03.21 10:52:59,1163.65,1165.00,1163.65,1165.00,150,644175,1259.74,1163.00,1170.00
30.03.21 10:53:59,1170.00,1170.00,1170.00,1170.00,1575,644175,1256.67,1165.05,1174.90
30.03.21 10:54:59,1170.00,1170.00,1165.05,1165.05,150,645900,1256.38,1166.05,1172.25
30.03.21 11:00:59,1180.00,1180.00,1180.00,1180.00,75,645975,1256.25,1177.65,1182.95
30.03.21 11:01:59,1182.95,1182.95,1182.95,1182.95,75,645975,1256.14,1180.00,1182.95
30.03.21 11:02:59,1180.00,1180.00,1179.95,1180.00,600,646050,1255.16,1175.10,1182.90
30.03.21 11:07:59,1182.95,1182.95,1182.95,1182.95,75,646500,1255.05,1173.85,1182.00
30.03.21 11:10:59,1182.00,1182.00,1182.00,1182.00,150,646500,1254.82,1178.70,1189.40
30.03.21 11:15:59,1180.05,1180.05,1179.90,1179.90,225,646650,1254.46,1175.00,1182.05
30.03.21 11:19:59,1169.80,1170.15,1169.80,1170.15,150,646800,1254.19,1164.00,1168.75
30.03.21 11:20:59,1168.55,1168.55,1164.00,1164.00,300,646800,1253.64,1160.05,1167.55
30.03.21 11:21:59,1165.00,1165.00,1160.00,1160.00,150,647025,1253.35,1158.00,1164.85
30.03.21 11:22:59,1163.05,1163.05,1163.05,1163.05,75,647025,1253.21,1160.05,1167.60
30.03.21 11:27:59,1173.95,1173.95,1173.95,1173.95,75,647175,1253.09,1170.00,1174.80
30.03.21 11:30:59,1175.05,1175.05,1175.05,1175.05,75,647175,1252.97,1166.50,1170.00
30.03.21 11:31:59,1170.00,1176.45,1170.00,1170.00,375,647175,1252.34,1165.35,1178.60
30.03.21 11:32:59,1170.00,1170.00,1170.00,1170.00,75,647475,1252.21,1170.05,1178.60
30.03.21 11:34:59,1170.00,1170.00,1170.00,1170.00,75,647475,1252.08,1165.35,1176.65
30.03.21 11:35:59,1170.00,1170.00,1170.00,1170.00,75,647475,1251.96,1166.60,1178.75
30.03.21 11:37:59,1175.00,1175.00,1175.00,1175.00,75,647700,1251.84,1170.05,1179.60
30.03.21 11:38:59,1175.00,1175.00,1175.00,1175.00,150,647700,1251.61,1170.05,1178.95
30.03.21 11:39:59,1170.05,1171.00,1170.00,1170.00,300,647925,1251.11,1160.00,1165.00
30.03.21 11:41:59,1161.00,1161.00,1161.00,1161.00,150,647925,1250.84,1160.00,1168.50
30.03.21 11:45:59,1158.00,1158.00,1151.00,1151.00,450,648300,1250.01,1150.30,1156.60
30.03.21 11:47:59,1155.00,1155.00,1155.00,1155.00,150,648300,1249.72,1151.50,1158.80
30.03.21 11:54:59,1163.00,1163.00,1163.00,1163.00,75,648600,1249.59,1160.00,1165.00
30.03.21 11:55:59,1165.00,1165.00,1165.00,1165.00,300,648600,1249.09,1170.00,1176.80
30.03.21 11:56:59,1175.00,1178.10,1175.00,1178.10,1050,648600,1247.60,1176.00,1178.30
30.03.21 11:57:59,1178.55,1178.55,1174.75,1175.00,2100,649425,1244.82,1173.00,1177.70
30.03.21 11:58:59,1175.00,1175.00,1175.00,1175.00,150,649425,1244.63,1170.05,1175.95
30.03.21 11:59:59,1175.00,1175.00,1174.00,1174.00,300,649425,1244.24,1165.55,1175.45
30.03.21 12:00:59,1170.10,1170.10,1170.10,1170.10,75,651375,1244.14,1165.05,1170.95
30.03.21 12:01:59,1180.00,1180.00,1180.00,1180.00,225,651375,1243.87,1175.05,1181.90
30.03.21 12:02:59,1180.05,1182.00,1180.05,1182.00,2325,651375,1241.33,1175.00,1180.20
30.03.21 12:04:59,1190.00,1190.00,1190.00,1190.00,2250,653700,1239.37,1188.00,1191.10
30.03.21 12:05:59,1188.00,1192.95,1188.00,1192.95,300,653700,1239.13,1190.05,1195.00
30.03.21 12:06:59,1200.00,1215.00,1200.00,1215.00,750,655875,1238.67,1214.95,1219.00
30.03.21 12:07:59,1219.00,1219.00,1219.00,1219.00,75,655875,1238.65,1210.05,1219.90
30.03.21 12:08:59,1220.00,1221.95,1220.00,1221.95,450,655875,1238.51,1220.00,1224.00
30.03.21 12:09:59,1220.00,1220.00,1220.00,1220.00,1275,655650,1238.13,1211.05,1221.45
30.03.21 12:11:59,1211.10,1211.10,1211.10,1211.10,75,655650,1238.10,1206.05,1211.90
30.03.21 12:12:59,1210.00,1210.00,1210.00,1210.00,600,656850,1237.83,1206.05,1213.05
30.03.21 12:13:59,1210.00,1210.00,1210.00,1210.00,75,656850,1237.80,1206.00,1210.35
30.03.21 12:15:59,1220.00,1220.00,1220.00,1220.00,225,657450,1237.74,1210.10,1221.00
30.03.21 12:17:59,1210.00,1210.00,1210.00,1210.00,150,657450,1237.67,1207.05,1212.05
30.03.21 12:18:59,1208.65,1214.00,1207.00,1211.95,675,657825,1237.38,1206.00,1210.60
30.03.21 12:19:59,1211.30,1214.00,1210.00,1212.20,525,657825,1237.17,1206.05,1212.45
30.03.21 12:20:59,1211.05,1211.05,1210.00,1210.00,300,657825,1237.04,1206.00,1210.00
30.03.21 12:21:59,1210.00,1210.00,1209.00,1209.00,1050,658875,1236.60,1206.00,1209.00
30.03.21 12:22:59,1209.00,1209.00,1204.90,1204.90,750,658875,1236.27,1193.95,1203.55
30.03.21 12:23:59,1190.00,1190.00,1189.00,1189.00,375,658875,1236.01,1180.05,1189.00
30.03.21 12:24:59,1181.55,1181.55,1181.55,1181.55,75,659100,1235.95,1180.00,1186.90
30.03.21 12:25:59,1186.00,1186.00,1186.00,1186.00,2025,659100,1234.47,1185.40,1190.00
30.03.21 12:26:59,1189.00,1198.85,1189.00,1198.85,1575,659100,1233.49,1189.15,1199.10
30.03.21 12:27:59,1192.00,1192.00,1189.00,1189.00,150,656925,1233.40,1187.30,1198.35
30.03.21 12:30:59,1191.00,1191.00,1185.00,1185.00,150,657150,1233.30,1180.05,1189.20
30.03.21 12:33:59,1180.00,1180.00,1180.00,1180.00,150,657225,1233.19,1177.10,1182.10
30.03.21 12:34:59,1180.00,1180.00,1177.00,1177.00,375,657225,1232.91,1170.55,1179.80
30.03.21 12:35:59,1175.10,1176.70,1175.10,1176.70,150,657225,1232.79,1170.65,1178.95
30.03.21 12:39:59,1180.00,1180.00,1180.00,1180.00,300,657675,1232.56,1178.05,1183.70
30.03.21 12:40:59,1189.65,1189.65,1189.45,1189.45,1575,657675,1231.64,1183.10,1189.40
30.03.21 12:41:59,1183.05,1183.05,1180.00,1180.00,750,657675,1231.13,1172.15,1180.10
30.03.21 12:44:59,1176.00,1176.00,1176.00,1176.00,1500,658425,1230.03,1175.00,1179.00
30.03.21 12:46:59,1181.95,1181.95,1181.95,1181.95,150,658425,1229.94,1180.00,1182.40
30.03.21 12:47:59,1180.00,1181.15,1177.50,1177.50,1650,658425,1228.87,1175.05,1179.25
30.03.21 12:48:59,1176.00,1176.00,1171.05,1171.05,2025,659925,1227.50,1165.25,1172.10
30.03.21 12:50:59,1174.00,1174.00,1174.00,1174.00,3000,659925,1225.55,1166.45,1174.35
30.03.21 12:52:59,1187.00,1187.00,1187.00,1187.00,3075,664875,1224.16,1180.00,1184.45
30.03.21 12:53:59,1180.00,1180.00,1180.00,1180.00,150,664875,1224.08,1176.60,1180.10
30.03.21 12:54:59,1184.00,1184.00,1184.00,1184.00,2175,668025,1223.08,1184.00,1185.25
30.03.21 12:55:59,1184.00,1184.00,1184.00,1184.00,825,668025,1222.72,1179.60,1185.85
30.03.21 12:58:59,1189.65,1189.65,1189.65,1189.65,150,670950,1222.66,1179.75,1184.75
30.03.21 13:00:59,1190.00,1203.00,1190.00,1203.00,1575,671025,1222.28,1192.00,1207.40
30.03.21 13:01:59,1214.20,1214.20,1214.20,1214.20,600,671025,1222.22,1202.30,1208.50
30.03.21 13:02:59,1206.10,1206.40,1205.00,1205.00,375,671025,1222.15,1198.20,1206.45
30.03.21 13:04:59,1199.25,1199.25,1199.25,1199.25,75,672975,1222.13,1194.00,1199.50
30.03.21 13:05:59,1201.50,1201.50,1201.50,1201.50,75,672975,1222.11,1201.00,1201.75
30.03.21 13:06:59,1201.75,1205.80,1201.75,1205.80,150,673125,1222.08,1205.00,1209.80
30.03.21 13:07:59,1206.00,1206.00,1206.00,1206.00,300,673125,1222.03,1205.00,1209.90
30.03.21 13:08:59,1210.00,1210.00,1210.00,1210.00,75,673125,1222.02,1205.00,1209.15
30.03.21 13:09:59,1205.00,1205.00,1205.00,1205.00,75,673425,1222.01,1197.85,1205.70
30.03.21 13:10:59,1195.00,1195.00,1194.00,1194.00,525,673425,1221.85,1190.05,1195.25
30.03.21 13:12:59,1191.00,1191.70,1191.00,1191.70,225,674175,1221.78,1187.50,1191.45
30.03.21 13:13:59,1190.10,1190.10,1190.00,1190.00,225,674175,1221.70,1187.50,1190.00
30.03.21 13:14:59,1190.00,1190.00,1190.00,1190.00,300,674175,1221.60,1190.00,1192.75
30.03.21 13:15:59,1192.00,1195.35,1187.00,1187.00,900,675000,1221.30,1180.30,1186.90
30.03.21 13:16:59,1185.10,1185.10,1185.10,1185.10,75,675000,1221.27,1180.00,1183.20
30.03.21 13:17:59,1183.15,1183.15,1183.15,1183.15,75,675000,1221.24,1178.00,1184.95
30.03.21 13:19:59,1180.00,1180.00,1180.00,1180.00,75,675375,1221.21,1177.25,1182.35
30.03.21 13:22:59,1181.00,1181.00,1180.05,1180.05,300,675450,1221.08,1177.25,1180.85
30.03.21 13:23:59,1177.25,1177.25,1177.25,1177.25,150,675450,1221.01,1171.05,1173.95
30.03.21 13:24:59,1172.50,1172.50,1172.25,1172.25,225,675975,1220.90,1171.05,1173.75
30.03.21 13:25:59,1171.25,1171.25,1151.05,1151.05,2100,675975,1219.64,1151.25,1159.65
30.03.21 13:26:59,1160.00,1160.00,1157.25,1157.25,375,675975,1219.40,1157.25,1158.65
30.03.21 13:27:59,1163.35,1165.00,1163.35,1165.00,525,678000,1219.11,1157.25,1163.65
30.03.21 13:31:59,1162.00,1162.00,1162.00,1162.00,75,678450,1219.06,1160.10,1166.85
30.03.21 13:32:59,1167.00,1169.00,1167.00,1169.00,675,678450,1218.72,1162.00,1163.55
30.03.21 13:33:59,1163.45,1163.45,1160.10,1160.10,150,679275,1218.63,1157.25,1159.25
30.03.21 13:34:59,1157.25,1157.25,1154.95,1156.00,450,679275,1218.35,1151.05,1154.15
30.03.21 13:36:59,1157.70,1157.75,1156.35,1156.35,225,679875,1218.21,1155.00,1157.65
30.03.21 13:37:59,1159.95,1164.70,1155.00,1163.90,1275,679875,1217.43,1160.00,1164.25
30.03.21 13:39:59,1160.00,1160.00,1160.00,1160.00,150,680250,1217.35,1155.15,1163.30
30.03.21 13:42:59,1155.30,1155.30,1150.00,1150.00,1200,680700,1216.58,1131.65,1144.90
30.03.21 13:44:59,1149.65,1149.65,1149.65,1149.65,75,680700,1216.53,1150.00,1152.00
30.03.21 13:45:59,1150.00,1150.20,1150.00,1150.00,525,680700,1216.19,1147.00,1153.20
30.03.21 13:46:59,1154.10,1154.10,1153.00,1153.00,225,681900,1216.06,1143.75,1150.25
30.03.21 13:47:59,1149.30,1149.30,1149.30,1149.30,75,681900,1216.01,1146.65,1154.15
30.03.21 13:49:59,1153.10,1153.10,1153.10,1153.10,75,682125,1215.96,1140.10,1146.50
30.03.21 13:50:59,1146.00,1146.00,1143.00,1143.00,150,682125,1215.86,0.00,0.00
30.03.21 13:51:59,1135.60,1138.85,1135.60,1138.85,150,682125,1215.75,1135.00,1140.20
30.03.21 13:53:59,1140.00,1141.00,1140.00,1141.00,150,682350,1215.64,1140.00,1144.75
30.03.21 13:54:59,1140.00,1140.00,1137.00,1137.00,150,682425,1215.53,1131.15,1140.65
30.03.21 13:57:59,1146.65,1146.65,1146.65,1146.65,75,682425,1215.48,1142.05,1147.70
30.03.21 13:58:59,1142.00,1142.00,1140.00,1140.00,225,682425,1215.31,1141.10,1144.70
30.03.21 13:59:59,1141.10,1141.10,1141.10,1141.10,75,682425,1215.26,1133.80,1141.60
30.03.21 14:00:59,1136.00,1136.00,1136.00,1136.00,75,682425,1215.20,1131.65,1136.00
30.03.21 14:01:59,1136.00,1136.00,1135.00,1135.00,225,682425,1215.03,1131.55,1135.95
30.03.21 14:02:59,1131.50,1134.00,1130.00,1130.00,825,682425,1214.38,1120.00,1125.15
30.03.21 14:03:59,1120.00,1120.00,1120.00,1120.00,1200,682500,1213.32,1111.05,1116.65
30.03.21 14:04:59,1111.05,1113.00,1111.05,1112.75,525,682500,1212.83,1111.60,1118.45
30.03.21 14:05:59,1115.00,1115.00,1111.00,1111.00,375,682500,1212.48,1106.25,1115.50
30.03.21 14:06:59,1105.00,1115.00,1105.00,1111.00,750,682125,1211.77,1109.25,1118.05
30.03.21 14:07:59,1111.75,1120.00,1111.75,1120.00,375,682125,1211.45,1113.55,1120.00
30.03.21 14:08:59,1111.10,1111.10,1111.10,1111.10,150,682125,1211.31,1108.75,1116.30
30.03.21 14:09:59,1110.00,1110.00,1106.00,1110.00,1350,683025,1210.04,1105.05,1112.65
30.03.21 14:10:59,1110.00,1110.00,1102.90,1110.00,900,683025,1209.21,1103.05,1113.30
30.03.21 14:11:59,1105.20,1117.85,1104.55,1110.00,675,683025,1208.61,1107.05,1115.25
30.03.21 14:12:59,1110.00,1110.00,1110.00,1110.00,225,683025,1208.41,1103.85,1111.95
30.03.21 14:13:59,1105.00,1110.00,1102.65,1110.00,225,684300,1208.20,1102.45,1111.95
30.03.21 14:14:59,1110.00,1116.80,1100.00,1116.80,2025,684300,1206.35,1105.85,1113.00
30.03.21 14:15:59,1103.95,1103.95,1103.95,1103.95,150,685425,1206.21,1104.05,1111.95
30.03.21 14:16:59,1100.00,1100.00,1100.00,1100.00,300,685425,1205.94,1091.10,1099.95
30.03.21 14:17:59,1091.05,1091.05,1088.00,1088.00,450,685425,1205.48,1075.20,1090.35
30.03.21 14:18:59,1086.00,1086.00,1083.50,1086.00,525,685950,1204.93,1086.00,1094.75
30.03.21 14:20:59,1100.00,1100.00,1100.00,1100.00,600,685950,1204.39,1092.70,1101.60
30.03.21 14:21:59,1105.00,1105.00,1105.00,1105.00,75,686625,1204.33,1101.60,1110.05
30.03.21 14:22:59,1100.00,1108.00,1095.05,1108.00,225,686625,1204.13,1095.05,1102.90
30.03.21 14:23:59,1095.00,1095.00,1095.00,1095.00,2100,686625,1202.19,1091.20,1100.55
30.03.21 14:24:59,1091.15,1091.15,1085.00,1085.00,1425,688875,1200.84,1076.25,1090.75
30.03.21 14:26:59,1089.90,1089.90,1089.90,1089.90,1950,688875,1199.07,1091.15,1098.95
30.03.21 14:27:59,1095.00,1105.00,1095.00,1100.00,4725,691050,1195.32,1097.00,1104.30
30.03.21 14:28:59,1100.00,1100.00,1100.00,1100.00,150,691050,1195.21,1100.00,1107.25
30.03.21 14:29:59,1100.00,1101.00,1099.95,1101.00,300,691050,1194.99,1100.00,1109.95
30.03.21 14:30:59,1102.00,1114.00,1102.00,1114.00,225,691050,1194.83,1105.15,1114.25
30.03.21 14:32:59,1105.75,1109.05,1101.10,1101.10,225,692475,1194.67,1094.30,1105.80
30.03.21 14:33:59,1100.00,1100.00,1100.00,1100.00,75,692475,1194.62,1093.95,1104.50
30.03.21 14:35:59,1095.00,1095.00,1095.00,1095.00,6000,692625,1190.16,1093.45,1104.15
30.03.21 14:37:59,1095.00,1095.00,1095.00,1095.00,150,693000,1190.06,1083.85,1097.85
30.03.21 14:39:59,1095.00,1095.00,1095.00,1095.00,525,693000,1189.68,1095.05,1100.00
30.03.21 14:40:59,1100.00,1100.00,1097.10,1097.10,525,693300,1189.33,1095.00,1105.25
30.03.21 14:41:59,1101.00,1101.00,1101.00,1101.00,75,693300,1189.28,1100.00,1105.25
30.03.21 14:42:59,1100.00,1100.00,1100.00,1100.00,75,693300,1189.23,1099.25,1105.95
30.03.21 14:43:59,1106.00,1106.00,1106.00,1106.00,75,693825,1189.18,1101.15,1109.95
30.03.21 14:44:59,1101.00,1104.20,1100.00,1100.00,1500,693825,1188.21,1095.00,1104.95
30.03.21 14:45:59,1095.00,1095.00,1090.50,1093.45,1875,694500,1186.93,1092.10,1099.95
30.03.21 14:46:59,1093.45,1105.45,1093.45,1105.45,1275,694500,1186.12,1105.00,1109.95
30.03.21 14:47:59,1105.00,1105.00,1100.05,1102.00,225,694500,1185.98,1102.00,1109.90
30.03.21 14:48:59,1102.00,1102.00,1100.00,1100.00,300,694500,1185.80,1102.00,1107.80
30.03.21 14:49:59,1104.80,1104.80,1104.80,1104.80,75,694725,1185.76,1097.35,1105.00
30.03.21 14:50:59,1105.10,1105.10,1103.85,1105.10,525,694725,1185.45,1100.20,1107.35
30.03.21 14:51:59,1102.90,1102.90,1095.00,1095.00,750,694725,1185.00,1091.65,1099.10
30.03.21 14:52:59,1091.05,1091.05,1087.00,1087.00,375,694950,1184.74,1081.00,1085.00
30.03.21 14:53:59,1081.00,1081.00,1070.00,1070.00,1125,694950,1183.89,1078.35,1086.25
30.03.21 14:54:59,1078.85,1078.85,1078.85,1078.85,75,694950,1183.84,1078.70,1085.00
30.03.21 14:55:59,1077.00,1079.00,1077.00,1079.00,1200,695550,1182.96,1077.30,1085.95
30.03.21 14:56:59,1082.00,1082.00,1074.05,1074.05,225,695550,1182.80,1075.00,1084.60
30.03.21 14:57:59,1076.55,1084.60,1076.55,1080.00,1125,695550,1182.01,1077.90,1086.95
30.03.21 14:59:59,1084.00,1087.00,1084.00,1084.00,225,695850,1181.86,1084.00,1084.15
30.03.21 15:00:59,1083.20,1100.00,1083.20,1100.00,2325,695775,1180.42,1095.80,1100.00
30.03.21 15:01:59,1100.00,1123.00,1099.20,1120.00,2925,695775,1179.07,1114.85,1122.60
30.03.21 15:03:59,1102.00,1102.00,1102.00,1102.00,150,695775,1179.00,1087.50,1096.10
30.03.21 15:04:59,1091.00,1091.00,1091.00,1091.00,75,695850,1178.95,1094.60,1102.65
30.03.21 15:05:59,1100.00,1100.00,1100.00,1100.00,75,695850,1178.91,0.00,0.00
30.03.21 15:06:59,1104.00,1104.00,1100.00,1100.00,300,695850,1178.76,1100.05,1108.00
30.03.21 15:08:59,1100.00,1100.00,1100.00,1100.00,750,695925,1178.38,1096.90,1105.00
30.03.21 15:09:59,1100.00,1100.00,1100.00,1100.00,150,695925,1178.30,1097.70,1105.30
30.03.21 15:10:59,1100.00,1100.00,1100.00,1100.00,75,695325,1178.26,1096.55,1102.20
30.03.21 15:12:59,1099.95,1100.80,1099.95,1100.80,675,695325,1177.92,1099.05,1106.80
30.03.21 15:14:59,1102.05,1103.00,1102.05,1103.00,525,695250,1177.66,1103.00,1104.00
30.03.21 15:15:59,1104.00,1105.00,1103.50,1103.50,375,695250,1177.48,1105.75,1112.55
30.03.21 15:17:59,1112.00,1112.00,1112.00,1112.00,225,696000,1177.39,1111.00,1116.45
30.03.21 15:18:59,1114.00,1114.00,1113.25,1113.25,375,696000,1177.23,1108.25,1115.35
30.03.21 15:19:59,1110.00,1114.55,1110.00,1110.00,600,696600,1176.97,1107.80,1114.25
30.03.21 15:20:59,1110.00,1110.20,1109.30,1109.30,375,696600,1176.81,1109.80,1116.30
30.03.21 15:21:59,1111.00,1111.00,1108.25,1108.25,375,696600,1176.65,1107.10,1113.95
30.03.21 15:22:59,1107.55,1115.10,1107.55,1110.05,450,697125,1176.47,1110.05,1115.20
30.03.21 15:23:59,1114.70,1114.70,1110.05,1110.05,300,697125,1176.34,1110.05,1114.80
30.03.21 15:24:59,1110.50,1110.50,1110.50,1110.50,225,697125,1176.25,1115.00,1118.95
30.03.21 15:25:59,1118.00,1119.85,1115.05,1118.00,675,697575,1176.00,1115.05,1119.25
30.03.21 15:26:59,1115.05,1117.00,1115.05,1115.05,375,697575,1175.86,1114.00,1115.00
30.03.21 15:27:59,1115.00,1115.00,1111.55,1112.25,675,697575,1175.59,1112.25,1117.70
30.03.21 15:28:59,1112.25,1112.25,1112.00,1112.00,300,698550,1175.47,1110.00,1113.70
30.03.21 15:30:00,1110.00,1110.00,1103.00,1103.00,225,698550,1175.37,1097.75,1115.15
31.03.21 09:15:59,1156.15,1163.70,1150.00,1163.70,1050,698475,1160.68,1154.40,1163.35
31.03.21 09:16:59,1164.00,1167.95,1162.50,1165.15,1050,698475,1163.33,1165.25,1169.80
31.03.21 09:17:59,1168.65,1169.80,1167.35,1167.35,525,698475,1164.39,1167.50,1172.35
31.03.21 09:18:59,1169.95,1169.95,1169.95,1169.95,75,698625,1164.55,1169.25,1175.85
31.03.21 09:19:59,1180.00,1180.00,1170.00,1170.00,1650,698625,1167.96,1170.85,1175.95
31.03.21 09:20:59,1185.75,1185.75,1179.60,1179.60,1725,697650,1171.90,1182.50,1187.25
31.03.21 09:21:59,1189.00,1192.35,1181.00,1184.50,1875,697650,1174.93,1185.00,1186.50
31.03.21 09:22:59,1186.25,1187.00,1185.00,1187.00,450,697650,1175.50,1187.00,1191.05
31.03.21 09:23:59,1191.00,1191.00,1186.00,1186.00,600,695100,1176.46,1183.20,1188.05
31.03.21 09:24:59,1180.00,1180.00,1176.00,1176.00,225,695100,1176.48,1173.00,1179.45
31.03.21 09:25:59,1171.35,1182.00,1171.00,1182.00,825,695100,1176.23,1183.80,1188.55
31.03.21 09:26:59,1186.45,1192.50,1186.40,1192.50,375,695100,1176.63,1192.40,1196.30
31.03.21 09:27:59,1190.00,1190.00,1190.00,1190.00,150,694350,1176.83,1188.70,1196.25
31.03.21 09:28:59,1192.30,1192.30,1192.30,1192.30,300,694350,1177.25,1193.45,1198.95
31.03.21 09:29:59,1199.00,1199.00,1199.00,1199.00,75,693975,1177.40,1196.35,1199.90
31.03.21 09:30:59,1199.90,1202.00,1199.90,1202.00,825,693975,1178.99,1198.00,1208.40
31.03.21 09:31:59,1202.00,1205.00,1198.00,1198.00,450,693975,1179.76,1186.05,1196.30
31.03.21 09:33:59,1190.00,1190.00,1190.00,1190.00,75,693825,1179.82,1190.00,1194.95
31.03.21 09:34:59,1194.95,1195.00,1194.95,1195.00,675,693825,1180.61,1195.30,1202.15
31.03.21 09:35:59,1204.45,1204.45,1203.45,1203.45,750,693750,1181.86,1198.00,1201.75
31.03.21 09:36:59,1199.60,1199.60,1184.90,1190.00,600,693750,1182.24,1180.35,1190.20
31.03.21 09:37:59,1184.05,1184.05,1182.00,1182.00,750,693750,1182.24,1170.90,1179.90
31.03.21 09:38:59,1172.30,1172.30,1172.25,1172.25,525,694875,1181.90,1172.25,1177.60
31.03.21 09:39:59,1174.05,1174.40,1174.00,1174.40,375,694875,1181.72,1167.25,1175.05
31.03.21 09:40:59,1170.10,1170.10,1170.10,1170.10,75,694875,1181.67,1158.10,1167.20
31.03.21 09:41:59,1165.00,1165.00,1161.10,1161.10,1125,695250,1180.42,1155.00,1160.10
31.03.21 09:44:59,1158.25,1160.00,1158.25,1160.00,900,696225,1179.40,1156.75,1160.00
31.03.21 09:45:59,1160.00,1160.00,1160.00,1160.00,750,0,1178.62,1159.90,1167.70
31.03.21 09:47:59,1162.50,1162.50,1162.50,1162.50,75,696225,1178.56,1161.90,1166.70
31.03.21 09:48:59,1166.70,1168.90,1166.70,1168.90,225,696225,1178.43,1165.85,1173.00
31.03.21 09:49:59,1172.00,1176.20,1172.00,1176.20,225,696225,1178.38,1177.05,1184.05
31.03.21 09:50:59,1180.00,1192.00,1180.00,1190.00,225,695775,1178.49,1185.00,1188.50
31.03.21 09:51:59,1188.00,1188.00,1188.00,1188.00,75,695775,1178.52,1186.00,1190.00
31.03.21 09:52:59,1186.00,1187.35,1184.70,1184.70,450,695775,1178.68,1176.25,1184.95
31.03.21 09:53:59,1184.65,1185.00,1184.00,1184.00,750,696300,1178.89,1182.00,1183.90
31.03.21 09:54:59,1182.00,1182.00,1180.10,1180.10,150,696300,1178.91,1176.95,1185.20
31.03.21 09:56:59,1186.00,1186.00,1186.00,1186.00,75,696900,1178.94,1183.60,1189.80
31.03.21 09:58:59,1175.00,1175.00,1175.00,1175.00,150,696900,1178.91,1170.35,1177.60
31.03.21 10:03:59,1195.00,1200.00,1195.00,1200.00,675,696750,1179.49,1195.10,1200.75
31.03.21 10:05:59,1195.00,1195.00,1185.10,1185.10,375,696675,1179.70,1177.45,1187.80
31.03.21 10:07:59,1190.00,1190.00,1190.00,1190.00,75,696675,1179.74,1183.95,1190.00
31.03.21 10:08:59,1190.00,1190.00,1188.60,1188.60,300,696750,1179.87,1179.75,1187.20
31.03.21 10:10:59,1190.00,1190.00,1190.00,1190.00,150,696750,1179.93,1187.25,1194.60
31.03.21 10:12:59,1193.40,1194.95,1192.00,1192.00,225,696900,1180.07,1196.85,1204.50
31.03.21 10:13:59,1200.30,1200.30,1200.30,1200.30,75,696900,1180.13,1192.35,1200.45
31.03.21 10:14:59,1200.00,1200.00,1200.00,1200.00,75,696900,1180.20,1190.65,1198.80
31.03.21 10:16:59,1195.00,1195.00,1195.00,1195.00,75,696825,1180.24,1192.05,1199.65
31.03.21 10:17:59,1205.00,1211.40,1205.00,1211.40,750,696900,1181.02,1208.00,1212.35
31.03.21 10:18:59,1214.95,1216.95,1214.95,1216.95,825,696900,1182.15,1212.00,1217.00
31.03.21 10:19:59,1217.00,1220.00,1217.00,1220.00,150,696900,1182.37,1215.10,1220.10
31.03.21 10:20:59,1219.70,1219.70,1218.00,1218.00,225,696675,1182.70,1213.25,1218.20
31.03.21 10:22:59,1223.90,1223.95,1223.90,1223.95,450,696675,1183.42,1225.05,1227.95
31.03.21 10:23:59,1229.50,1229.50,1226.45,1226.45,150,696675,1183.68,1222.00,1225.30
31.03.21 10:26:59,1223.00,1223.00,1218.50,1218.50,375,696600,1184.19,1212.35,1218.00
31.03.21 10:29:59,1211.20,1211.20,1211.20,1211.20,75,696825,1184.27,1210.30,1219.05
31.03.21 10:30:59,1215.00,1220.00,1215.00,1220.00,150,696825,1184.46,1216.30,1224.30
31.03.21 10:32:59,1215.00,1215.00,1215.00,1215.00,150,696825,1184.63,1214.45,1224.80
31.03.21 10:33:59,1222.00,1222.00,1222.00,1222.00,150,696675,1184.84,1216.95,1225.00
31.03.21 10:34:59,1225.00,1225.00,1216.10,1216.10,300,696675,1185.22,1212.00,1215.00
31.03.21 10:35:59,1215.00,1216.00,1215.00,1216.00,450,696675,1185.72,1217.05,1223.45
31.03.21 10:37:59,1222.00,1232.00,1222.00,1232.00,825,697425,1186.88,1232.25,1241.75
31.03.21 10:39:59,1230.00,1230.00,1230.00,1230.00,225,697650,1187.22,1232.05,1240.15
31.03.21 10:41:59,1240.00,1240.00,1240.00,1240.00,75,697650,1187.36,1231.20,1238.70
31.03.21 10:42:59,1238.00,1240.00,1238.00,1240.00,150,697575,1187.63,1231.30,1239.15
31.03.21 10:44:59,1235.00,1235.00,1235.00,1235.00,150,697725,1187.88,1229.45,1237.40
31.03.21 10:45:59,1235.00,1235.00,1235.00,1235.00,75,697725,1188.00,1230.50,1238.75
31.03.21 10:46:59,1238.00,1238.00,1235.00,1235.00,150,697725,1188.25,1235.05,1240.15
31.03.21 10:47:59,1235.00,1240.00,1235.00,1240.00,225,698025,1188.62,1235.00,1236.75
31.03.21 10:48:59,1235.00,1237.30,1229.75,1232.30,1500,698025,1190.81,1223.50,1231.75
31.03.21 10:49:59,1230.65,1230.65,1221.00,1223.00,300,698025,1191.13,1222.00,1225.80
31.03.21 10:50:59,1222.00,1224.70,1216.05,1217.85,1500,698025,1192.45,1209.95,1219.80
31.03.21 10:51:59,1219.00,1219.00,1219.00,1219.00,150,700800,1192.57,1218.80,1227.85
31.03.21 10:52:59,1220.20,1229.15,1220.20,1229.15,300,700800,1192.87,1226.00,1229.80
31.03.21 10:53:59,1228.00,1229.00,1226.00,1226.00,375,701325,1193.26,1224.45,1229.00
31.03.21 10:54:59,1227.00,1230.00,1227.00,1230.00,225,701325,1193.49,1228.45,1236.45
31.03.21 10:55:59,1230.00,1230.00,1230.00,1230.00,75,701325,1193.57,1226.05,1229.00
31.03.21 10:56:59,1229.00,1232.10,1226.00,1226.00,750,702075,1194.34,1224.00,1231.25
31.03.21 10:58:59,1230.00,1230.00,1230.00,1230.00,75,702075,1194.42,1227.60,1234.80
31.03.21 11:00:59,1230.50,1232.00,1230.50,1232.00,300,702150,1194.74,1232.20,1239.45
31.03.21 11:01:59,1235.00,1235.00,1235.00,1235.00,75,702150,1194.82,1230.00,1235.00
31.03.21 11:02:59,1230.00,1230.00,1230.00,1230.00,75,702150,1194.90,1220.00,1225.00
31.03.21 11:04:59,1220.00,1220.00,1220.00,1220.00,75,702450,1194.95,1218.75,1226.85
31.03.21 11:09:59,1210.00,1210.00,1210.00,1210.00,300,702525,1195.08,1212.05,1220.25
31.03.21 11:11:59,1220.00,1220.00,1220.00,1220.00,75,702525,1195.13,1213.10,1221.00
31.03.21 11:13:59,1215.00,1215.00,1215.00,1215.00,75,702600,1195.17,1205.55,1212.90
31.03.21 11:14:59,1207.55,1207.55,1207.55,1207.55,225,702675,1195.25,1206.65,1217.10
31.03.21 11:16:59,1203.00,1203.00,1203.00,1203.00,75,702675,1195.27,1200.00,1205.50
31.03.21 11:18:59,1202.80,1202.80,1202.80,1202.80,75,702750,1195.28,1204.60,1212.25
31.03.21 11:19:59,1204.10,1204.10,1204.10,1204.10,75,702750,1195.30,1207.10,1214.25
31.03.21 11:25:59,1218.00,1220.00,1218.00,1220.00,150,702825,1195.40,1218.45,1222.00
31.03.21 11:26:59,1222.00,1222.00,1220.00,1220.00,150,703050,1195.51,1214.05,1221.55
31.03.21 11:28:59,1212.00,1212.00,1212.00,1212.00,150,703050,1195.57,1211.30,1218.00
31.03.21 11:29:59,1220.65,1220.65,1220.00,1220.00,150,703050,1195.68,1212.50,1219.90
31.03.21 11:30:59,1218.80,1222.00,1218.80,1222.00,150,703200,1195.78,1218.75,1228.85
31.03.21 11:32:59,1230.00,1230.00,1230.00,1230.00,75,703200,1195.85,1227.45,1235.70
31.03.21 11:33:59,1230.00,1230.00,1230.00,1230.00,375,703275,1196.19,1227.05,1235.65
31.03.21 11:34:59,1228.00,1228.00,1228.00,1228.00,75,703275,1196.26,1225.50,1228.00
31.03.21 11:35:59,1228.00,1229.00,1228.00,1229.00,150,703500,1196.38,1227.10,1230.00
31.03.21 11:36:59,1230.00,1230.00,1230.00,1230.00,75,703500,1196.45,1225.70,1232.00
31.03.21 11:39:59,1230.00,1232.00,1229.00,1229.00,750,703575,1197.11,1233.40,1241.20
31.03.21 11:43:59,1222.00,1222.00,1222.00,1222.00,75,703575,1197.16,1220.70,1226.95
31.03.21 11:45:59,1221.20,1221.20,1221.20,1221.20,75,703575,1197.20,1215.05,1221.15
31.03.21 11:46:59,1222.00,1222.00,1222.00,1222.00,75,703575,1197.25,1220.00,1226.95
31.03.21 11:48:59,1225.00,1227.00,1225.00,1227.00,150,701550,1197.36,1225.00,1228.00
31.03.21 11:49:59,1228.00,1230.00,1228.00,1230.00,150,701550,1197.49,1227.00,1233.25
31.03.21 11:50:59,1227.40,1227.40,1227.40,1227.40,150,701550,1197.60,1222.85,1229.95
31.03.21 11:51:59,1223.25,1223.25,1223.25,1223.25,225,701925,1197.75,1223.25,1228.00
31.03.21 11:52:59,1228.00,1229.00,1228.00,1229.00,150,701925,1197.87,1226.85,1230.00
31.03.21 11:53:59,1226.85,1226.85,1226.85,1226.85,225,701925,1198.03,1221.15,1228.30
31.03.21 11:56:59,1226.85,1226.85,1226.85,1226.85,150,702150,1198.14,1224.85,1230.00
31.03.21 11:58:59,1230.00,1230.00,1230.00,1230.00,75,702000,1198.20,1228.85,1235.05
31.03.21 12:01:59,1225.00,1225.00,1225.00,1225.00,75,701925,1198.25,1224.05,1231.65
31.03.21 12:03:59,1220.00,1220.00,1219.85,1219.85,150,702000,1198.33,1216.10,1218.85
31.03.21 12:06:59,1217.25,1222.35,1217.25,1220.00,450,702075,1198.56,1219.10,1227.25
31.03.21 12:09:59,1220.00,1220.00,1220.00,1220.00,75,702450,1198.60,1217.30,1228.65
31.03.21 12:11:59,1227.00,1227.00,1225.00,1225.00,600,702450,1198.99,1220.00,1226.35
31.03.21 12:12:59,1224.05,1224.75,1224.05,1224.75,150,702750,1199.08,1221.05,1226.45
31.03.21 12:13:59,1220.00,1220.00,1220.00,1220.00,150,702750,1199.16,1217.25,1218.70
31.03.21 12:14:59,1218.75,1222.50,1218.75,1222.50,375,702750,1199.35,1217.30,1221.00
31.03.21 12:15:59,1221.00,1221.00,1221.00,1221.00,75,703275,1199.39,1220.00,1225.15
31.03.21 12:16:59,1225.00,1225.00,1225.00,1225.00,75,703275,1199.44,1220.00,1224.25
31.03.21 12:18:59,1216.10,1216.10,1214.35,1214.35,150,703350,1199.49,1210.00,1215.00
31.03.21 12:19:59,1213.35,1213.35,1213.25,1213.25,450,703350,1199.64,1210.05,1215.35
31.03.21 12:20:59,1213.00,1213.00,1208.75,1210.00,525,703350,1199.77,1209.50,1217.00
31.03.21 12:21:59,1211.00,1211.00,1211.00,1211.00,75,704025,1199.79,1212.25,1220.80
31.03.21 12:22:59,1214.70,1220.00,1214.70,1220.00,525,704025,1200.02,1218.00,1223.10
31.03.21 12:23:59,1218.00,1218.00,1218.00,1218.00,150,704025,1200.08,1218.00,1219.80
31.03.21 12:24:59,1218.00,1218.00,1218.00,1218.00,75,704025,1200.11,1215.15,1219.00
31.03.21 12:25:59,1219.95,1220.00,1219.95,1220.00,150,704475,1200.18,1213.65,1220.00
31.03.21 12:26:59,1216.05,1216.05,1215.00,1215.00,900,704475,1200.48,1213.30,1220.00
31.03.21 12:27:59,1213.30,1220.00,1213.30,1220.00,450,704700,1200.66,1220.05,1223.00
31.03.21 12:28:59,1223.00,1225.00,1223.00,1225.00,600,704700,1200.97,1220.55,1225.00
31.03.21 12:32:59,1223.05,1223.05,1223.05,1223.05,75,705300,1201.00,1223.00,1228.25
31.03.21 12:33:59,1223.00,1223.00,1220.00,1220.00,450,705375,1201.20,1218.00,1220.00
31.03.21 12:34:59,1220.00,1220.00,1220.00,1220.00,75,705375,1201.23,1211.00,1217.00
31.03.21 12:35:59,1215.00,1215.00,1215.00,1215.00,75,705375,1201.26,1213.00,1220.30
31.03.21 12:36:59,1223.00,1223.00,1220.00,1220.00,150,705075,1201.32,1216.00,1223.55
31.03.21 12:37:59,1220.00,1220.00,1216.00,1216.00,450,705075,1201.47,1207.05,1214.95
31.03.21 12:38:59,1214.95,1214.95,1214.00,1214.00,150,705075,1201.51,1210.00,1215.25
31.03.21 12:39:59,1212.35,1212.35,1212.35,1212.35,75,705675,1201.53,1211.05,1216.85
31.03.21 12:42:59,1210.15,1210.15,1210.15,1210.15,75,705675,1201.55,1210.00,1214.10
31.03.21 12:43:59,1210.00,1210.00,1208.00,1208.00,225,705675,1201.58,1200.55,1208.65
31.03.21 12:44:59,1208.00,1208.00,1208.00,1208.00,75,705675,1201.59,1203.00,1209.95
31.03.21 12:45:59,1206.90,1206.90,1206.90,1206.90,75,705825,1201.60,1200.80,1209.40
31.03.21 12:46:59,1210.00,1210.00,1210.00,1210.00,450,705825,1201.68,1210.65,1215.00
31.03.21 12:47:59,1215.00,1215.00,1215.00,1215.00,75,705825,1201.70,1208.30,1214.80
31.03.21 12:48:59,1212.00,1212.00,1212.00,1212.00,75,705975,1201.71,1205.60,1215.10
31.03.21 12:51:59,1217.00,1217.00,1217.00,1217.00,75,706050,1201.74,1212.05,1219.65
31.03.21 12:53:59,1217.00,1217.00,1217.00,1217.00,75,706050,1201.76,1213.05,1217.00
31.03.21 12:54:59,1217.00,1217.00,1217.00,1217.00,75,0,1201.79,1209.80,1218.70
31.03.21 12:57:59,1219.95,1219.95,1219.95,1219.95,75,706200,1201.81,1215.95,1220.00
31.03.21 12:58:59,1218.00,1220.00,1218.00,1220.00,450,706200,1201.98,1213.05,1221.50
31.03.21 13:00:59,1216.00,1220.00,1216.00,1220.00,150,706650,1202.02,1218.05,1220.00
31.03.21 13:01:59,1220.00,1220.00,1219.05,1219.05,225,706650,1202.10,1219.00,1223.00
31.03.21 13:02:59,1220.00,1220.00,1220.00,1220.00,75,706650,1202.13,1218.05,1225.30
31.03.21 13:03:59,1220.00,1220.00,1220.00,1220.00,225,706800,1202.21,1208.65,1216.50
31.03.21 13:04:59,1200.00,1200.00,1189.95,1190.00,300,706800,1202.15,1187.35,1189.00
31.03.21 13:05:59,1189.00,1189.00,1175.00,1183.00,3825,706800,1200.84,1181.75,1183.00
31.03.21 13:06:59,1183.00,1183.00,1183.00,1183.00,1725,706800,1200.29,1185.55,1194.85
31.03.21 13:07:59,1185.05,1185.05,1185.05,1185.05,75,703725,1200.27,1185.75,1194.85
31.03.21 13:11:59,1194.00,1194.00,1194.00,1194.00,150,703650,1200.25,1195.35,1203.35
31.03.21 13:12:59,1200.00,1200.00,1200.00,1200.00,900,703650,1200.25,1196.85,1203.00
31.03.21 13:13:59,1200.00,1200.00,1200.00,1200.00,150,702975,1200.25,1202.70,1211.20
31.03.21 13:16:59,1240.40,1240.40,1240.40,1240.40,75,702900,1200.30,1233.40,1241.50
31.03.21 13:17:59,1236.40,1236.40,1236.40,1236.40,900,702900,1200.86,1234.60,1241.85
31.03.21 13:18:59,1235.00,1260.00,1235.00,1260.00,750,702975,1201.49,1249.80,1259.55
31.03.21 13:20:59,1261.00,1274.95,1261.00,1274.95,1725,702975,1203.40,1265.50,1275.00
31.03.21 13:22:59,1255.80,1255.80,1255.80,1255.80,75,704550,1203.46,1253.80,1257.00
31.03.21 13:23:59,1257.00,1257.00,1257.00,1257.00,75,704550,1203.53,1255.30,1264.65
31.03.21 13:24:59,1258.00,1258.00,1255.25,1255.25,525,704475,1203.99,1252.80,1259.80
31.03.21 13:25:59,1251.40,1251.40,1251.40,1251.40,75,704475,1204.04,1249.00,1259.35
31.03.21 13:26:59,1253.00,1253.00,1253.00,1253.00,75,704475,1204.10,1245.30,1251.90
31.03.21 13:28:59,1245.25,1245.25,1245.25,1245.25,150,705150,1204.20,1253.00,1261.10
31.03.21 13:29:59,1266.60,1266.60,1266.60,1266.60,75,705150,1204.28,1262.60,1266.60
31.03.21 13:30:59,1266.60,1266.60,1260.00,1260.00,300,705225,1204.56,1255.40,1259.00
31.03.21 13:31:59,1258.50,1261.95,1255.00,1255.00,375,705225,1204.88,1253.95,1261.45
31.03.21 13:32:59,1255.00,1255.00,1255.00,1255.00,300,705225,1205.12,1255.00,1260.25
31.03.21 13:33:59,1255.00,1255.00,1255.00,1255.00,1050,705225,1205.95,1245.65,1253.10
31.03.21 13:34:59,1243.85,1245.00,1243.85,1245.00,150,706200,1206.04,1241.80,1249.20
31.03.21 13:37:59,1246.00,1246.00,1246.00,1246.00,75,706200,1206.08,1246.00,1248.00
31.03.21 13:38:59,1246.00,1248.20,1245.00,1248.20,525,706200,1206.41,1252.00,1260.55
31.03.21 13:39:59,1255.00,1255.05,1254.95,1254.95,975,706050,1207.13,1246.95,1254.95
31.03.21 13:42:59,1250.45,1250.45,1250.00,1250.00,2625,706275,1208.79,1252.70,1254.00
31.03.21 13:43:59,1250.00,1250.00,1250.00,1250.00,975,706275,1209.37,1240.00,1247.15
31.03.21 13:44:59,1242.00,1242.00,1235.00,1240.00,600,706275,1209.63,1235.10,1241.70
31.03.21 13:45:59,1240.00,1240.00,1240.00,1240.00,75,706275,1209.67,1243.05,1249.95
31.03.21 13:46:59,1243.05,1255.00,1243.05,1255.00,450,708600,1209.95,1255.00,1256.45
31.03.21 13:47:59,1255.00,1255.00,1250.00,1250.00,825,708600,1210.45,1250.05,1253.00
31.03.21 13:48:59,1252.00,1255.00,1252.00,1253.00,450,709575,1210.72,1253.00,1255.45
31.03.21 13:49:59,1253.00,1253.05,1253.00,1253.05,300,709575,1210.90,1260.00,1261.65
31.03.21 13:50:59,1260.00,1260.00,1256.00,1258.00,1425,709575,1211.82,1256.05,1259.20
31.03.21 13:51:59,1260.00,1260.00,1255.00,1255.00,375,711450,1212.05,1254.00,1256.20
31.03.21 13:52:59,1256.90,1256.90,1248.00,1248.00,1350,711450,1212.77,1247.00,1249.00
31.03.21 13:53:59,1247.00,1247.00,1240.00,1241.00,600,711450,1213.01,1240.00,1241.40
31.03.21 13:54:59,1240.00,1242.00,1240.00,1241.00,525,713100,1213.21,1240.00,1242.65
31.03.21 13:55:59,1240.00,1240.00,1234.00,1234.00,1425,713100,1213.65,1235.05,1239.95
31.03.21 13:56:59,1240.00,1242.00,1240.00,1242.00,225,713100,1213.73,1241.80,1251.50
31.03.21 13:57:59,1245.00,1245.00,1244.00,1244.00,300,712800,1213.85,1243.00,1245.00
31.03.21 13:58:59,1243.00,1243.00,1241.60,1241.60,675,712800,1214.09,1241.00,1243.25
31.03.21 13:59:59,1241.00,1241.00,1238.00,1238.00,525,712800,1214.26,1237.00,1240.40
31.03.21 14:00:59,1237.00,1237.00,1235.00,1235.00,2175,715050,1214.87,1233.00,1237.50
31.03.21 14:01:59,1232.00,1232.00,1230.00,1230.00,600,715050,1214.99,1230.20,1238.60
31.03.21 14:02:59,1235.00,1235.00,1235.00,1235.00,150,715050,1215.02,1237.90,1246.95
31.03.21 14:03:59,1240.00,1241.00,1234.00,1234.00,2700,717225,1215.79,1233.00,1234.00
31.03.21 14:04:59,1233.00,1233.00,1233.00,1233.00,75,717225,1215.80,1233.00,1235.55
31.03.21 14:07:59,1245.70,1245.70,1242.00,1242.00,900,717525,1216.10,1240.25,1243.95
31.03.21 14:08:59,1240.00,1240.00,1239.00,1239.00,975,717525,1216.36,1238.65,1246.60
31.03.21 14:09:59,1238.00,1238.00,1228.00,1228.00,2175,719025,1216.77,1227.05,1232.20
31.03.21 14:10:59,1227.00,1227.00,1219.00,1225.00,1425,719025,1216.87,1228.90,1229.95
31.03.21 14:11:59,1230.00,1230.00,1229.00,1229.00,750,719025,1216.97,1230.00,1234.85
31.03.21 14:12:59,1232.00,1232.05,1228.05,1228.05,1875,723225,1217.27,1228.00,1230.50
31.03.21 14:13:59,1228.00,1228.00,1227.00,1227.00,225,723225,1217.29,1227.00,1229.95
31.03.21 14:14:59,1227.00,1227.00,1225.00,1225.05,375,723225,1217.33,1225.00,1227.00
31.03.21 14:15:59,1225.00,1225.00,1217.00,1217.00,1200,723225,1217.37,1216.00,1220.00
31.03.21 14:16:59,1216.00,1216.00,1214.00,1214.00,375,723750,1217.36,1214.00,1217.55
31.03.21 14:17:59,1214.00,1218.00,1213.05,1218.00,300,723750,1217.35,1215.10,1223.90
31.03.21 14:18:59,1220.00,1225.50,1220.00,1225.50,300,723825,1217.37,1224.50,1233.85
31.03.21 14:21:59,1241.30,1241.30,1241.30,1241.30,75,723825,1217.39,1232.05,1241.30
31.03.21 14:22:59,1232.05,1239.50,1232.05,1237.00,300,723825,1217.45,1228.30,1236.85
31.03.21 14:26:59,1236.05,1236.05,1236.05,1236.05,75,723900,1217.47,1238.45,1246.90
31.03.21 14:27:59,1240.05,1241.00,1240.00,1241.00,375,723750,1217.56,1241.00,1250.40
31.03.21 14:28:59,1241.00,1246.00,1241.00,1242.00,450,723750,1217.68,1241.75,1249.00
31.03.21 14:29:59,1242.00,1252.10,1242.00,1252.10,225,723750,1217.74,1250.55,1260.75
31.03.21 14:30:59,1255.00,1255.00,1255.00,1255.00,150,723075,1217.80,1252.95,1259.95
31.03.21 14:31:59,1252.00,1258.00,1252.00,1258.00,300,723075,1217.91,1256.60,1260.00
31.03.21 14:32:59,1257.05,1257.05,1257.00,1257.00,750,723075,1218.21,1249.15,1258.60
31.03.21 14:33:59,1250.00,1250.00,1247.50,1247.50,150,723150,1218.25,1247.50,1250.00
31.03.21 14:34:59,1250.00,1250.00,1246.05,1246.05,1125,723150,1218.60,1246.10,1252.00
31.03.21 14:35:59,1246.05,1246.05,1242.00,1242.00,1050,723150,1218.87,1242.00,1244.45
31.03.21 14:36:59,1244.45,1244.45,1242.00,1242.05,525,723900,1219.00,1241.00,1247.25
31.03.21 14:37:59,1243.00,1243.00,1240.35,1240.35,300,723900,1219.06,1241.25,1245.00
31.03.21 14:38:59,1245.00,1250.00,1245.00,1250.00,225,723900,1219.12,1244.30,1254.60
31.03.21 14:39:59,1250.00,1250.00,1250.00,1250.00,75,723900,1219.15,1257.70,1264.95
31.03.21 14:41:59,1245.00,1245.00,1240.80,1240.80,300,723675,1219.21,1240.60,1249.65
31.03.21 14:42:59,1241.45,1247.00,1241.45,1247.00,1125,723300,1219.49,1242.55,1250.00
31.03.21 14:43:59,1245.25,1252.00,1245.25,1252.00,975,723300,1219.78,1247.15,1250.00
31.03.21 14:44:59,1247.00,1247.00,1245.00,1245.00,150,723300,1219.82,1240.60,1249.35
31.03.21 14:45:59,1242.00,1245.00,1240.05,1240.05,375,723075,1219.90,1240.00,1245.95
31.03.21 14:46:59,1240.00,1245.00,1239.00,1245.00,825,723075,1220.06,1241.35,1250.95
31.03.21 14:47:59,1245.00,1248.00,1245.00,1246.00,375,723075,1220.15,1246.00,1249.50
31.03.21 14:48:59,1246.00,1246.00,1245.00,1245.00,450,722925,1220.26,1242.30,1251.95
31.03.21 14:49:59,1245.00,1245.00,1245.00,1245.00,150,722925,1220.29,1248.00,1252.00
31.03.21 14:50:59,1248.00,1248.00,1245.00,1245.00,675,722925,1220.47,1246.45,1248.15
31.03.21 14:51:59,1246.45,1247.00,1238.25,1238.25,600,722925,1220.61,1238.30,1246.40
31.03.21 14:52:59,1238.00,1239.50,1238.00,1239.50,375,722175,1220.67,1239.50,1243.50
31.03.21 14:53:59,1245.00,1245.00,1240.00,1240.25,450,722175,1220.75,1240.25,1245.30
31.03.21 14:54:59,1240.25,1240.25,1237.00,1237.00,1575,722175,1221.01,1236.00,1241.75
31.03.21 14:55:59,1236.05,1237.05,1236.00,1237.05,375,722850,1221.06,1238.10,1248.25
31.03.21 14:56:59,1240.00,1240.00,1239.00,1240.00,375,722850,1221.12,1240.00,1245.40
31.03.21 14:57:59,1240.00,1242.00,1224.05,1224.05,1500,723075,1221.30,1224.05,1230.00
31.03.21 14:58:59,1226.00,1230.00,1225.00,1230.00,300,723075,1221.32,1225.95,1235.40
31.03.21 14:59:59,1230.00,1230.00,1228.00,1228.00,300,723075,1221.34,1224.95,1234.15
31.03.21 15:00:59,1228.10,1255.00,1228.10,1255.00,450,723075,1221.42,1250.10,1262.00
31.03.21 15:01:59,1256.00,1270.00,1256.00,1270.00,375,722400,1221.56,1270.20,1279.90
31.03.21 15:02:59,1276.15,1284.45,1270.00,1270.00,450,722400,1221.78,1266.50,1275.60
31.03.21 15:03:59,1266.80,1266.80,1265.00,1265.00,300,722400,1221.90,1262.05,1274.70
31.03.21 15:04:59,1265.45,1270.00,1265.45,1267.05,225,721425,1221.99,1267.00,1272.10
31.03.21 15:05:59,1270.00,1270.00,1267.00,1267.05,300,721425,1222.10,1267.00,1274.75
31.03.21 15:06:59,1267.10,1270.00,1250.20,1250.20,525,721425,1222.27,1251.00,1260.70
31.03.21 15:07:59,1263.60,1263.60,1263.60,1263.60,525,721275,1222.45,1256.00,1257.55
31.03.21 15:08:59,1256.00,1256.00,1251.05,1255.00,2175,721275,1223.05,1249.40,1257.10
31.03.21 15:09:59,1251.00,1257.00,1251.00,1254.00,450,721275,1223.17,1254.00,1259.90
31.03.21 15:10:59,1254.00,1254.00,1245.00,1245.00,450,721650,1223.27,1251.25,1261.80
31.03.21 15:11:59,1255.00,1255.25,1253.65,1255.25,450,721650,1223.39,1260.00,1266.90
31.03.21 15:13:59,1265.00,1265.00,1262.00,1262.00,600,721650,1223.59,1261.00,1263.10
31.03.21 15:14:59,1261.00,1261.00,1258.00,1258.00,825,721650,1223.83,1258.00,1264.65
31.03.21 15:15:59,1264.00,1265.05,1264.00,1265.05,375,721650,1223.96,1265.30,1271.40
31.03.21 15:16:59,1265.00,1265.00,1261.35,1262.00,300,721800,1224.06,1261.00,1262.00
31.03.21 15:17:59,1261.00,1261.00,1260.00,1260.00,675,721800,1224.26,1257.10,1263.95
31.03.21 15:18:59,1260.00,1260.00,1260.00,1260.00,525,721800,1224.41,1258.10,1264.70
31.03.21 15:19:59,1262.00,1265.00,1260.05,1260.05,450,720900,1224.54,1260.55,1270.80
31.03.21 15:20:59,1262.55,1262.55,1260.00,1260.00,225,720900,1224.61,1258.40,1267.85
31.03.21 15:21:59,1263.00,1263.00,1263.00,1263.00,75,720900,1224.63,1259.00,1266.10
31.03.21 15:22:59,1259.05,1260.00,1259.05,1260.00,450,720675,1224.76,1259.05,1263.20
31.03.21 15:23:59,1259.95,1259.95,1259.95,1259.95,75,720675,1224.78,1259.10,1262.00
31.03.21 15:24:59,1259.10,1262.00,1259.10,1262.00,150,720675,1224.82,1257.10,1264.55
31.03.21 15:25:59,1257.10,1264.60,1257.05,1264.60,225,721125,1224.89,1257.05,1264.60
31.03.21 15:26:59,1257.00,1260.00,1257.00,1260.00,225,721125,1224.95,1256.70,1260.00
31.03.21 15:27:59,1260.00,1260.00,1260.00,1260.00,75,721125,1224.97,1256.00,1260.00
31.03.21 15:28:59,1258.30,1258.30,1258.00,1258.00,225,720975,1225.03,1256.00,1258.30
31.03.21 15:30:00,1257.00,1260.00,1253.00,1260.00,6450,720975,1226.66,1245.00,1256.35
01.04.21 09:15:59,1198.70,1198.75,1198.70,1198.75,150,725850,1198.72,1153.85,1186.15
01.04.21 09:16:59,1165.15,1165.15,1165.10,1165.15,300,725850,1176.33,1156.85,1165.30
01.04.21 09:17:59,1152.15,1155.00,1147.30,1155.00,1875,725175,1156.71,1147.50,1153.85
01.04.21 09:18:59,1150.00,1153.00,1150.00,1153.00,300,725175,1156.12,1145.10,1152.30
01.04.21 09:19:59,1148.15,1148.15,1145.10,1145.10,8025,725175,1147.87,1144.50,1145.10
01.04.21 09:20:59,1141.00,1147.00,1141.00,1147.00,6975,719025,1147.18,1151.30,1156.50
01.04.21 09:21:59,1154.00,1156.65,1145.80,1149.60,1725,719025,1147.81,1142.60,1147.70
01.04.21 09:22:59,1140.15,1140.15,1139.00,1139.00,450,719025,1147.65,1140.00,1143.60
01.04.21 09:23:59,1142.00,1144.00,1142.00,1144.00,4425,714750,1146.68,1144.20,1149.05
01.04.21 09:24:59,1144.00,1144.00,1140.05,1144.00,525,714750,1146.61,1143.70,1148.00
01.04.21 09:25:59,1147.00,1147.00,1147.00,1147.00,75,714750,1146.61,1144.45,1150.50
01.04.21 09:26:59,1156.00,1156.00,1156.00,1156.00,75,714000,1146.64,1152.75,1159.60
01.04.21 09:27:59,1159.00,1160.00,1158.00,1160.00,600,714000,1146.91,1159.05,1162.00
01.04.21 09:28:59,1160.55,1161.00,1157.25,1161.00,1125,714000,1147.48,1163.45,1166.00
01.04.21 09:29:59,1160.00,1160.00,1160.00,1160.00,75,713700,1147.52,1158.55,1159.00
01.04.21 09:30:59,1158.55,1158.75,1153.00,1158.75,1800,713700,1148.03,1156.05,1158.75
01.04.21 09:31:59,1158.75,1160.00,1157.95,1157.95,1125,713700,1148.45,1155.95,1157.95
01.04.21 09:32:59,1157.95,1160.75,1156.35,1160.75,2625,713025,1149.32,1156.55,1159.25
01.04.21 09:33:59,1155.00,1158.00,1154.25,1155.00,300,713025,1149.38,1152.70,1157.00
01.04.21 09:34:59,1153.10,1159.00,1153.10,1157.20,2550,713025,1149.99,1157.20,1159.00
01.04.21 09:35:59,1159.00,1159.00,1154.65,1156.00,1125,709950,1150.23,1157.85,1159.00
01.04.21 09:36:59,1160.20,1167.00,1160.00,1167.00,3225,709950,1151.25,1168.50,1175.05
01.04.21 09:37:59,1169.70,1170.00,1169.70,1170.00,300,709950,1151.39,1166.30,1175.25
01.04.21 09:38:59,1165.75,1165.75,1165.75,1165.75,75,707025,1151.42,1165.95,1170.00
01.04.21 09:39:59,1170.00,1170.00,1170.00,1170.00,150,707025,1151.49,1169.35,1173.95
01.04.21 09:40:59,1171.00,1172.90,1171.00,1171.45,2700,707025,1152.76,1170.90,1172.90
01.04.21 09:41:59,1171.00,1176.00,1171.00,1176.00,2475,704175,1153.85,1174.00,1180.00
01.04.21 09:42:59,1180.00,1183.45,1176.00,1183.45,1050,704175,1154.44,1176.05,1183.30
01.04.21 09:43:59,1180.00,1180.60,1174.05,1176.25,1575,704175,1155.23,1172.30,1177.00
01.04.21 09:44:59,1172.30,1174.00,1170.05,1172.00,825,701925,1155.50,1170.15,1172.00
01.04.21 09:45:59,1170.20,1176.90,1167.70,1176.10,1425,701925,1155.93,1173.20,1176.85
01.04.21 09:46:59,1170.00,1170.00,1170.00,1170.00,525,701925,1156.08,1170.00,1174.10
01.04.21 09:47:59,1170.05,1177.00,1170.05,1177.00,750,700800,1156.36,1176.50,1177.00
01.04.21 09:48:59,1177.00,1183.05,1177.00,1180.00,675,700800,1156.64,1176.00,1180.00
01.04.21 09:49:59,1179.50,1179.50,1172.05,1173.50,1425,700800,1157.15,1170.05,1176.05
01.04.21 09:50:59,1172.85,1172.85,1165.00,1165.00,1275,698325,1157.45,1164.95,1165.00
01.04.21 09:51:59,1165.00,1168.75,1165.00,1166.05,750,698325,1157.58,1160.85,1167.95
01.04.21 09:53:59,1169.95,1169.95,1169.95,1169.95,75,697275,1157.59,1165.35,1170.00
01.04.21 09:54:59,1169.00,1174.85,1169.00,1174.85,450,697275,1157.70,1171.85,1174.90
01.04.21 09:55:59,1174.90,1174.90,1173.90,1173.90,375,697275,1157.81,1169.70,1173.00
01.04.21 09:56:59,1173.00,1173.90,1170.40,1170.60,600,696525,1157.95,1170.00,1173.15
01.04.21 09:57:59,1170.00,1170.00,1168.00,1168.00,300,696525,1158.01,1161.75,1168.00
01.04.21 09:58:59,1163.05,1168.30,1163.05,1168.30,300,696525,1158.06,1163.00,1169.00
01.04.21 09:59:59,1166.00,1166.00,1163.00,1163.00,300,695550,1158.10,1160.80,1166.70
01.04.21 10:00:59,1166.70,1166.70,1166.00,1166.00,450,695550,1158.16,1158.75,1165.95
01.04.21 10:01:59,1162.00,1164.00,1159.00,1159.00,900,695550,1158.21,1155.85,1159.00
01.04.21 10:02:59,1159.00,1159.00,1159.00,1159.00,300,695550,1158.22,1164.60,1166.00
01.04.21 10:03:59,1166.00,1168.00,1166.00,1168.00,150,694725,1158.24,1161.90,1168.90
01.04.21 10:04:59,1162.00,1162.00,1162.00,1162.00,450,694725,1158.27,1162.05,1164.75
01.04.21 10:05:59,1164.75,1164.75,1164.75,1164.75,450,694725,1158.32,1160.85,1167.00
01.04.21 10:06:59,1164.00,1164.00,1164.00,1164.00,600,694200,1158.37,1157.95,1163.00
01.04.21 10:07:59,1162.00,1162.00,1161.00,1161.00,825,694200,1158.41,1160.70,1165.00
01.04.21 10:08:59,1163.00,1163.00,1163.00,1163.00,150,693375,1158.42,1159.95,1163.00
01.04.21 10:09:59,1163.00,1164.00,1160.00,1160.25,975,693375,1158.48,1162.85,1165.00
01.04.21 10:10:59,1165.00,1165.00,1165.00,1165.00,75,693375,1158.49,1164.70,1166.00
01.04.21 10:11:59,1165.00,1165.00,1162.00,1162.00,600,692250,1158.54,1162.00,1166.15
01.04.21 10:12:59,1162.00,1164.00,1162.00,1164.00,525,692250,1158.57,1163.05,1165.00
01.04.21 10:13:59,1163.15,1165.15,1163.15,1165.15,675,692250,1158.63,1165.50,1169.00
01.04.21 10:14:59,1168.00,1170.00,1168.00,1169.00,1125,691200,1158.81,1175.00,1178.50
01.04.21 10:15:59,1179.00,1179.00,1169.60,1173.25,450,691200,1158.92,1164.35,1172.55
01.04.21 10:16:59,1170.00,1170.00,1165.00,1165.00,1500,691200,1159.08,1163.95,1169.65
01.04.21 10:17:59,1165.00,1169.90,1165.00,1168.00,1950,689550,1159.25,1165.00,1169.85
01.04.21 10:18:59,1169.90,1169.90,1159.95,1159.95,5775,689550,1159.50,1161.60,1163.90
01.04.21 10:19:59,1163.00,1169.00,1162.95,1169.00,525,689550,1159.54,1168.65,1175.05
01.04.21 10:20:59,1173.95,1174.00,1173.95,1174.00,525,688650,1159.63,1174.00,1178.55
01.04.21 10:21:59,1175.00,1177.00,1171.70,1171.70,5025,688650,1160.69,1171.55,1175.00
01.04.21 10:22:59,1173.10,1173.10,1173.10,1173.10,75,688650,1160.70,1172.90,1177.00
01.04.21 10:24:59,1170.00,1172.00,1170.00,1172.00,150,684150,1160.72,1172.55,1176.00
01.04.21 10:25:59,1176.00,1176.00,1176.00,1176.00,75,684150,1160.73,1175.85,1180.00
01.04.21 10:26:59,1180.00,1180.00,1180.00,1180.00,75,684150,1160.75,1172.60,1175.00
01.04.21 10:27:59,1174.05,1178.95,1174.05,1178.95,150,683925,1160.78,1178.95,1179.00
01.04.21 10:28:59,1179.00,1185.00,1179.00,1185.00,375,683925,1160.87,1179.05,1187.20
01.04.21 10:29:59,1189.10,1189.10,1189.10,1189.10,375,683925,1160.99,1181.00,1185.00
01.04.21 10:30:59,1188.00,1199.00,1188.00,1199.00,600,683100,1161.23,1189.60,1197.05
01.04.21 10:31:59,1195.00,1195.00,1190.00,1190.00,225,683100,1161.31,1188.00,1193.80
01.04.21 10:32:59,1190.00,1190.00,1190.00,1190.00,75,682575,1161.33,1188.00,1191.95
01.04.21 10:33:59,1190.00,1190.00,1188.00,1188.00,150,682575,1161.38,1184.25,1189.10
01.04.21 10:34:59,1187.00,1187.00,1184.00,1184.00,225,682575,1161.45,1181.95,1185.00
01.04.21 10:35:59,1182.00,1182.00,1181.70,1181.70,150,682275,1161.48,1182.00,1185.00
01.04.21 10:36:59,1182.00,1186.00,1182.00,1186.00,300,682275,1161.56,1187.10,1192.85
01.04.21 10:37:59,1190.00,1193.00,1190.00,1191.00,225,682275,1161.64,1190.00,1194.90
01.04.21 10:38:59,1192.00,1192.00,1192.00,1192.00,75,682275,1161.67,1185.55,1192.75
01.04.21 10:39:59,1188.00,1188.00,1188.00,1188.00,75,681900,1161.69,1188.35,1190.00
01.04.21 10:40:59,1190.00,1193.00,1190.00,1192.00,450,681900,1161.85,1192.15,1199.10
01.04.21 10:41:59,1195.40,1195.40,1190.00,1190.00,525,681300,1162.05,1191.50,1197.65
01.04.21 10:42:59,1195.00,1195.00,1195.00,1195.00,75,681300,1162.07,1192.00,1197.00
01.04.21 10:43:59,1197.00,1197.00,1197.00,1197.00,75,681300,1162.10,1194.75,1199.00
01.04.21 10:44:59,1193.00,1197.00,1193.00,1197.00,150,681000,1162.16,1193.65,1199.85
01.04.21 10:45:59,1198.50,1200.00,1198.50,1200.00,300,681000,1162.29,1197.45,1203.45
01.04.21 10:46:59,1203.70,1207.95,1203.70,1207.95,300,681000,1162.44,1207.55,1218.10
01.04.21 10:47:59,1207.10,1208.10,1205.70,1205.70,525,681000,1162.71,1206.05,1208.00
01.04.21 10:48:59,1208.00,1211.85,1208.00,1211.85,1950,680325,1163.70,1212.40,1219.95
01.04.21 10:49:59,1212.20,1214.95,1210.35,1214.55,1200,680325,1164.35,1214.45,1220.00
01.04.21 10:50:59,1218.00,1218.00,1214.05,1215.00,900,680325,1164.86,1205.35,1209.00
01.04.21 10:51:59,1207.00,1207.00,1207.00,1207.00,225,679350,1164.96,1206.35,1212.10
01.04.21 10:54:59,1220.00,1220.00,1220.00,1220.00,75,679275,1165.00,1219.15,1228.70
01.04.21 10:55:59,1226.50,1226.50,1226.50,1226.50,375,679275,1165.25,1222.40,1232.25
01.04.21 10:57:59,1230.50,1230.50,1230.50,1230.50,75,678975,1165.31,1228.60,1234.95
01.04.21 10:59:59,1222.40,1222.40,1222.40,1222.40,75,679050,1165.35,1224.00,1233.00
01.04.21 11:01:59,1237.00,1237.00,1237.00,1237.00,525,679050,1165.76,1238.45,1247.95
01.04.21 11:04:59,1230.00,1230.00,1230.00,1230.00,75,678975,1165.81,1223.90,1230.00
01.04.21 11:05:59,1225.00,1225.00,1224.75,1224.75,150,678900,1165.90,1223.40,1229.80
01.04.21 11:06:59,1220.00,1220.00,1220.00,1220.00,75,678900,1165.95,1217.65,1220.00
01.04.21 11:07:59,1217.55,1217.55,1217.55,1217.55,75,678900,1165.99,1219.35,1222.00
01.04.21 11:08:59,1220.30,1224.65,1216.00,1224.65,450,678900,1166.26,1215.20,1224.40
01.04.21 11:11:59,1220.00,1220.00,1214.45,1216.10,375,678375,1166.46,1214.90,1219.95
01.04.21 11:12:59,1215.00,1215.00,1211.00,1211.00,525,678375,1166.72,1211.00,1212.00
01.04.21 11:13:59,1211.00,1211.00,1210.00,1210.00,225,678375,1166.82,1208.55,1209.00
01.04.21 11:14:59,1209.00,1212.00,1209.00,1212.00,1050,677850,1167.30,1205.65,1210.00
01.04.21 11:15:59,1205.65,1206.00,1205.00,1205.00,300,677850,1167.42,1207.00,1212.00
01.04.21 11:16:59,1210.00,1213.05,1210.00,1212.25,750,677850,1167.77,1212.45,1215.00
01.04.21 11:17:59,1212.00,1213.05,1212.00,1213.05,1725,676275,1168.55,1213.10,1215.00
01.04.21 11:18:59,1215.00,1219.50,1215.00,1219.50,1350,676275,1169.20,1215.25,1219.50
01.04.21 11:21:59,1212.00,1212.05,1211.00,1212.05,225,675375,1169.30,1212.05,1218.25
01.04.21 11:22:59,1214.75,1219.75,1214.75,1219.75,1725,675375,1170.10,1217.80,1219.75
01.04.21 11:23:59,1217.00,1219.75,1216.85,1218.00,1125,674025,1170.62,1216.15,1219.75
01.04.21 11:24:59,1219.00,1219.00,1218.00,1218.00,150,674025,1170.69,1216.00,1219.75
01.04.21 11:25:59,1217.05,1217.05,1217.00,1217.00,150,674025,1170.76,1214.85,1219.75
01.04.21 11:26:59,1216.10,1216.10,1215.40,1215.40,750,673650,1171.08,1215.15,1219.75
01.04.21 11:27:59,1220.00,1220.90,1220.00,1220.90,225,673650,1171.19,1220.00,1229.25
01.04.21 11:28:59,1225.00,1225.00,1225.00,1225.00,75,673650,1171.23,1220.00,1227.20
01.04.21 11:29:59,1220.00,1220.00,1220.00,1220.00,75,673650,1171.26,1215.05,1220.00
01.04.21 11:30:59,1215.00,1215.00,1215.00,1215.00,225,673425,1171.36,1208.50,1215.95
01.04.21 11:31:59,1210.00,1210.00,1210.00,1210.00,75,673425,1171.38,1210.00,1215.10
01.04.21 11:32:59,1210.05,1216.00,1210.05,1216.00,150,673125,1171.44,1214.80,1223.60
01.04.21 11:34:59,1216.00,1216.00,1216.00,1216.00,75,673125,1171.47,1212.70,1221.10
01.04.21 11:35:59,1215.25,1220.00,1215.25,1220.00,225,673200,1171.57,1216.50,1225.90
01.04.21 11:36:59,1216.00,1216.00,1216.00,1216.00,75,673200,1171.61,1208.50,1217.40
01.04.21 11:38:59,1210.45,1210.45,1210.45,1210.45,75,673200,1171.63,1210.00,1217.75
01.04.21 11:39:59,1215.00,1215.00,1215.00,1215.00,75,673200,1171.66,1214.00,1218.40
01.04.21 11:40:59,1212.00,1212.00,1212.00,1212.00,75,673200,1171.69,1208.40,1216.75
01.04.21 11:41:59,1210.00,1210.00,1210.00,1210.00,150,673200,1171.75,1207.95,1217.75
01.04.21 11:45:59,1210.00,1210.00,1210.00,1210.00,75,672975,1171.77,1204.75,1209.95
01.04.21 11:46:59,1193.00,1208.35,1193.00,1207.90,675,672975,1171.97,1208.05,1210.00
01.04.21 11:47:59,1210.00,1210.00,1210.00,1210.00,75,672975,1172.00,1209.75,1216.70
01.04.21 11:48:59,1210.00,1210.00,1210.00,1210.00,75,672600,1172.03,1210.00,1216.80
01.04.21 11:51:59,1212.00,1213.45,1212.00,1213.45,225,672600,1172.11,1211.75,1219.95
01.04.21 11:52:59,1203.15,1203.15,1199.45,1199.45,150,672600,1172.15,1185.80,1192.90
01.04.21 11:53:59,1191.40,1191.40,1191.40,1191.40,75,672600,1172.17,1191.85,1195.00
01.04.21 11:54:59,1191.85,1191.85,1191.85,1191.85,75,672375,1172.18,1189.25,1195.85
01.04.21 11:55:59,1185.00,1185.00,1184.90,1184.90,225,672375,1172.21,1182.70,1187.45
01.04.21 11:56:59,1190.00,1190.00,1190.00,1190.00,75,672375,1172.22,1189.20,1190.00
01.04.21 11:57:59,1187.95,1193.50,1187.95,1193.50,600,672075,1172.33,1193.40,1203.25
01.04.21 12:00:59,1190.20,1194.00,1190.20,1194.00,825,671925,1172.49,1193.30,1195.00
01.04.21 12:01:59,1193.00,1200.00,1193.00,1200.00,1725,671925,1172.88,1198.70,1205.80
01.04.21 12:02:59,1195.00,1195.00,1195.00,1195.00,75,671925,1172.89,1188.80,1195.70
01.04.21 12:03:59,1190.00,1190.00,1190.00,1190.00,750,670275,1173.01,1192.10,1198.95
01.04.21 12:04:59,1193.00,1193.00,1192.00,1192.00,150,670275,1173.04,1189.05,1194.95
01.04.21 12:06:59,1185.00,1185.00,1185.00,1185.00,1350,669825,1173.18,1185.35,1188.00
01.04.21 12:07:59,1183.00,1183.00,1183.00,1183.00,1050,669825,1173.27,1183.50,1186.00
01.04.21 12:08:59,1183.15,1183.15,1183.00,1183.00,450,669825,1173.31,1174.30,1181.00
01.04.21 12:09:59,1176.20,1176.20,1175.00,1175.00,525,669150,1173.32,1176.00,1180.55
01.04.21 12:10:59,1178.45,1178.45,1178.45,1178.45,75,669150,1173.32,1181.25,1187.50
01.04.21 12:12:59,1181.00,1181.00,1170.00,1170.00,825,669000,1173.32,1169.95,1177.40
01.04.21 12:13:59,1170.00,1170.00,1170.00,1170.00,75,669000,1173.31,1175.40,1181.75
01.04.21 12:14:59,1175.40,1180.00,1175.40,1180.00,150,669000,1173.32,1177.00,1182.90
01.04.21 12:16:59,1178.00,1186.65,1178.00,1186.65,225,668700,1173.33,1180.00,1182.00
01.04.21 12:17:59,1180.00,1180.00,1176.00,1176.00,375,668700,1173.35,1176.05,1182.05
01.04.21 12:18:59,1180.00,1180.00,1180.00,1180.00,75,668700,1173.35,1177.00,1178.00
01.04.21 12:19:59,1178.00,1180.00,1178.00,1180.00,150,668700,1173.36,1178.20,1186.15
01.04.21 12:20:59,1180.00,1185.00,1180.00,1185.00,225,668475,1173.38,1182.00,1187.90
01.04.21 12:21:59,1184.55,1185.65,1184.55,1185.00,225,668475,1173.40,1188.05,1190.00
01.04.21 12:22:59,1190.00,1194.00,1190.00,1194.00,600,668475,1173.49,1196.80,1196.85
01.04.21 12:23:59,1191.10,1191.10,1191.10,1191.10,75,668475,1173.51,1190.10,1195.00
01.04.21 12:24:59,1189.00,1189.00,1188.00,1188.00,375,668025,1173.55,1187.10,1188.00
01.04.21 12:25:59,1188.00,1188.00,1188.00,1188.00,150,668025,1173.57,1190.60,1195.10
01.04.21 12:26:59,1192.00,1195.20,1192.00,1195.20,300,668025,1173.62,1197.50,1203.00
01.04.21 12:28:59,1190.00,1190.00,1185.80,1185.80,150,667650,1173.64,1185.10,1192.55
01.04.21 12:30:59,1185.00,1186.00,1185.00,1186.00,600,667500,1173.70,1184.70,1187.00
01.04.21 12:33:59,1185.00,1185.00,1185.00,1185.00,75,667425,1173.71,1186.50,1187.00
01.04.21 12:34:59,1187.00,1188.00,1180.00,1180.00,900,667425,1173.80,1182.05,1188.65
01.04.21 12:35:59,1180.00,1180.00,1180.00,1180.00,750,667425,1173.84,1181.70,1187.10
01.04.21 12:37:59,1186.00,1188.00,1186.00,1188.00,375,667575,1173.88,1185.00,1188.00
01.04.21 12:39:59,1185.00,1186.00,1185.00,1186.00,225,667275,1173.90,1184.25,1186.00
01.04.21 12:40:59,1186.00,1190.00,1186.00,1190.00,750,667275,1174.00,1187.35,1190.95
01.04.21 12:41:59,1187.45,1187.45,1187.45,1187.45,75,666900,1174.00,1188.40,1191.00
01.04.21 12:42:59,1188.35,1188.35,1188.00,1188.00,225,666900,1174.03,1185.65,1190.90
01.04.21 12:43:59,1187.10,1187.10,1187.10,1187.10,75,666900,1174.04,1184.70,1190.90
01.04.21 12:44:59,1181.75,1181.75,1181.75,1181.75,75,666900,1174.04,1180.15,1186.95
01.04.21 12:45:59,1180.00,1182.05,1180.00,1182.05,150,666825,1174.05,1184.15,1186.95
01.04.21 12:46:59,1187.00,1195.00,1187.00,1195.00,2625,666825,1174.40,1190.00,1194.95
01.04.21 12:47:59,1190.05,1190.05,1190.05,1190.05,75,666825,1174.41,1190.00,1194.90
01.04.21 12:48:59,1190.00,1190.00,1187.40,1187.40,150,666150,1174.43,1186.80,1188.00
01.04.21 12:49:59,1188.00,1190.00,1188.00,1188.90,300,666150,1174.46,1188.80,1195.90
01.04.21 12:50:59,1188.90,1188.90,1185.00,1185.00,150,666150,1174.48,1184.35,1190.00
01.04.21 12:51:59,1180.70,1180.70,1180.70,1180.70,75,665625,1174.48,1182.20,1185.00
01.04.21 12:52:59,1180.00,1180.00,1176.00,1176.00,825,665625,1174.50,1177.10,1180.00
01.04.21 12:53:59,1178.00,1178.00,1177.10,1177.10,300,665625,1174.50,1174.45,1179.95
01.04.21 12:55:59,1170.00,1171.00,1170.00,1170.20,375,665475,1174.49,1165.80,1169.95
01.04.21 12:56:59,1160.00,1160.00,1160.00,1160.00,75,665475,1174.48,1157.15,1164.35
01.04.21 12:58:59,1151.55,1151.55,1151.55,1151.55,75,665250,1174.47,1155.40,1159.00
01.04.21 13:00:59,1159.00,1159.00,1151.50,1151.70,675,665250,1174.36,1151.60,1159.40
01.04.21 13:01:59,1153.45,1153.45,1152.00,1152.00,300,665250,1174.31,1155.80,1161.95
01.04.21 13:02:59,1157.65,1162.00,1157.65,1162.00,375,665250,1174.26,1159.95,1165.95
01.04.21 13:03:59,1160.05,1160.05,1160.05,1160.05,75,664950,1174.25,1162.05,1169.10
01.04.21 13:04:59,1162.00,1162.00,1162.00,1162.00,75,664950,1174.25,1152.00,1158.35
01.04.21 13:05:59,1152.00,1154.15,1151.35,1154.15,525,664950,1174.16,1153.10,1155.00
01.04.21 13:06:59,1155.00,1155.00,1155.00,1155.00,75,664950,1174.15,1154.05,1156.00
01.04.21 13:07:59,1151.15,1151.15,1150.00,1150.00,1200,664575,1173.94,1147.00,1150.55
01.04.21 13:08:59,1147.00,1147.00,1145.00,1147.00,225,664575,1173.89,1148.00,1151.00
01.04.21 13:09:59,1148.00,1148.00,1144.20,1144.20,150,663225,1173.86,1143.15,1149.35
01.04.21 13:10:59,1142.00,1144.00,1142.00,1143.65,600,663225,1173.72,1143.70,1145.00
01.04.21 13:11:59,1144.15,1149.00,1144.15,1146.10,825,663225,1173.55,1147.05,1150.00
01.04.21 13:12:59,1147.00,1147.00,1142.00,1146.80,2475,662400,1172.97,1143.85,1149.85
01.04.21 13:13:59,1145.00,1145.00,1145.00,1145.00,75,662400,1172.96,1146.20,1150.00
01.04.21 13:14:59,1145.00,1145.25,1132.00,1133.25,1725,662400,1172.53,1123.10,1129.20
01.04.21 13:15:59,1122.00,1122.00,1100.00,1103.35,1200,662175,1171.94,1100.50,1109.70
01.04.21 13:16:59,1102.25,1102.25,1095.00,1095.00,750,662175,1171.55,1092.75,1099.55
01.04.21 13:19:59,1094.05,1095.00,1092.00,1092.00,525,660600,1171.26,1092.00,1099.40
01.04.21 13:20:59,1092.50,1104.00,1092.50,1104.00,225,660600,1171.14,1099.70,1105.95
01.04.21 13:21:59,1101.00,1101.00,1101.00,1101.00,525,660900,1170.88,1094.90,1099.95
01.04.21 13:22:59,1092.00,1092.00,1090.05,1090.05,675,660900,1170.50,1082.00,1089.95
01.04.21 13:23:59,1089.95,1089.95,1082.15,1082.15,300,660900,1170.32,1085.05,1090.00
01.04.21 13:24:59,1085.00,1085.00,1085.00,1085.00,150,661650,1170.23,1084.75,1089.00
01.04.21 13:25:59,1085.00,1085.00,1082.00,1082.00,225,661650,1170.09,1076.70,1084.35
01.04.21 13:26:59,1080.00,1080.65,1080.00,1080.05,225,661650,1169.95,1080.00,1085.10
01.04.21 13:27:59,1080.00,1080.00,1076.50,1076.50,150,661425,1169.85,1075.00,1081.65
01.04.21 13:28:59,1080.00,1080.00,1080.00,1080.00,150,661425,1169.76,1078.35,1087.50
01.04.21 13:29:59,1070.00,1086.00,1070.00,1086.00,1725,661425,1168.66,1084.85,1088.05
01.04.21 13:30:59,1084.85,1093.20,1080.00,1085.50,1875,660525,1167.61,1093.10,1095.80
01.04.21 13:31:59,1095.80,1098.90,1095.80,1097.10,675,660525,1167.28,1096.25,1100.00
01.04.21 13:32:59,1096.75,1100.00,1096.75,1100.00,300,660525,1167.15,1094.15,1100.00
01.04.21 13:33:59,1097.00,1097.00,1096.05,1097.00,750,660300,1166.79,1092.70,1097.00
01.04.21 13:34:59,1095.00,1095.00,1090.00,1090.00,1425,660300,1166.09,1095.05,1103.30
01.04.21 13:35:59,1092.00,1096.50,1090.00,1091.45,1125,660300,1165.55,1091.65,1094.95
01.04.21 13:36:59,1089.95,1090.15,1089.95,1090.10,2025,659550,1164.56,1090.25,1099.30
01.04.21 13:37:59,1090.55,1091.20,1090.55,1091.20,450,659550,1164.34,1090.00,1097.20
01.04.21 13:38:59,1090.00,1095.00,1090.00,1090.30,675,659550,1164.02,1090.05,1099.50
01.04.21 13:39:59,1091.55,1095.00,1090.00,1095.00,300,659250,1163.88,1090.00,1096.70
01.04.21 13:40:59,1090.00,1090.00,1080.00,1080.00,750,659250,1163.48,1075.20,1084.25
01.04.21 13:41:59,1075.05,1080.15,1070.00,1070.00,1425,659250,1162.71,1076.15,1081.90
01.04.21 13:42:59,1076.15,1078.65,1076.15,1078.65,600,658650,1162.39,1082.20,1087.85
01.04.21 13:43:59,1077.65,1085.05,1077.65,1082.95,1425,658650,1161.67,1083.65,1090.50
01.04.21 13:44:59,1085.00,1085.00,1085.00,1085.00,300,658650,1161.52,1086.75,1093.10
01.04.21 13:45:59,1086.00,1088.00,1084.95,1085.00,975,658575,1161.06,1083.10,1091.10
01.04.21 13:46:59,1090.00,1090.35,1090.00,1090.35,150,658575,1160.99,1089.05,1095.55
01.04.21 13:49:59,1085.00,1085.00,1085.00,1085.00,75,659175,1160.96,1082.65,1087.00
01.04.21 13:50:59,1087.00,1087.00,1087.00,1087.00,75,659175,1160.92,1085.60,1091.85
01.04.21 13:51:59,1085.90,1090.00,1085.90,1090.00,150,659175,1160.85,1087.00,1093.95
01.04.21 13:52:59,1095.00,1095.00,1095.00,1095.00,75,659175,1160.82,1092.85,1097.95
01.04.21 13:53:59,1098.00,1102.85,1097.95,1100.00,1350,659175,1160.31,1100.90,1107.75
01.04.21 13:54:59,1105.30,1105.30,1100.00,1100.00,225,659325,1160.23,1093.95,1099.95
01.04.21 13:55:59,1099.00,1100.00,1097.00,1100.00,825,659325,1159.91,1094.30,1100.90
01.04.21 13:58:59,1095.00,1097.50,1095.00,1097.50,375,660000,1159.77,1094.05,1100.55
01.04.21 13:59:59,1098.40,1098.40,1098.40,1098.40,75,660000,1159.74,1093.55,1099.60
01.04.21 14:00:59,1090.00,1090.00,1090.00,1090.00,525,659850,1159.52,1092.30,1097.95
01.04.21 14:01:59,1090.00,1090.00,1090.00,1090.00,825,659850,1159.17,1086.00,1094.95
01.04.21 14:05:59,1087.00,1087.00,1085.00,1085.00,150,659775,1159.11,1080.00,1084.95
01.04.21 14:06:59,1080.00,1087.85,1080.00,1087.85,150,659550,1159.04,1077.85,1087.65
01.04.21 14:07:59,1085.00,1085.00,1080.30,1080.30,300,659550,1158.90,1080.00,1089.25
01.04.21 14:09:59,1082.00,1082.00,1080.00,1080.00,225,659475,1158.79,1071.70,1080.00
01.04.21 14:10:59,1070.00,1070.00,1070.00,1070.00,75,659475,1158.75,1062.65,1072.95
01.04.21 14:11:59,1070.00,1074.00,1069.95,1074.00,600,659475,1158.44,1066.80,1074.95
01.04.21 14:12:59,1071.80,1073.00,1071.80,1073.00,225,659325,1158.32,1069.80,1074.00
01.04.21 14:13:59,1073.95,1075.00,1073.95,1075.00,225,659325,1158.21,1070.05,1076.00
01.04.21 14:14:59,1069.90,1069.90,1064.05,1064.05,975,659325,1157.69,1060.50,1071.55
01.04.21 14:16:59,1061.00,1066.00,1060.00,1066.00,2700,659400,1156.18,1055.55,1066.75
01.04.21 14:19:59,1060.00,1060.00,1060.00,1060.00,75,659325,1156.14,1050.05,1059.30
01.04.21 14:20:59,1060.15,1060.15,1060.15,1060.15,75,659325,1156.09,1050.35,1059.00
01.04.21 14:22:59,1055.00,1055.00,1055.00,1055.00,1575,659175,1155.17,1051.35,1062.70
01.04.21 14:23:59,1062.30,1062.30,1062.30,1062.30,75,659175,1155.13,1053.60,1064.20
01.04.21 14:24:59,1051.05,1051.05,1051.00,1051.00,150,659100,1155.04,1050.00,1054.70
01.04.21 14:27:59,1055.00,1055.00,1055.00,1055.00,150,658950,1154.95,1050.05,1060.30
01.04.21 14:28:59,1060.00,1060.00,1060.00,1060.00,75,658950,1154.91,1050.00,1056.70
01.04.21 14:29:59,1050.00,1055.00,1049.95,1050.00,2625,658950,1153.36,1050.50,1055.00
01.04.21 14:30:59,1055.00,1056.70,1055.00,1056.70,750,658575,1152.94,1055.65,1065.30
01.04.21 14:31:59,1066.45,1066.45,1055.00,1055.00,1500,658575,1152.12,1050.35,1058.60
01.04.21 14:32:59,1055.05,1055.60,1055.00,1055.60,825,658575,1151.66,1049.85,1057.40
01.04.21 14:33:59,1050.05,1051.90,1050.05,1051.90,225,657975,1151.53,1050.00,1054.95
01.04.21 14:34:59,1050.00,1050.00,1040.00,1040.00,300,657975,1151.35,1036.50,1048.40
01.04.21 14:35:59,1049.00,1049.00,1049.00,1049.00,75,657975,1151.31,1041.05,1051.20
01.04.21 14:36:59,1045.00,1045.00,1045.00,1045.00,75,657750,1151.26,1045.00,1051.55
01.04.21 14:37:59,1045.05,1045.05,1045.00,1045.00,525,657750,1150.95,1041.55,1049.95
01.04.21 14:38:59,1045.00,1045.00,1040.00,1045.00,1275,657750,1150.20,1039.65,1048.00
01.04.21 14:39:59,1040.45,1040.45,1040.25,1040.25,150,657450,1150.11,1040.05,1047.95
01.04.21 14:40:59,1040.00,1040.00,1039.90,1040.00,975,657450,1149.52,1036.10,1040.00
01.04.21 14:41:59,1036.05,1043.00,1036.05,1043.00,3075,657450,1147.68,1045.15,1053.75
01.04.21 14:42:59,1054.00,1055.00,1054.00,1055.00,375,658350,1147.49,1050.05,1059.45
01.04.21 14:43:59,1054.55,1060.95,1054.55,1056.50,1425,658350,1146.79,1052.00,1055.00
01.04.21 14:44:59,1055.00,1055.00,1055.00,1055.00,150,658350,1146.72,1054.50,1059.90
01.04.21 14:45:59,1059.90,1062.00,1059.90,1060.00,1200,659175,1146.17,1058.00,1060.00
01.04.21 14:46:59,1055.05,1058.00,1055.00,1055.00,225,659175,1146.06,1057.25,1062.75
01.04.21 14:47:59,1057.00,1060.00,1057.00,1060.00,150,659175,1145.99,1055.05,1059.85
01.04.21 14:48:59,1056.00,1056.00,1050.00,1054.00,450,658875,1145.77,1048.15,1055.90
01.04.21 14:49:59,1050.00,1050.00,1045.00,1045.00,150,658875,1145.69,1041.20,1051.70
01.04.21 14:50:59,1050.30,1050.30,1040.05,1040.05,300,658875,1145.53,1040.05,1044.15
01.04.21 14:51:59,1044.15,1044.15,1040.00,1040.05,1500,658425,1144.72,1040.00,1047.65
01.04.21 14:52:59,1048.00,1048.00,1048.00,1048.00,975,658425,1144.23,1045.05,1048.00
01.04.21 14:53:59,1048.00,1050.00,1048.00,1050.00,225,658425,1144.12,1046.85,1055.00
01.04.21 14:54:59,1054.90,1054.90,1054.90,1054.90,75,658350,1144.08,1050.00,1054.90
01.04.21 14:55:59,1054.90,1059.75,1054.80,1059.75,1200,658350,1143.55,1056.00,1059.75
01.04.21 14:56:59,1054.00,1054.00,1054.00,1054.00,75,658350,1143.51,1044.05,1050.00
01.04.21 14:57:59,1044.95,1052.00,1044.95,1052.00,1050,659175,1142.98,1049.15,1054.00
01.04.21 14:58:59,1048.30,1053.00,1048.30,1051.00,825,659175,1142.60,1047.40,1051.00
01.04.21 14:59:59,1051.00,1052.00,1050.00,1050.00,900,659175,1142.18,1050.70,1056.00
01.04.21 15:00:59,1056.00,1060.00,1056.00,1060.00,600,660375,1141.92,1053.25,1063.30
01.04.21 15:01:59,1050.00,1050.00,1050.00,1050.00,150,660375,1141.85,1044.95,1055.00
01.04.21 15:03:59,1048.00,1050.00,1044.00,1050.00,900,660225,1141.41,1050.00,1053.00
01.04.21 15:04:59,1050.00,1050.00,1050.00,1050.00,75,660225,1141.38,1044.45,1050.00
01.04.21 15:05:59,1050.00,1050.00,1050.00,1050.00,150,660225,1141.31,1048.45,1053.00
01.04.21 15:06:59,1053.00,1053.00,1053.00,1053.00,600,660450,1141.04,1048.10,1053.00
01.04.21 15:07:59,1053.00,1053.00,1052.95,1052.95,1725,660450,1140.28,1050.45,1055.00
01.04.21 15:08:59,1055.00,1055.00,1055.00,1055.00,75,660450,1140.25,1050.00,1060.85
01.04.21 15:09:59,1056.00,1056.00,1050.00,1050.00,600,660300,1139.98,1048.05,1054.45
01.04.21 15:11:59,1049.50,1049.50,1049.50,1049.50,75,660300,1139.95,1040.00,1044.00
01.04.21 15:12:59,1044.00,1044.00,1044.00,1044.00,75,660525,1139.91,1040.00,1044.00
01.04.21 15:13:59,1040.00,1040.00,1040.00,1040.00,825,660525,1139.50,1040.15,1046.50
01.04.21 15:14:59,1046.50,1047.00,1046.50,1047.00,375,660525,1139.33,1041.90,1047.00
01.04.21 15:15:59,1045.00,1045.00,1040.00,1040.00,10575,659850,1134.41,1038.15,1040.00
01.04.21 15:16:59,1040.00,1041.95,1035.00,1038.00,4425,659850,1132.42,1040.00,1042.95
01.04.21 15:17:59,1040.00,1045.05,1040.00,1045.00,1050,659850,1132.00,1045.00,1048.95
01.04.21 15:18:59,1045.00,1050.00,1045.00,1050.00,1125,655800,1131.57,1049.50,1057.00
01.04.21 15:19:59,1050.00,1061.25,1050.00,1061.25,300,655800,1131.47,1055.60,1060.00
01.04.21 15:20:59,1058.95,1059.00,1058.95,1059.00,225,655800,1131.40,1053.30,1059.00
01.04.21 15:21:59,1059.00,1059.00,1055.00,1059.00,450,655575,1131.25,1055.05,1059.00
01.04.21 15:22:59,1055.00,1058.00,1055.00,1058.00,375,655575,1131.12,1051.90,1057.90
01.04.21 15:23:59,1057.90,1059.00,1054.70,1058.00,1875,655575,1130.50,1055.25,1059.00
01.04.21 15:24:59,1059.00,1067.60,1059.00,1065.00,1050,655575,1130.18,1063.55,1065.00
01.04.21 15:25:59,1065.00,1066.00,1065.00,1066.00,150,655425,1130.14,1066.00,1069.00
01.04.21 15:26:59,1066.20,1069.00,1066.20,1069.00,1050,655425,1129.85,1067.20,1077.30
01.04.21 15:28:59,1071.55,1071.70,1070.65,1071.05,675,655125,1129.67,1075.00,1078.45
01.04.21 15:30:00,1075.00,1075.00,1071.00,1071.00,525,655125,1129.54,1070.00,1077.00
05.04.21 09:15:59,1130.00,1157.80,1130.00,1150.00,600,654300,1139.39,1149.15,1158.15
05.04.21 09:16:59,1165.00,1165.00,1165.00,1165.00,75,654300,1142.23,1167.55,1176.45
05.04.21 09:17:59,1169.05,1175.00,1169.05,1175.00,450,654300,1153.95,1172.70,1181.25
05.04.21 09:19:59,1178.00,1178.00,1176.00,1176.00,225,654300,1157.73,1174.95,1180.00
05.04.21 09:20:59,1180.00,1180.00,1180.00,1180.00,1050,654150,1167.47,1186.40,1195.10
05.04.21 09:21:59,1190.50,1192.00,1190.50,1192.00,2100,654150,1178.24,1180.00,1187.40
05.04.21 09:22:59,1180.00,1180.00,1174.40,1174.40,150,654150,1178.21,1175.10,1182.00
05.04.21 09:23:59,1175.00,1175.00,1175.00,1175.00,75,651150,1178.16,1171.80,1180.90
05.04.21 09:24:59,1175.70,1178.00,1175.70,1178.00,300,651150,1178.04,1171.00,1176.85
05.04.21 09:25:59,1182.00,1182.00,1182.00,1182.00,150,651150,1178.16,1171.05,1178.45
05.04.21 09:26:59,1175.00,1175.00,1175.00,1175.00,300,651075,1177.99,1171.05,1175.00
05.04.21 09:27:59,1175.00,1175.00,1171.00,1171.80,675,651075,1177.42,1159.20,1164.00
05.04.21 09:28:59,1160.00,1160.00,1160.00,1160.00,75,651075,1177.21,1160.00,1162.30
05.04.21 09:29:59,1162.30,1162.30,1162.30,1162.30,75,0,1177.04,1162.70,1171.20
05.04.21 09:30:59,1180.00,1190.00,1180.00,1190.00,375,650025,1177.51,1183.75,1190.45
05.04.21 09:31:59,1189.25,1189.25,1189.25,1189.25,75,650025,1177.64,1175.70,1182.05
05.04.21 09:32:59,1175.00,1175.00,1175.00,1175.00,300,650025,1177.52,1159.35,1167.00
05.04.21 09:34:59,1185.00,1185.00,1185.00,1185.00,150,650025,1177.68,1183.55,1190.50
05.04.21 09:35:59,1190.50,1190.50,1190.00,1190.00,300,649725,1178.18,1182.05,1190.05
05.04.21 09:36:59,1189.85,1189.85,1182.15,1185.90,375,649725,1178.58,1179.90,1185.90
05.04.21 09:38:59,1175.10,1175.10,1175.10,1175.10,75,649500,1178.55,1175.00,1178.85
05.04.21 09:39:59,1180.10,1194.30,1180.10,1194.30,450,649500,1179.14,1189.25,1196.95
05.04.21 09:40:59,1191.20,1191.20,1191.20,1191.20,75,649500,1179.25,1179.85,1186.45
05.04.21 09:41:59,1187.00,1189.00,1180.00,1180.00,750,649500,1179.83,1175.00,1180.05
05.04.21 09:42:59,1179.00,1179.00,1179.00,1179.00,525,649500,1179.79,1177.05,1184.35
05.04.21 09:43:59,1175.00,1177.00,1175.00,1175.00,375,649500,1179.63,1169.85,1175.10
05.04.21 09:46:59,1176.50,1181.00,1176.50,1181.00,675,648900,1179.65,1171.15,1179.00
05.04.21 09:47:59,1179.00,1179.00,1179.00,1179.00,75,648900,1179.65,1180.75,1187.90
05.04.21 09:49:59,1185.00,1185.00,1185.00,1185.00,525,648900,1179.89,1185.90,1192.30
05.04.21 09:50:59,1190.00,1190.00,1190.00,1190.00,75,648900,1179.96,1183.70,1190.30
05.04.21 09:54:59,1188.00,1208.00,1188.00,1208.00,1425,648900,1181.81,1202.65,1210.85
05.04.21 09:55:59,1216.20,1216.20,1216.20,1216.20,75,648900,1182.01,1214.00,1220.00
05.04.21 09:56:59,1220.00,1220.00,1220.00,1220.00,75,648900,1182.22,1225.65,1234.35
05.04.21 09:57:59,1254.00,1258.40,1254.00,1258.40,900,648975,1186.55,1262.95,1269.00
05.04.21 09:58:59,1265.00,1265.00,1260.70,1260.70,150,648975,1187.36,1258.80,1267.60
05.04.21 09:59:59,1260.60,1279.75,1260.60,1279.75,750,649125,1191.76,1287.40,1298.30
05.04.21 10:00:59,1300.00,1341.60,1300.00,1341.60,525,649125,1195.87,1317.75,1326.35
05.04.21 10:01:59,1320.35,1320.35,1312.20,1312.20,225,649125,1197.58,1326.90,1337.70
05.04.21 10:02:59,1349.95,1383.90,1349.95,1383.45,300,649125,1200.90,1366.70,1378.15
05.04.21 10:03:59,1371.35,1371.35,1350.00,1362.25,300,649125,1203.82,1361.70,1368.00
05.04.21 10:04:59,1362.00,1365.40,1350.00,1350.00,1200,649125,1214.55,1347.30,1355.60
05.04.21 10:05:59,1360.00,1365.00,1360.00,1361.70,750,649125,1220.60,1358.85,1362.00
05.04.21 10:06:59,1362.00,1366.60,1362.00,1363.00,375,649125,1223.51,1363.00,1364.90
05.04.21 10:07:59,1363.00,1363.00,1340.00,1340.00,450,649125,1226.48,1343.05,1352.05
05.04.21 10:08:59,1342.05,1350.00,1342.05,1350.00,675,648825,1230.56,1343.55,1350.00
05.04.21 10:09:59,1350.00,1352.20,1350.00,1351.75,450,648825,1233.24,1350.45,1358.95
05.04.21 10:10:59,1355.00,1355.00,1346.00,1355.00,1425,648825,1241.14,1354.50,1359.00
05.04.21 10:11:59,1359.00,1375.45,1359.00,1375.45,450,648675,1243.67,1377.75,1385.10
05.04.21 10:12:59,1380.00,1399.95,1380.00,1395.00,675,648675,1248.15,1388.20,1396.60
05.04.21 10:13:59,1390.40,1402.25,1390.40,1402.00,450,648675,1251.10,1402.00,1405.55
05.04.21 10:14:59,1402.00,1402.00,1395.00,1399.55,600,648375,1254.84,1388.00,1392.65
05.04.21 10:15:59,1395.00,1421.25,1395.00,1421.25,825,648375,1259.84,1422.05,1433.35
05.04.21 10:16:59,1430.00,1442.55,1430.00,1430.65,1650,648375,1270.70,1429.20,1439.40
05.04.21 10:17:59,1427.90,1459.25,1427.90,1459.25,4575,648375,1295.98,1460.10,1471.65
05.04.21 10:18:59,1460.00,1460.00,1454.45,1459.95,675,648375,1299.49,1448.85,1459.75
05.04.21 10:19:59,1460.10,1472.10,1460.10,1470.00,600,648375,1302.61,1469.65,1477.60
05.04.21 10:20:59,1465.00,1465.00,1450.80,1450.80,225,648000,1303.69,1447.70,1450.00
05.04.21 10:21:59,1450.00,1461.55,1444.10,1461.55,450,648000,1305.74,1458.60,1466.10
05.04.21 10:22:59,1460.00,1460.00,1450.00,1450.00,225,648000,1306.76,1433.05,1442.40
05.04.21 10:23:59,1437.80,1441.20,1410.50,1410.50,900,648000,1309.88,1417.85,1422.40
05.04.21 10:24:59,1415.20,1415.65,1409.40,1415.00,1350,648000,1313.75,1412.65,1421.00
05.04.21 10:25:59,1400.00,1408.00,1395.50,1408.00,675,648000,1315.41,1399.25,1411.00
05.04.21 10:26:59,1404.50,1421.00,1404.50,1421.00,375,648600,1316.44,1421.40,1430.35
05.04.21 10:27:59,1420.20,1420.20,1420.20,1420.20,75,648600,1316.65,1413.45,1420.00
05.04.21 10:28:59,1404.55,1405.00,1404.55,1405.00,150,648600,1317.01,1402.55,1411.50
05.04.21 10:29:59,1405.00,1405.00,1405.00,1405.00,75,648525,1317.19,1404.05,1411.00
05.04.21 10:30:59,1411.00,1428.15,1411.00,1425.05,525,648525,1318.69,1428.15,1438.30
05.04.21 10:31:59,1430.00,1430.00,1425.00,1425.00,150,648525,1319.13,1425.20,1437.40
05.04.21 10:32:59,1436.05,1436.05,1435.00,1435.00,150,648825,1319.60,1432.85,1442.60
05.04.21 10:33:59,1430.00,1430.00,1430.00,1430.00,75,648825,1319.82,1439.05,1449.70
05.04.21 10:34:59,1442.00,1442.35,1438.65,1438.65,300,648825,1320.78,1436.40,1446.30
05.04.21 10:35:59,1435.00,1438.55,1435.00,1438.55,225,648825,1321.47,1433.30,1435.00
05.04.21 10:36:59,1434.95,1434.95,1419.55,1425.00,975,649125,1324.04,1422.55,1429.95
05.04.21 10:37:59,1422.00,1423.00,1420.00,1420.00,750,649125,1325.88,1415.25,1424.90
05.04.21 10:38:59,1420.00,1420.00,1414.00,1414.00,300,649125,1326.55,1412.95,1420.00
05.04.21 10:39:59,1413.65,1425.80,1413.65,1425.80,450,649125,1327.59,1424.90,1435.35
05.04.21 10:40:59,1438.00,1442.85,1438.00,1442.85,225,649125,1328.21,1438.30,1445.55
05.04.21 10:41:59,1437.65,1437.65,1429.65,1429.65,375,649125,1329.17,1428.10,1434.35
05.04.21 10:42:59,1425.00,1425.00,1425.00,1425.00,300,649125,1329.86,1432.40,1438.00
05.04.21 10:43:59,1430.00,1435.00,1430.00,1430.00,525,649125,1331.15,1427.45,1437.20
05.04.21 10:44:59,1428.75,1430.00,1428.75,1430.00,300,649125,1331.85,1431.55,1438.00
05.04.21 10:45:59,1430.40,1438.00,1430.40,1438.00,150,649125,1332.21,1434.40,1445.65
05.04.21 10:46:59,1435.40,1437.90,1430.60,1437.90,300,649125,1332.93,1432.65,1442.45
05.04.21 10:47:59,1433.20,1433.20,1433.20,1433.20,75,649275,1333.11,1437.65,1440.00
05.04.21 10:48:59,1440.00,1440.00,1435.00,1435.00,225,649275,1333.65,1432.75,1440.90
05.04.21 10:49:59,1432.00,1432.00,1430.00,1430.00,150,649275,1333.99,1427.45,1435.45
05.04.21 10:50:59,1430.00,1439.55,1430.00,1432.00,300,649500,1334.68,1430.50,1439.15
05.04.21 10:51:59,1430.00,1435.00,1430.00,1435.00,225,649500,1335.18,1423.10,1431.70
05.04.21 10:52:59,1423.10,1423.10,1423.05,1423.05,150,649500,1335.48,1417.45,1425.00
05.04.21 10:53:59,1420.00,1420.00,1415.00,1415.00,225,649275,1335.91,1415.75,1420.00
05.04.21 10:54:59,1417.50,1420.00,1417.50,1419.45,450,649275,1336.75,1415.05,1419.95
05.04.21 10:55:59,1419.95,1425.00,1419.95,1425.00,525,649275,1337.74,1424.00,1432.10
05.04.21 10:56:59,1424.00,1424.05,1422.00,1424.00,450,649350,1338.59,1423.60,1431.75
05.04.21 10:57:59,1430.00,1430.00,1430.00,1430.00,675,649350,1339.92,1424.15,1427.95
05.04.21 10:58:59,1427.95,1427.95,1427.25,1427.25,375,649350,1340.63,1421.05,1427.95
05.04.21 10:59:59,1428.00,1428.00,1426.70,1426.70,2250,649350,1344.61,1426.00,1429.85
05.04.21 11:00:59,1426.00,1434.70,1425.15,1434.70,300,649575,1345.13,1434.40,1443.05
05.04.21 11:01:59,1440.00,1445.00,1440.00,1445.00,825,649575,1346.76,1436.40,1443.35
05.04.21 11:03:59,1449.95,1459.60,1449.95,1459.60,150,646800,1347.08,1462.25,1470.00
05.04.21 11:04:59,1459.95,1459.95,1451.50,1451.50,225,646800,1347.57,1451.60,1455.00
05.04.21 11:05:59,1455.60,1456.25,1450.00,1451.40,525,646125,1348.66,1452.45,1455.00
05.04.21 11:06:59,1452.45,1452.65,1450.00,1452.65,525,646125,1349.71,1450.35,1457.00
05.04.21 11:07:59,1450.00,1450.00,1442.00,1442.00,150,646125,1349.99,1444.10,1450.00
05.04.21 11:08:59,1445.00,1455.00,1445.00,1455.00,225,646200,1350.43,1455.95,1466.70
05.04.21 11:09:59,1455.00,1460.00,1455.00,1460.00,375,646200,1351.21,1457.60,1467.25
05.04.21 11:10:59,1460.00,1470.00,1460.00,1470.00,225,646200,1351.71,1462.20,1471.50
05.04.21 11:11:59,1470.00,1488.80,1470.00,1488.80,450,645900,1352.76,1488.60,1495.10
05.04.21 11:12:59,1490.00,1498.50,1490.00,1495.00,975,645900,1355.33,1496.55,1499.95
05.04.21 11:13:59,1494.95,1494.95,1477.75,1477.75,375,645900,1356.28,1478.30,1484.65
05.04.21 11:14:59,1480.00,1480.00,1480.00,1480.00,75,645900,1356.45,1485.30,1492.05
05.04.21 11:15:59,1490.00,1497.75,1484.00,1484.00,675,645975,1358.11,1480.20,1484.00
05.04.21 11:16:59,1482.05,1487.55,1482.05,1487.55,150,645975,1358.46,1483.05,1489.60
05.04.21 11:17:59,1483.00,1483.00,1483.00,1483.00,75,645975,1358.63,1471.30,1475.00
05.04.21 11:18:59,1470.00,1475.00,1470.00,1475.00,750,646050,1360.13,1464.95,1469.00
05.04.21 11:19:59,1460.35,1468.00,1460.00,1468.00,525,646050,1361.09,1467.40,1475.85
05.04.21 11:20:59,1461.45,1465.00,1460.00,1465.00,300,646950,1361.62,1463.15,1471.40
05.04.21 11:21:59,1464.90,1464.90,1464.90,1464.90,75,646950,1361.76,1451.40,1459.35
05.04.21 11:22:59,1450.00,1450.00,1450.00,1450.00,75,646950,1361.87,1444.80,1452.25
05.04.21 11:23:59,1450.00,1450.00,1450.00,1450.00,75,646950,1361.99,1451.85,1460.00
05.04.21 11:24:59,1460.00,1460.00,1455.00,1455.00,300,646950,1362.49,1454.55,1460.00
05.04.21 11:25:59,1455.00,1460.00,1455.00,1460.00,225,646950,1362.86,1458.65,1466.55
05.04.21 11:26:59,1465.00,1465.00,1465.00,1465.00,225,646950,1363.26,1468.40,1478.60
05.04.21 11:27:59,1470.00,1470.00,1470.00,1470.00,75,646725,1363.40,1476.55,1487.20
05.04.21 11:28:59,1485.00,1485.00,1472.40,1472.40,600,646725,1364.61,1470.20,1478.25
05.04.21 11:29:59,1470.00,1475.00,1470.00,1475.00,150,646275,1364.89,1471.30,1480.60
05.04.21 11:30:59,1475.00,1480.00,1475.00,1480.00,150,646275,1365.18,1481.20,1491.50
05.04.21 11:31:59,1485.00,1500.00,1485.00,1495.00,525,646275,1366.35,1493.95,1502.30
05.04.21 11:32:59,1480.00,1480.50,1480.00,1480.50,150,646350,1366.64,1482.20,1491.65
05.04.21 11:33:59,1480.00,1480.00,1480.00,1480.00,150,646350,1366.93,1464.75,1473.90
05.04.21 11:34:59,1470.00,1475.00,1470.00,1475.00,150,646350,1367.20,1469.00,1474.10
05.04.21 11:35:59,1475.00,1475.00,1475.00,1475.00,225,646350,1367.60,1467.35,1476.20
05.04.21 11:36:59,1465.00,1465.00,1465.00,1465.00,75,646350,1367.72,1454.45,1461.35
05.04.21 11:37:59,1452.25,1457.00,1452.25,1457.00,225,646350,1368.05,1447.70,1450.00
05.04.21 11:38:59,1450.00,1457.65,1450.00,1450.00,300,646350,1368.48,1451.10,1459.95
05.04.21 11:39:59,1451.05,1451.05,1440.00,1440.00,375,646200,1368.96,1436.60,1446.55
05.04.21 11:40:59,1444.90,1449.00,1444.15,1444.15,375,646200,1369.43,1443.15,1445.00
05.04.21 11:41:59,1425.45,1425.45,1425.45,1425.45,75,646200,1369.50,1424.05,1429.95
05.04.21 11:42:59,1429.95,1435.00,1429.95,1431.25,225,646050,1369.73,1428.05,1433.95
05.04.21 11:43:59,1430.00,1433.95,1430.00,1433.95,150,646050,1369.88,1430.10,1435.00
05.04.21 11:44:59,1430.10,1430.10,1430.00,1430.00,150,646050,1370.03,1431.60,1441.50
05.04.21 11:45:59,1425.00,1425.00,1425.00,1425.00,75,646050,1370.10,1432.50,1441.45
05.04.21 11:46:59,1445.00,1445.00,1442.00,1442.00,150,646050,1370.27,1445.15,1451.00
05.04.21 11:47:59,1450.00,1450.00,1450.00,1450.00,75,646050,1370.37,1448.80,1458.15
05.04.21 11:48:59,1445.95,1445.95,1445.00,1445.00,150,646050,1370.55,1446.15,1453.90
05.04.21 11:49:59,1445.00,1445.00,1445.00,1445.00,150,646050,1370.73,1444.20,1453.10
05.04.21 11:50:59,1452.50,1452.50,1452.50,1452.50,150,646050,1370.93,1439.50,1445.00
05.04.21 11:51:59,1440.00,1440.00,1440.00,1440.00,75,645900,1371.01,1450.35,1458.40
05.04.21 11:52:59,1444.00,1450.00,1444.00,1450.00,825,645900,1371.99,1439.20,1442.00
05.04.21 11:53:59,1440.00,1442.00,1440.00,1442.00,600,645900,1372.63,1439.65,1447.35
05.04.21 11:54:59,1442.00,1442.00,1442.00,1442.00,75,645750,1372.71,1438.40,1447.15
05.04.21 11:55:59,1439.75,1439.75,1439.75,1439.75,525,645750,1373.26,1441.55,1450.75
05.04.21 11:56:59,1445.90,1445.90,1445.90,1445.90,75,645750,1373.34,1438.90,1445.00
05.04.21 11:57:59,1442.35,1442.35,1442.35,1442.35,75,646275,1373.42,1445.10,1453.70
05.04.21 11:58:59,1447.30,1447.30,1447.30,1447.30,75,646275,1373.51,1453.05,1461.10
05.04.21 11:59:59,1453.00,1453.00,1450.00,1450.00,150,646275,1373.69,1445.75,1454.40
05.04.21 12:00:59,1446.95,1450.20,1446.95,1450.20,300,646275,1374.03,1448.75,1456.95
05.04.21 12:01:59,1445.25,1450.00,1445.25,1450.00,300,646275,1374.37,1445.15,1450.00
05.04.21 12:02:59,1448.00,1448.00,1446.15,1446.15,150,646275,1374.54,1446.20,1448.20
05.04.21 12:03:59,1448.00,1448.00,1442.00,1445.00,225,646275,1374.78,1441.80,1446.95
05.04.21 12:04:59,1442.00,1442.00,1442.00,1442.00,150,646275,1374.93,1440.65,1449.00
05.04.21 12:05:59,1442.00,1442.00,1442.00,1442.00,75,646275,1375.01,1437.30,1442.00
05.04.21 12:06:59,1435.40,1445.00,1435.40,1445.00,225,646125,1375.23,1443.20,1449.00
05.04.21 12:07:59,1445.00,1445.00,1445.00,1445.00,150,646125,1375.39,1440.45,1448.15
05.04.21 12:08:59,1442.00,1442.00,1442.00,1442.00,75,646125,1375.46,1438.60,1447.10
05.04.21 12:10:59,1430.00,1430.00,1430.00,1430.00,225,646200,1375.64,1430.00,1435.00
05.04.21 12:11:59,1430.00,1430.00,1430.00,1430.00,75,646200,1375.71,1430.10,1435.00
05.04.21 12:12:59,1435.00,1435.00,1435.00,1435.00,225,645975,1375.90,1432.70,1441.75
05.04.21 12:13:59,1436.00,1436.00,1430.00,1430.00,225,645975,1376.10,1429.40,1433.00
05.04.21 12:14:59,1433.00,1433.00,1433.00,1433.00,225,645975,1376.29,1430.00,1436.50
05.04.21 12:15:59,1434.75,1434.75,1434.75,1434.75,75,645825,1376.35,1431.15,1439.70
05.04.21 12:18:59,1418.00,1418.00,1418.00,1418.00,75,645750,1376.40,1413.40,1422.30
05.04.21 12:23:59,1420.00,1420.00,1420.00,1420.00,75,645750,1376.45,1417.35,1426.60
05.04.21 12:25:59,1412.25,1412.25,1412.25,1412.25,75,645750,1376.49,1410.00,1418.35
05.04.21 12:26:59,1410.00,1410.00,1410.00,1410.00,75,645750,1376.52,1413.85,1422.80
05.04.21 12:27:59,1419.00,1419.00,1419.00,1419.00,75,645750,1376.57,1411.45,1419.80
05.04.21 12:28:59,1410.00,1410.00,1410.00,1410.00,225,645750,1376.68,1408.40,1416.45
05.04.21 12:31:59,1397.40,1397.40,1397.40,1397.40,75,645450,1376.70,1389.35,1395.90
05.04.21 12:38:59,1375.00,1375.00,1375.00,1375.00,225,645450,1376.70,1370.55,1379.85
05.04.21 12:40:59,1379.95,1379.95,1379.95,1379.95,75,645450,1376.70,1380.05,1388.40
05.04.21 12:42:59,1374.00,1374.00,1374.00,1374.00,150,645375,1376.70,1376.45,1380.00
05.04.21 12:43:59,1380.00,1380.00,1380.00,1380.00,675,645375,1376.73,1377.35,1382.00
05.04.21 12:46:59,1397.00,1397.95,1397.00,1397.95,675,644925,1376.93,1399.80,1406.70
05.04.21 12:57:59,1395.00,1395.00,1395.00,1395.00,75,645000,1376.95,1396.15,1400.00
05.04.21 12:59:59,1390.00,1390.00,1390.00,1390.00,75,645000,1376.97,1385.85,1392.75
05.04.21 13:00:59,1386.10,1390.00,1386.10,1390.00,150,645000,1376.99,1395.55,1397.00
05.04.21 13:01:59,1397.00,1403.00,1397.00,1403.00,525,645000,1377.17,1409.25,1419.45
05.04.21 13:03:59,1425.00,1425.00,1425.00,1425.00,150,645000,1377.27,1423.10,1430.35
05.04.21 13:08:59,1410.00,1410.00,1410.00,1410.00,75,645000,1377.31,1402.85,1410.65
05.04.21 13:23:59,1370.00,1370.00,1355.00,1355.00,2025,644925,1376.90,1346.20,1355.65
05.04.21 13:24:59,1345.00,1345.00,1345.00,1345.00,75,643050,1376.87,1342.30,1349.35
05.04.21 13:25:59,1347.15,1347.15,1347.15,1347.15,225,643050,1376.77,1347.70,1355.05
05.04.21 13:27:59,1352.00,1352.00,1352.00,1352.00,375,643200,1376.65,1345.40,1351.70
05.04.21 13:29:59,1357.00,1357.00,1357.00,1357.00,150,643200,1376.61,1355.45,1364.35
05.04.21 13:33:59,1352.00,1354.00,1352.00,1354.00,225,642750,1376.54,1359.95,1368.10
05.04.21 13:34:59,1364.70,1364.70,1364.70,1364.70,75,642750,1376.53,1351.80,1358.35
05.04.21 13:37:59,1351.00,1351.00,1351.00,1351.00,150,642825,1376.47,1347.00,1352.45
05.04.21 13:40:59,1335.00,1335.00,1311.45,1311.45,675,642675,1376.00,1313.00,1321.60
05.04.21 13:41:59,1314.00,1314.00,1312.95,1312.95,225,642675,1375.82,1315.05,1322.85
05.04.21 13:42:59,1315.95,1315.95,1313.00,1313.00,150,642675,1375.70,1314.10,1320.80
05.04.21 13:43:59,1315.00,1320.00,1315.00,1320.00,150,641850,1375.58,1310.80,1319.70
05.04.21 13:44:59,1317.00,1317.00,1317.00,1317.00,150,641850,1375.47,1317.90,1325.40
05.04.21 13:45:59,1321.00,1321.00,1321.00,1321.00,150,641775,1375.36,1314.20,1320.00
05.04.21 13:46:59,1318.95,1318.95,1313.00,1313.00,750,641775,1374.77,1306.80,1312.40
05.04.21 13:47:59,1313.40,1313.40,1313.40,1313.40,75,641775,1374.71,1310.00,1313.65
05.04.21 13:49:59,1320.00,1320.00,1320.00,1320.00,75,640950,1374.66,1316.10,1323.20
05.04.21 13:51:59,1316.00,1316.00,1316.00,1316.00,225,640950,1374.48,1327.70,1333.15
05.04.21 13:53:59,1318.00,1318.00,1318.00,1318.00,75,640725,1374.43,1311.55,1318.15
05.04.21 13:56:59,1313.90,1313.90,1313.90,1313.90,150,640650,1374.31,1311.90,1321.10
05.04.21 14:01:59,1345.00,1345.00,1345.00,1345.00,75,640575,1374.28,1337.25,1345.65
05.04.21 14:04:59,1320.00,1320.00,1320.00,1320.00,75,640575,1374.23,1319.85,1328.00
05.04.21 14:05:59,1319.00,1319.00,1319.00,1319.00,75,640575,1374.18,1328.50,1336.60
05.04.21 14:06:59,1320.65,1320.65,1320.65,1320.65,150,640575,1374.07,1319.15,1325.85
05.04.21 14:08:59,1325.00,1325.00,1325.00,1325.00,75,640575,1374.03,1322.65,1329.60
05.04.21 14:10:59,1335.00,1335.00,1335.00,1335.00,75,640500,1373.99,1330.15,1337.15
05.04.21 14:11:59,1339.00,1342.00,1339.00,1342.00,225,640500,1373.89,1342.00,1344.30
05.04.21 14:12:59,1342.00,1342.00,1342.00,1342.00,450,640500,1373.71,1330.35,1338.00
05.04.21 14:15:59,1300.00,1302.00,1295.00,1302.00,375,639450,1373.36,1297.65,1306.40
05.04.21 14:16:59,1312.70,1312.70,1312.70,1312.70,75,639450,1373.31,1310.20,1317.40
05.04.21 14:17:59,1310.00,1310.00,1310.00,1310.00,75,639450,1373.25,1306.85,1314.60
05.04.21 14:19:59,1310.00,1310.00,1310.00,1310.00,75,639375,1373.18,1308.40,1315.00
05.04.21 14:20:59,1310.00,1315.00,1310.00,1315.00,150,639375,1373.07,1316.15,1320.00
05.04.21 14:21:59,1320.00,1320.00,1315.00,1316.50,225,639375,1372.91,1317.30,1325.30
05.04.21 14:24:59,1303.45,1303.45,1303.45,1303.45,75,639300,1372.85,1305.85,1313.75
05.04.21 14:26:59,1310.00,1310.00,1310.00,1310.00,150,639300,1372.73,1310.00,1310.65
05.04.21 14:27:59,1310.00,1315.00,1310.00,1315.00,300,639000,1372.50,1313.90,1322.55
05.04.21 14:28:59,1311.45,1311.45,1311.45,1311.45,75,639000,1372.45,1304.15,1309.95
05.04.21 14:30:59,1290.00,1290.00,1269.95,1269.95,750,639000,1371.60,1272.90,1281.55
05.04.21 14:31:59,1280.00,1280.00,1280.00,1280.00,75,638625,1371.52,1286.90,1294.40
05.04.21 14:32:59,1285.00,1285.00,1285.00,1285.00,300,638625,1371.20,1282.90,1289.75
05.04.21 14:33:59,1285.00,1285.00,1285.00,1285.00,75,638175,1371.12,1281.45,1286.10
05.04.21 14:34:59,1275.35,1275.35,1275.35,1275.35,75,638175,1371.03,1279.55,1287.55
05.04.21 14:36:59,1280.00,1280.00,1280.00,1280.00,75,638175,1370.95,1285.75,1293.65
05.04.21 14:37:59,1285.00,1285.00,1285.00,1285.00,75,638175,1370.87,1284.55,1292.35
05.04.21 14:42:59,1289.00,1289.00,1288.00,1288.00,225,638025,1370.64,1281.75,1289.00
05.04.21 14:44:59,1280.00,1280.00,1280.00,1280.00,75,638025,1370.56,1286.30,1293.75
05.04.21 14:45:59,1298.00,1298.00,1298.00,1298.00,75,638025,1370.49,1297.50,1303.95
05.04.21 14:46:59,1300.00,1300.00,1300.00,1300.00,150,638025,1370.36,1301.40,1305.90
05.04.21 14:47:59,1300.00,1300.00,1300.00,1300.00,225,638025,1370.17,1300.00,1304.95
05.04.21 14:48:59,1305.15,1310.00,1305.15,1310.00,225,638025,1370.00,1302.65,1309.95
05.04.21 14:50:59,1300.00,1300.00,1300.00,1300.00,75,637500,1369.93,1270.45,1278.00
05.04.21 14:51:59,1278.00,1284.00,1278.00,1284.00,150,637500,1369.77,1278.70,1286.55
05.04.21 14:53:59,1288.00,1288.00,1288.00,1288.00,75,637425,1369.70,1289.80,1295.50
05.04.21 14:55:59,1294.25,1294.50,1294.25,1294.50,150,637425,1369.56,1292.20,1298.95
05.04.21 14:57:59,1292.25,1292.25,1289.50,1289.50,225,637425,1369.35,1279.00,1288.25
05.04.21 14:59:59,1291.00,1291.00,1283.60,1283.60,150,637350,1369.20,1281.80,1289.85
05.04.21 15:00:59,1285.20,1295.00,1285.20,1295.00,300,637425,1368.92,1293.10,1297.00
05.04.21 15:01:59,1297.00,1297.00,1293.30,1293.30,300,637425,1368.65,1298.00,1305.15
05.04.21 15:02:59,1300.00,1300.00,1300.00,1300.00,750,637425,1368.04,1290.35,1297.95
05.04.21 15:03:59,1300.00,1300.00,1300.00,1300.00,75,637425,1367.98,1302.80,1310.85
05.04.21 15:06:59,1310.00,1310.00,1307.00,1307.00,1425,636600,1367.02,1301.70,1307.10
05.04.21 15:07:59,1304.00,1304.00,1297.00,1299.20,1200,636600,1366.08,1300.35,1309.05
05.04.21 15:09:59,1304.00,1304.00,1304.00,1304.00,300,636600,1365.87,1301.70,1309.80
05.04.21 15:10:59,1315.00,1315.00,1315.00,1315.00,150,636600,1365.78,1309.90,1315.00
05.04.21 15:11:59,1315.00,1315.00,1310.60,1314.00,375,636600,1365.56,1309.00,1316.20
05.04.21 15:12:59,1316.40,1316.40,1305.65,1305.65,525,636000,1365.23,1305.95,1313.55
05.04.21 15:13:59,1310.00,1310.00,1310.00,1310.00,75,636000,1365.19,1305.05,1308.00
05.04.21 15:15:59,1308.55,1310.00,1308.55,1310.00,150,636000,1365.09,1309.50,1310.95
05.04.21 15:16:59,1310.00,1310.95,1310.00,1310.85,375,636000,1364.86,1311.15,1317.30
05.04.21 15:19:59,1313.90,1313.90,1309.00,1309.00,1125,636150,1364.19,1304.35,1309.00
05.04.21 15:20:59,1300.55,1300.55,1300.00,1300.00,150,636150,1364.09,1297.05,1305.00
05.04.21 15:22:59,1300.10,1300.10,1300.10,1300.10,75,635250,1364.03,1300.10,1305.00
05.04.21 15:23:59,1300.00,1300.05,1300.00,1300.05,225,635250,1363.88,1300.05,1305.15
05.04.21 15:24:59,1300.00,1300.00,1300.00,1300.00,75,635250,1363.82,1298.50,1300.00
05.04.21 15:25:59,1299.00,1299.00,1298.50,1298.50,150,635100,1363.72,1296.00,1299.55
05.04.21 15:26:59,1296.00,1296.00,1296.00,1296.00,375,635100,1363.44,1289.30,1296.15
05.04.21 15:28:59,1293.00,1293.00,1293.00,1293.00,75,634650,1363.38,1292.00,1295.30
05.04.21 15:30:00,1293.00,1293.00,1292.00,1292.00,150,634650,1363.26,1289.80,1299.15
06.04.21 09:15:59,1270.30,1281.50,1270.30,1281.50,300,634500,1277.83,1301.55,1311.60
06.04.21 09:20:59,1380.15,1380.15,1380.15,1380.15,75,634575,1298.30,1361.00,1369.45
06.04.21 09:22:59,1366.20,1366.20,1366.20,1366.20,75,634575,1309.61,1359.20,1360.00
06.04.21 09:23:59,1360.00,1364.65,1350.00,1350.00,450,634500,1334.92,1336.30,1344.80
06.04.21 09:26:59,1300.10,1300.10,1300.10,1300.10,75,634200,1332.24,1274.45,1284.70
06.04.21 09:28:59,1275.00,1275.00,1275.00,1275.00,75,634200,1328.15,1273.50,1280.60
06.04.21 09:30:59,1245.50,1245.50,1236.85,1236.85,525,634200,1301.50,1228.45,1236.60
06.04.21 09:31:59,1238.35,1238.35,1238.35,1238.35,75,634200,1298.63,1230.15,1237.60
06.04.21 09:33:59,1251.00,1251.00,1251.00,1251.00,75,634200,1296.56,1241.00,1246.10
06.04.21 09:34:59,1241.00,1241.00,1235.00,1235.00,300,634200,1287.67,1236.70,1243.45
06.04.21 09:36:59,1234.60,1234.60,1234.60,1234.60,75,633900,1285.77,1231.00,1233.40
06.04.21 09:37:59,1231.00,1231.00,1214.00,1216.70,450,633900,1274.22,1212.80,1221.05
06.04.21 09:38:59,1211.55,1211.55,1209.00,1210.75,450,633825,1264.70,1203.90,1210.95
06.04.21 09:39:59,1205.00,1212.00,1200.00,1212.00,300,633825,1259.48,1202.30,1210.95
06.04.21 09:44:59,1219.00,1226.00,1219.00,1226.00,150,632775,1257.87,1220.85,1229.00
06.04.21 09:45:59,1245.00,1245.00,1245.00,1245.00,300,632775,1256.84,1227.50,1235.40
06.04.21 09:47:59,1224.90,1224.90,1224.90,1224.90,75,632550,1256.21,1220.70,1229.40
06.04.21 09:50:59,1221.00,1225.00,1221.00,1221.00,300,632550,1253.73,1212.45,1221.45
06.04.21 09:54:59,1221.00,1223.65,1221.00,1223.65,225,632175,1252.08,1220.40,1228.35
06.04.21 09:57:59,1227.95,1227.95,1227.95,1227.95,1050,632175,1247.38,1221.85,1229.70
06.04.21 10:00:59,1234.00,1234.60,1234.00,1234.60,300,632100,1246.69,1230.00,1233.85
06.04.21 10:01:59,1232.00,1233.15,1225.00,1225.00,825,632100,1244.47,1224.25,1232.25
06.04.21 10:02:59,1231.00,1231.00,1231.00,1231.00,150,632100,1244.17,1233.50,1240.00
06.04.21 10:03:59,1250.00,1250.00,1250.00,1250.00,150,632175,1244.30,1241.65,1250.35
06.04.21 10:04:59,1254.30,1254.30,1247.35,1247.35,525,632175,1244.69,1240.00,1243.10
06.04.21 10:05:59,1240.00,1243.00,1240.00,1243.00,225,632175,1244.58,1243.00,1247.95
06.04.21 10:06:59,1246.45,1248.00,1246.45,1248.00,150,631650,1244.63,1240.10,1247.55
06.04.21 10:07:59,1240.00,1240.00,1240.00,1240.00,450,631650,1244.38,1231.45,1239.95
06.04.21 10:08:59,1236.90,1236.90,1236.90,1236.90,75,631425,1244.31,1228.45,1236.10
06.04.21 10:09:59,1225.00,1225.00,1225.00,1225.00,300,631425,1243.63,1225.30,1232.95
06.04.21 10:10:59,1220.00,1220.00,1220.00,1220.00,150,631425,1243.23,1212.00,1220.50
06.04.21 10:11:59,1220.00,1220.00,1220.00,1220.00,75,630375,1243.03,1219.55,1227.65
06.04.21 10:14:59,1235.55,1235.55,1235.55,1235.55,75,630450,1242.96,1229.85,1235.45
06.04.21 10:15:59,1244.40,1244.40,1244.40,1244.40,75,630450,1242.98,1237.85,1245.85
06.04.21 10:16:59,1251.45,1255.55,1251.45,1255.55,150,630450,1243.15,1257.65,1266.20
06.04.21 10:17:59,1260.00,1260.00,1260.00,1260.00,75,630375,1243.29,1271.60,1277.00
06.04.21 10:18:59,1277.00,1277.00,1268.00,1268.00,225,630375,1243.97,1261.80,1267.10
06.04.21 10:19:59,1260.00,1260.00,1260.00,1260.00,150,630375,1244.22,1259.65,1267.00
06.04.21 10:24:59,1257.00,1260.00,1253.45,1253.45,300,630225,1244.63,1256.20,1263.70
06.04.21 10:25:59,1256.70,1270.00,1256.70,1270.00,150,630225,1244.91,1264.75,1271.60
06.04.21 10:28:59,1263.00,1263.00,1260.00,1260.00,375,630225,1245.50,1253.85,1260.00
06.04.21 10:29:59,1255.00,1255.00,1250.00,1250.00,450,630075,1245.72,1246.80,1255.20
06.04.21 10:30:59,1251.95,1251.95,1251.95,1251.95,75,630075,1245.77,1244.75,1252.70
06.04.21 10:32:59,1250.00,1250.00,1250.00,1250.00,75,629400,1245.80,1245.00,1248.95
06.04.21 10:33:59,1245.00,1245.00,1245.00,1245.00,225,629400,1245.78,1240.00,1245.35
06.04.21 10:35:59,1240.00,1240.00,1240.00,1240.00,75,629100,1245.74,1240.00,1247.15
06.04.21 10:36:59,1243.00,1243.00,1243.00,1243.00,75,629100,1245.72,1235.00,1239.95
06.04.21 10:37:59,1240.00,1240.00,1240.00,1240.00,75,629100,1245.69,1234.40,1241.95
06.04.21 10:40:59,1220.95,1220.95,1220.95,1220.95,75,628950,1245.52,1223.65,1232.90
06.04.21 10:42:59,1227.15,1227.15,1227.15,1227.15,75,628950,1245.40,1223.10,1231.10
06.04.21 10:44:59,1220.00,1220.00,1220.00,1220.00,150,628950,1245.08,1213.00,1220.00
06.04.21 10:46:59,1220.90,1225.00,1220.90,1225.00,150,628950,1244.80,1219.60,1225.70
06.04.21 10:47:59,1221.20,1225.00,1221.20,1225.00,225,628800,1244.39,1223.10,1231.00
06.04.21 10:49:59,1220.00,1220.00,1220.00,1220.00,75,628800,1244.24,1216.95,1224.85
06.04.21 10:50:59,1226.00,1226.00,1226.00,1226.00,75,628800,1244.13,1219.55,1226.25
06.04.21 10:51:59,1220.00,1220.00,1220.00,1220.00,75,628800,1243.98,1213.40,1221.35
06.04.21 10:53:59,1220.00,1220.00,1220.00,1220.00,75,628800,1243.84,1216.00,1220.00
06.04.21 10:55:59,1220.00,1220.00,1220.00,1220.00,150,628650,1243.55,1213.05,1219.10
06.04.21 10:56:59,1213.00,1213.00,1213.00,1213.00,75,628650,1243.37,1209.90,1217.95
06.04.21 10:59:59,1210.00,1210.00,1210.00,1210.00,75,628650,1243.17,1211.75,1218.25
06.04.21 11:00:59,1210.00,1210.00,1210.00,1210.00,150,628650,1242.79,1210.45,1217.95
06.04.21 11:02:59,1205.00,1205.00,1205.00,1205.00,75,628650,1242.57,1201.50,1205.00
06.04.21 11:03:59,1201.55,1205.00,1201.55,1205.00,150,628650,1242.11,1202.50,1205.00
06.04.21 11:04:59,1205.00,1205.00,1204.15,1205.00,225,628650,1241.48,1204.90,1211.55
06.04.21 11:08:59,1210.00,1210.00,1210.00,1210.00,75,628725,1241.30,1208.40,1215.20
06.04.21 11:10:59,1200.00,1200.00,1185.00,1185.00,1575,628725,1236.75,1181.30,1187.50
06.04.21 11:11:59,1185.00,1190.00,1184.90,1190.00,375,628725,1235.50,1185.20,1190.85
06.04.21 11:12:59,1180.05,1180.05,1180.00,1180.00,375,627300,1234.18,1177.10,1185.10
06.04.21 11:13:59,1180.40,1184.95,1180.40,1184.95,150,627300,1233.69,1182.55,1190.10
06.04.21 11:14:59,1185.00,1185.00,1185.00,1185.00,75,627300,1233.46,1184.15,1189.85
06.04.21 11:16:59,1175.00,1175.00,1175.00,1175.00,75,627225,1233.18,1170.00,1175.75
06.04.21 11:17:59,1170.10,1170.10,1170.00,1170.00,375,627150,1231.73,1165.00,1169.90
06.04.21 11:18:59,1168.00,1168.00,1168.00,1168.00,525,627150,1229.75,1165.05,1173.20
06.04.21 11:21:59,1165.25,1165.25,1165.25,1165.25,75,626550,1229.47,1165.00,1172.50
06.04.21 11:24:59,1165.00,1165.00,1165.00,1165.00,75,626475,1229.18,1160.05,1165.00
06.04.21 11:25:59,1160.00,1165.00,1160.00,1165.00,525,626475,1227.16,1166.05,1173.20
06.04.21 11:27:59,1179.20,1179.20,1179.20,1179.20,375,626325,1226.14,1176.75,1185.05
06.04.21 11:28:59,1182.00,1182.00,1182.00,1182.00,75,626325,1225.95,1178.00,1181.25
06.04.21 11:29:59,1178.00,1178.00,1178.00,1178.00,75,626325,1225.75,1176.35,1182.00
06.04.21 11:30:59,1178.00,1182.00,1178.00,1182.00,150,625950,1225.38,1182.00,1185.55
06.04.21 11:31:59,1182.00,1182.00,1182.00,1182.00,75,625950,1225.20,1178.00,1179.00
06.04.21 11:32:59,1179.00,1179.00,1179.00,1179.00,75,625950,1225.01,1175.25,1180.00
06.04.21 11:33:59,1180.00,1180.00,1180.00,1180.00,75,625800,1224.83,1181.75,1188.45
06.04.21 11:34:59,1185.15,1190.90,1185.15,1190.90,150,625800,1224.53,1184.60,1191.50
06.04.21 11:35:59,1186.90,1186.90,1185.00,1185.00,150,625800,1224.22,1183.15,1189.90
06.04.21 11:36:59,1190.00,1190.00,1190.00,1190.00,75,625500,1224.09,1191.45,1198.60
06.04.21 11:37:59,1190.00,1190.00,1190.00,1190.00,150,625500,1223.82,1190.60,1197.95
06.04.21 11:40:59,1185.00,1185.00,1185.00,1185.00,75,625425,1223.66,1185.00,1190.75
06.04.21 11:43:59,1195.00,1195.00,1195.00,1195.00,75,625425,1223.55,1201.85,1208.55
06.04.21 11:44:59,1204.10,1204.10,1204.10,1204.10,75,625425,1223.48,1200.05,1207.20
06.04.21 11:45:59,1200.00,1200.00,1200.00,1200.00,750,625350,1222.59,1196.35,1203.10
06.04.21 11:49:59,1210.00,1210.00,1210.00,1210.00,75,625350,1222.55,1210.60,1217.95
06.04.21 11:50:59,1210.00,1210.00,1206.15,1209.55,225,625350,1222.39,1209.85,1217.65
06.04.21 11:51:59,1226.15,1226.15,1226.15,1226.15,75,625350,1222.40,1219.80,1227.15
06.04.21 11:54:59,1215.50,1217.00,1215.50,1217.00,150,625350,1222.36,1212.80,1219.95
06.04.21 11:55:59,1215.00,1215.00,1215.00,1215.00,150,625350,1222.31,1209.55,1217.15
06.04.21 11:56:59,1205.00,1205.00,1205.00,1205.00,75,625350,1222.24,1199.10,1206.30
06.04.21 11:58:59,1205.00,1205.00,1205.00,1205.00,75,624975,1222.18,1202.70,1209.50
06.04.21 12:00:59,1210.00,1210.00,1210.00,1210.00,75,624975,1222.14,1213.25,1219.55
06.04.21 12:03:59,1215.00,1215.00,1215.00,1215.00,75,624975,1222.11,1212.15,1219.90
06.04.21 12:04:59,1210.05,1210.05,1210.05,1210.05,225,624975,1221.98,1210.35,1217.35
06.04.21 12:05:59,1220.00,1220.00,1220.00,1220.00,75,624975,1221.98,1220.00,1222.65
06.04.21 12:06:59,1220.00,1220.00,1220.00,1220.00,150,624825,1221.96,1217.00,1220.00
06.04.21 12:07:59,1220.00,1220.00,1217.00,1217.00,225,624825,1221.93,1213.65,1217.00
06.04.21 12:08:59,1210.00,1210.05,1210.00,1210.05,150,624450,1221.85,1210.00,1215.00
06.04.21 12:09:59,1210.05,1212.00,1210.00,1212.00,450,624450,1221.62,1213.20,1218.00
06.04.21 12:10:59,1215.05,1216.55,1214.00,1216.55,300,624450,1221.53,1217.75,1223.95
06.04.21 12:11:59,1219.00,1222.40,1212.00,1222.40,375,624150,1221.45,1216.05,1222.65
06.04.21 12:12:59,1216.30,1220.00,1210.00,1210.00,1125,624150,1221.23,1210.00,1212.35
06.04.21 12:13:59,1211.00,1213.00,1211.00,1213.00,225,624150,1221.14,1211.00,1214.65
06.04.21 12:14:59,1211.00,1211.00,1205.00,1205.00,300,624150,1220.99,1206.85,1214.10
06.04.21 12:15:59,1206.00,1206.00,1200.00,1200.00,150,623400,1220.88,1196.00,1200.00
06.04.21 12:16:59,1200.00,1200.00,1200.00,1200.00,150,623400,1220.76,1197.00,1200.00
06.04.21 12:17:59,1200.00,1200.00,1200.00,1200.00,150,623400,1220.63,1198.05,1201.00
06.04.21 12:18:59,1200.00,1205.05,1200.00,1205.05,300,622950,1220.42,1203.35,1205.30
06.04.21 12:19:59,1205.30,1209.40,1205.30,1209.40,300,622950,1220.26,1210.15,1216.95
06.04.21 12:20:59,1208.50,1215.00,1208.50,1215.00,525,623025,1220.07,1213.80,1220.60
06.04.21 12:21:59,1215.00,1215.00,1215.00,1215.00,75,623025,1220.06,1211.15,1215.00
06.04.21 12:22:59,1215.00,1215.00,1215.00,1215.00,75,623025,1220.04,1216.00,1222.20
06.04.21 12:23:59,1220.00,1224.10,1220.00,1220.00,300,623025,1220.06,1216.60,1225.05
06.04.21 12:25:59,1222.00,1240.20,1222.00,1230.25,450,622575,1220.23,1230.15,1236.15
06.04.21 12:26:59,1235.00,1235.00,1230.00,1230.00,150,622575,1220.30,1226.65,1229.00
06.04.21 12:27:59,1229.00,1230.00,1229.00,1230.00,150,622350,1220.35,1230.50,1235.00
06.04.21 12:28:59,1231.40,1235.00,1231.40,1235.00,225,622350,1220.46,1226.95,1233.60
06.04.21 12:29:59,1230.00,1230.00,1225.00,1225.00,300,622350,1220.52,1225.00,1228.95
06.04.21 12:30:59,1225.00,1225.00,1220.00,1220.00,225,622050,1220.54,1218.00,1220.00
06.04.21 12:31:59,1218.00,1220.00,1218.00,1220.00,300,622050,1220.53,1220.00,1225.70
06.04.21 12:32:59,1225.00,1227.15,1225.00,1225.00,825,622050,1220.66,1220.10,1225.00
06.04.21 12:33:59,1225.00,1239.95,1225.00,1239.95,600,620775,1220.94,1240.00,1245.00
06.04.21 12:34:59,1245.55,1249.00,1245.55,1249.00,150,620775,1221.07,1249.15,1256.95
06.04.21 12:35:59,1254.95,1255.00,1252.00,1252.00,300,620775,1221.40,1251.10,1258.40
06.04.21 12:36:59,1256.15,1256.15,1256.15,1256.15,225,620175,1221.66,1267.80,1274.75
06.04.21 12:37:59,1277.15,1277.15,1275.00,1275.00,375,620175,1222.33,1270.00,1276.70
06.04.21 12:38:59,1270.00,1275.00,1270.00,1270.55,525,620175,1223.18,1266.95,1270.00
06.04.21 12:39:59,1270.00,1270.00,1269.85,1269.85,225,619350,1223.52,1265.00,1268.00
06.04.21 12:40:59,1270.00,1270.00,1270.00,1270.00,75,619350,1223.63,1263.05,1270.05
06.04.21 12:42:59,1275.00,1275.00,1275.00,1275.00,75,619200,1223.75,1287.10,1294.75
06.04.21 12:43:59,1290.00,1290.00,1290.00,1290.00,75,619200,1223.90,1288.30,1294.80
06.04.21 12:44:59,1297.00,1300.00,1297.00,1300.00,150,619200,1224.26,1308.25,1314.85
06.04.21 12:48:59,1285.00,1285.00,1282.00,1282.00,375,619200,1224.95,1283.25,1290.30
06.04.21 12:52:59,1279.90,1279.90,1279.90,1279.90,75,618900,1225.08,1276.75,1283.45
06.04.21 12:54:59,1284.75,1284.75,1284.75,1284.75,150,618900,1225.35,1277.45,1286.05
06.04.21 12:56:59,1270.00,1270.00,1270.00,1270.00,300,618900,1225.76,1264.15,1271.75
06.04.21 12:57:59,1270.00,1270.00,1270.00,1270.00,75,618825,1225.86,1267.10,1272.90
06.04.21 12:58:59,1270.00,1270.00,1270.00,1270.00,75,618825,1225.96,1272.70,1275.00
06.04.21 12:59:59,1275.00,1275.00,1275.00,1275.00,75,618825,1226.07,1273.95,1280.90
06.04.21 13:01:59,1296.05,1296.05,1296.05,1296.05,150,618525,1226.39,1289.00,1290.00
06.04.21 13:02:59,1290.00,1290.00,1290.00,1290.00,75,0,1226.53,1279.10,1285.90
06.04.21 13:03:59,1288.30,1288.30,1288.30,1288.30,75,618525,1226.67,1279.30,1285.00
06.04.21 13:05:59,1290.00,1290.00,1290.00,1290.00,75,618375,1226.81,1283.35,1290.40
06.04.21 13:06:59,1270.00,1270.00,1270.00,1270.00,75,618375,1226.91,1255.00,1259.50
06.04.21 13:07:59,1255.25,1255.25,1240.00,1240.00,675,618375,1227.33,1239.35,1245.45
06.04.21 13:08:59,1245.00,1245.00,1240.00,1240.00,150,618375,1227.40,1245.70,1252.70
06.04.21 13:09:59,1243.00,1243.00,1243.00,1243.00,75,617700,1227.43,1243.95,1250.85
06.04.21 13:10:59,1245.00,1245.00,1245.00,1245.00,75,617700,1227.47,1229.50,1235.45
06.04.21 13:12:59,1240.00,1240.00,1235.05,1235.05,375,617550,1227.59,1236.55,1240.00
06.04.21 13:13:59,1240.00,1240.00,1240.00,1240.00,75,617550,1227.62,1236.05,1242.35
06.04.21 13:17:59,1255.00,1255.00,1255.00,1255.00,75,617100,1227.68,1243.85,1251.70
06.04.21 13:29:59,1281.35,1281.35,1281.35,1281.35,75,617025,1227.79,1281.70,1289.10
06.04.21 13:30:59,1286.10,1290.00,1286.10,1290.00,150,617100,1228.05,1271.05,1278.25
06.04.21 13:32:59,1255.00,1255.00,1255.00,1255.00,450,617100,1228.39,1258.90,1264.85
06.04.21 13:33:59,1265.00,1265.00,1265.00,1265.00,75,616800,1228.46,1265.30,1271.50
06.04.21 13:35:59,1270.00,1270.00,1270.00,1270.00,75,616800,1228.55,1268.05,1274.95
06.04.21 13:37:59,1260.00,1260.00,1260.00,1260.00,75,616800,1228.62,1261.90,1266.90
06.04.21 13:39:59,1268.00,1268.00,1268.00,1268.00,75,616800,1228.70,1274.25,1281.30
06.04.21 13:40:59,1285.00,1285.00,1285.00,1285.00,75,616800,1228.82,1283.25,1290.40
06.04.21 13:41:59,1290.00,1290.00,1290.00,1290.00,75,616800,1228.94,1288.45,1295.60
06.04.21 13:42:59,1290.00,1290.00,1290.00,1290.00,75,616800,1229.07,1285.05,1293.60
06.04.21 13:43:59,1290.00,1290.00,1290.00,1290.00,150,616800,1229.32,1291.80,1298.60
06.04.21 13:44:59,1300.00,1300.00,1300.00,1300.00,75,616800,1229.47,1292.45,1299.90
06.04.21 13:45:59,1300.00,1300.00,1300.00,1300.00,75,616800,1229.61,1300.60,1308.50
06.04.21 13:46:59,1310.00,1310.00,1310.00,1310.00,75,616800,1229.78,1303.65,1311.40
06.04.21 13:47:59,1305.00,1305.00,1305.00,1305.00,75,616800,1229.93,1303.65,1310.90
06.04.21 13:48:59,1305.00,1305.00,1305.00,1305.00,75,616800,1230.08,1285.00,1287.00
06.04.21 13:49:59,1285.00,1285.00,1285.00,1285.00,300,616875,1230.53,1270.00,1277.05
06.04.21 13:50:59,1275.00,1275.00,1275.00,1275.00,75,616875,1230.62,1276.00,1282.35
06.04.21 13:51:59,1276.00,1276.00,1270.00,1270.00,450,616575,1231.10,1274.60,1279.70
06.04.21 13:52:59,1285.00,1285.00,1285.00,1285.00,75,616575,1231.21,1287.50,1294.90
06.04.21 13:55:59,1300.00,1300.00,1300.00,1300.00,75,616200,1231.35,1296.40,1303.85
06.04.21 13:57:59,1307.00,1307.00,1307.00,1307.00,75,616200,1231.50,1301.50,1308.00
06.04.21 14:01:59,1285.00,1285.00,1285.00,1285.00,75,616200,1231.60,1281.30,1288.85
06.04.21 14:03:59,1280.95,1280.95,1280.95,1280.95,75,616125,1231.70,1280.15,1287.20
06.04.21 14:04:59,1285.00,1285.00,1285.00,1285.00,75,616125,1231.80,1284.40,1290.90
06.04.21 14:08:59,1283.00,1283.00,1283.00,1283.00,75,616050,1231.90,1286.15,1293.45
06.04.21 14:10:59,1270.00,1270.00,1270.00,1270.00,450,615975,1232.35,1270.00,1277.05
06.04.21 14:12:59,1282.00,1282.00,1282.00,1282.00,75,615675,1232.45,1273.65,1280.55
06.04.21 14:13:59,1278.00,1280.00,1278.00,1280.00,150,615675,1232.63,1284.30,1290.00
06.04.21 14:14:59,1286.00,1286.00,1286.00,1286.00,75,615675,1232.73,1281.20,1288.70
06.04.21 14:15:59,1290.00,1290.00,1290.00,1290.00,75,615375,1232.84,1289.00,1295.65
06.04.21 14:16:59,1289.00,1289.00,1289.00,1289.00,75,615375,1232.95,1281.10,1288.40
06.04.21 14:18:59,1275.00,1275.00,1270.00,1270.00,375,615150,1233.31,1268.10,1270.00
06.04.21 14:20:59,1267.00,1267.00,1267.00,1267.00,75,615150,1233.37,1264.80,1269.95
06.04.21 14:21:59,1265.00,1270.00,1265.00,1270.00,150,614850,1233.50,1275.10,1281.25
06.04.21 14:22:59,1275.00,1275.00,1275.00,1275.00,150,614850,1233.66,1274.25,1280.65
06.04.21 14:26:59,1265.00,1265.00,1265.00,1265.00,75,614850,1233.72,1269.00,1275.70
06.04.21 14:28:59,1270.00,1270.00,1270.00,1270.00,75,614850,1233.79,1275.40,1280.60
06.04.21 14:30:59,1293.85,1293.85,1293.85,1293.85,75,614850,1233.90,1287.15,1289.45
06.04.21 14:31:59,1289.50,1289.50,1289.50,1289.50,150,614850,1234.11,1282.75,1286.45
06.04.21 14:32:59,1292.00,1292.00,1285.00,1285.00,300,614850,1234.50,1286.25,1290.30
06.04.21 14:33:59,1290.00,1290.05,1289.55,1290.05,300,614400,1234.90,1285.45,1288.00
06.04.21 14:34:59,1288.90,1290.30,1284.70,1284.70,750,614400,1235.85,1285.65,1292.35
06.04.21 14:35:59,1285.00,1285.00,1285.00,1285.00,300,614400,1236.20,1288.55,1291.15
06.04.21 14:36:59,1290.00,1290.00,1290.00,1290.00,75,614400,1236.30,1286.50,1290.00
06.04.21 14:37:59,1290.00,1304.95,1290.00,1304.95,150,612975,1236.52,1294.60,1299.05
06.04.21 14:38:59,1290.00,1290.00,1290.00,1290.00,225,612975,1236.80,1287.90,1290.55
06.04.21 14:39:59,1290.00,1292.00,1290.00,1292.00,225,612525,1237.09,1287.65,1292.95
06.04.21 14:40:59,1294.05,1295.55,1294.05,1295.55,300,612525,1237.49,1287.00,1292.50
06.04.21 14:41:59,1290.00,1290.00,1283.55,1283.55,300,612525,1237.83,1283.35,1289.35
06.04.21 14:42:59,1290.00,1290.00,1290.00,1290.00,75,612525,1237.92,1286.25,1288.00
06.04.21 14:43:59,1282.55,1282.55,1282.55,1282.55,75,611775,1238.00,1281.25,1285.00
06.04.21 14:44:59,1285.00,1290.00,1285.00,1290.00,150,611775,1238.17,1288.00,1294.50
06.04.21 14:47:59,1286.00,1286.00,1286.00,1286.00,75,611775,1238.26,1282.15,1288.95
06.04.21 14:50:59,1290.00,1290.00,1290.00,1290.00,75,611700,1238.34,1285.00,1288.25
06.04.21 14:52:59,1280.00,1280.00,1280.00,1280.00,75,611625,1238.42,1273.35,1279.55
06.04.21 14:53:59,1270.00,1270.00,1270.00,1270.00,300,611625,1238.63,1263.60,1265.00
06.04.21 14:56:59,1274.00,1274.00,1274.00,1274.00,75,611250,1238.69,1273.30,1278.20
06.04.21 14:57:59,1275.00,1275.00,1275.00,1275.00,75,611250,1238.75,1275.35,1281.05
06.04.21 15:01:59,1275.00,1275.00,1275.00,1275.00,75,611250,1238.82,1277.45,1284.20
06.04.21 15:02:59,1278.00,1278.00,1278.00,1278.00,75,611250,1238.88,1273.45,1279.60
06.04.21 15:03:59,1277.00,1277.00,1277.00,1277.00,75,611250,1238.95,1276.25,1283.00
06.04.21 15:05:59,1270.00,1270.00,1270.00,1270.00,75,611250,1239.00,1264.90,1268.80
06.04.21 15:07:59,1255.00,1255.00,1255.00,1255.00,300,611250,1239.11,1257.75,1264.30
06.04.21 15:08:59,1260.00,1260.00,1259.85,1259.85,150,611250,1239.18,1254.75,1261.10
06.04.21 15:11:59,1262.10,1262.10,1262.10,1262.10,75,611100,1239.22,1261.65,1268.00
06.04.21 15:13:59,1265.00,1265.00,1265.00,1265.00,75,611100,1239.26,1259.95,1265.30
06.04.21 15:14:59,1260.90,1260.90,1258.85,1258.85,225,611100,1239.36,1256.15,1261.85
06.04.21 15:15:59,1260.00,1260.00,1255.00,1255.00,525,610725,1239.55,1250.00,1252.95
06.04.21 15:16:59,1250.00,1250.00,1250.00,1250.00,150,610725,1239.58,1244.75,1250.00
06.04.21 15:17:59,1245.40,1245.40,1245.40,1245.40,75,610725,1239.59,1245.50,1250.00
06.04.21 15:18:59,1248.00,1248.00,1248.00,1248.00,225,610500,1239.63,1248.00,1250.30
06.04.21 15:19:59,1248.00,1248.00,1246.00,1246.00,225,610500,1239.67,1241.85,1245.00
06.04.21 15:20:59,1245.00,1245.00,1245.00,1245.00,150,610500,1239.69,1245.00,1249.65
06.04.21 15:21:59,1245.00,1245.00,1245.00,1245.00,75,610500,1239.69,1245.00,1248.50
06.04.21 15:22:59,1245.00,1245.00,1243.00,1243.00,225,609900,1239.72,1241.20,1245.00
06.04.21 15:24:59,1244.50,1244.50,1244.50,1244.50,75,609900,1239.72,1238.00,1240.00
06.04.21 15:25:59,1240.00,1240.00,1239.00,1240.00,600,609675,1239.73,1240.05,1245.45
06.04.21 15:26:59,1240.10,1240.10,1240.10,1240.10,75,609675,1239.73,1238.00,1241.05
06.04.21 15:28:59,1236.05,1236.05,1236.05,1236.05,75,610125,1239.72,1236.05,1241.35
07.04.21 09:15:59,1282.60,1282.60,1282.60,1282.60,75,610125,1282.60,1239.70,1247.00
07.04.21 09:18:59,1225.00,1225.00,1225.00,1225.00,225,610125,1239.40,1220.50,1226.95
07.04.21 09:19:59,1226.40,1226.40,1226.40,1226.40,75,610125,1236.80,1222.00,1224.40
07.04.21 09:20:59,1222.00,1222.00,1213.05,1213.05,300,609900,1227.26,1216.05,1223.40
07.04.21 09:22:59,1230.00,1230.00,1230.00,1230.00,375,609900,1228.24,1224.25,1230.35
07.04.21 09:23:59,1235.70,1235.70,1235.70,1235.70,75,609675,1228.74,1221.70,1227.30
07.04.21 09:24:59,1220.00,1220.00,1220.00,1220.00,300,609675,1226.90,1218.00,1221.75
07.04.21 09:25:59,1218.00,1218.00,1210.00,1210.00,150,609675,1225.67,1200.00,1206.85
07.04.21 09:26:59,1210.70,1210.70,1210.70,1210.70,75,609300,1224.99,1205.95,1210.50
07.04.21 09:29:59,1210.05,1210.05,1210.05,1210.05,375,609300,1222.22,1201.40,1208.85
07.04.21 09:32:59,1200.05,1200.05,1200.05,1200.05,1050,608925,1214.67,1199.05,1206.55
07.04.21 09:36:59,1218.75,1218.75,1215.00,1215.00,675,608550,1214.89,1205.80,1211.50
07.04.21 09:40:59,1211.00,1215.80,1211.00,1215.80,150,607575,1214.83,1205.05,1210.30
07.04.21 09:41:59,1205.00,1205.00,1205.00,1205.00,75,606900,1214.64,1204.30,1211.60
07.04.21 09:43:59,1200.00,1200.00,1191.80,1191.80,225,606900,1213.57,1182.00,1189.00
07.04.21 09:44:59,1183.00,1183.00,1180.00,1180.00,1800,606825,1203.54,1177.80,1185.00
07.04.21 09:46:59,1177.00,1177.00,1177.00,1177.00,75,606825,1203.21,1177.05,1184.20
07.04.21 09:50:59,1182.60,1182.60,1182.60,1182.60,75,606750,1202.96,1185.00,1188.50
07.04.21 09:54:59,1179.20,1179.20,1179.20,1179.20,75,606750,1202.67,1175.00,1180.25
07.04.21 09:58:59,1185.00,1185.00,1185.00,1185.00,75,606750,1202.46,1178.70,1184.55
07.04.21 10:00:59,1185.00,1186.00,1185.00,1186.00,150,606675,1202.07,1185.90,1191.70
07.04.21 10:02:59,1172.00,1172.00,1158.35,1158.35,300,606675,1200.46,1150.70,1159.00
07.04.21 10:04:59,1160.00,1160.00,1155.00,1156.00,300,606675,1198.60,1152.75,1159.35
07.04.21 10:06:59,1150.20,1150.20,1149.00,1149.75,225,606675,1197.09,1151.90,1157.05
07.04.21 10:07:59,1150.30,1150.30,1150.30,1150.30,75,606675,1196.61,1150.65,1156.30
07.04.21 10:08:59,1150.00,1150.00,1150.00,1150.00,75,606675,1196.14,1153.35,1159.30
07.04.21 10:09:59,1150.00,1150.00,1150.00,1150.00,225,606900,1194.78,1153.00,1158.80
07.04.21 10:11:59,1160.00,1160.00,1160.00,1160.00,75,606900,1194.44,1159.25,1165.10
07.04.21 10:12:59,1162.55,1162.55,1162.55,1162.55,75,606900,1194.14,1164.00,1169.30
07.04.21 10:16:59,1169.00,1169.00,1169.00,1169.00,75,606900,1193.90,1183.65,1190.45
07.04.21 10:19:59,1170.00,1170.00,1170.00,1170.00,75,606900,1193.67,1174.95,1181.05
07.04.21 10:20:59,1176.90,1181.00,1176.90,1181.00,150,606900,1193.40,1183.65,1189.10
07.04.21 10:21:59,1180.00,1180.00,1180.00,1180.00,75,606900,1193.28,1174.20,1179.50
07.04.21 10:22:59,1178.00,1178.00,1178.00,1178.00,75,606900,1193.14,1180.20,1185.40
07.04.21 10:23:59,1172.00,1172.00,1172.00,1172.00,75,606900,1192.95,1170.35,1175.30
07.04.21 10:27:59,1161.00,1161.00,1161.00,1161.00,75,606900,1192.66,1158.55,1165.25
07.04.21 10:28:59,1166.80,1166.80,1162.00,1162.00,225,606900,1191.90,1155.70,1160.80
07.04.21 10:29:59,1160.45,1162.00,1160.45,1162.00,150,606825,1191.38,1162.45,1166.00
07.04.21 10:31:59,1160.85,1160.85,1160.85,1160.85,75,606825,1191.12,1161.00,1162.00
07.04.21 10:32:59,1161.00,1161.00,1161.00,1161.00,75,606825,1190.87,1160.85,1162.00
07.04.21 10:33:59,1162.00,1174.95,1162.00,1174.95,300,606825,1190.13,1178.50,1179.95
07.04.21 10:34:59,1179.95,1179.95,1179.95,1179.95,75,606825,1190.05,1171.65,1176.55
07.04.21 10:35:59,1179.00,1181.10,1173.50,1173.50,1875,606825,1188.46,1165.50,1172.50
07.04.21 10:36:59,1172.65,1172.65,1168.80,1169.45,1800,606825,1186.04,1163.80,1169.55
07.04.21 10:37:59,1169.35,1169.35,1169.35,1169.35,75,606825,1185.95,1161.10,1166.00
07.04.21 10:38:59,1162.00,1163.00,1162.00,1163.00,150,606825,1185.68,1161.45,1162.00
07.04.21 10:39:59,1160.00,1160.00,1160.00,1160.00,75,606825,1185.54,1163.30,1166.00
07.04.21 10:40:59,1169.00,1169.00,1169.00,1169.00,75,606825,1185.44,1165.50,1169.95
07.04.21 10:42:59,1170.00,1170.00,1168.20,1168.20,225,606525,1185.18,1168.45,1174.65
07.04.21 10:44:59,1175.00,1175.00,1175.00,1175.00,75,606525,1185.12,1172.30,1178.00
07.04.21 10:46:59,1175.00,1175.00,1175.00,1175.00,225,606525,1184.96,1168.00,1170.00
07.04.21 10:47:59,1170.00,1170.00,1170.00,1170.00,75,606525,1184.88,1171.20,1178.15
07.04.21 10:48:59,1172.00,1172.00,1172.00,1172.00,75,606075,1184.81,1172.20,1177.30
07.04.21 10:49:59,1173.60,1175.00,1173.60,1175.00,150,606075,1184.70,1173.40,1175.00
07.04.21 10:50:59,1175.00,1175.00,1173.45,1173.45,150,606075,1184.59,1175.00,1178.15
07.04.21 10:51:59,1175.00,1175.00,1175.00,1175.00,75,606075,1184.54,1169.60,1175.00
07.04.21 10:52:59,1168.00,1168.00,1168.00,1168.00,75,606075,1184.45,1165.50,1170.00
07.04.21 10:54:59,1162.00,1162.00,1162.00,1162.00,150,605925,1184.22,1156.70,1163.25
07.04.21 10:55:59,1145.00,1145.00,1133.85,1133.85,225,605925,1183.52,1130.00,1136.65
07.04.21 10:56:59,1133.00,1133.00,1133.00,1133.00,75,605850,1183.27,1130.20,1136.20
07.04.21 10:57:59,1130.00,1130.00,1120.00,1120.00,150,605850,1182.69,1121.50,1127.65
07.04.21 10:58:59,1122.00,1122.00,1120.20,1120.20,225,605850,1181.79,1115.15,1121.45
07.04.21 10:59:59,1115.00,1115.00,1115.00,1115.00,225,605925,1180.82,1101.75,1107.55
07.04.21 11:00:59,1100.00,1100.00,1090.00,1090.00,300,605925,1179.24,1089.05,1093.75
07.04.21 11:01:59,1088.65,1088.65,1088.65,1088.65,150,605925,1178.39,1091.60,1096.30
07.04.21 11:03:59,1094.00,1094.00,1094.00,1094.00,75,605625,1178.00,1093.15,1098.85
07.04.21 11:04:59,1095.00,1095.00,1095.00,1095.00,75,605625,1177.61,1091.85,1098.70
07.04.21 11:05:59,1098.00,1098.00,1098.00,1098.00,75,605400,1177.24,1096.30,1101.25
07.04.21 11:06:59,1088.65,1088.65,1088.65,1088.65,75,605400,1176.84,1088.65,1089.95
07.04.21 11:07:59,1088.65,1088.65,1082.25,1083.70,525,605400,1174.03,1084.70,1089.90
07.04.21 11:08:59,1088.00,1088.00,1088.00,1088.00,75,605325,1173.65,1087.50,1093.40
07.04.21 11:09:59,1085.00,1086.00,1085.00,1086.00,150,605325,1172.87,1085.15,1091.15
07.04.21 11:11:59,1092.00,1092.00,1092.00,1092.00,75,605325,1172.51,1091.70,1097.25
07.04.21 11:12:59,1092.55,1094.00,1092.00,1094.00,300,605025,1171.14,1093.25,1099.35
07.04.21 11:15:59,1070.00,1070.00,1070.00,1070.00,75,605025,1170.71,1064.55,1073.00
07.04.21 11:16:59,1072.00,1075.55,1072.00,1074.25,375,605025,1168.69,1070.05,1074.30
07.04.21 11:17:59,1072.80,1076.00,1070.00,1070.00,525,604275,1165.97,1071.95,1079.25
07.04.21 11:18:59,1074.75,1082.10,1074.75,1082.10,150,604275,1165.27,1083.35,1088.50
07.04.21 11:19:59,1085.40,1086.20,1082.75,1085.45,825,604275,1161.85,1086.70,1094.95
07.04.21 11:21:59,1095.00,1095.00,1091.00,1091.00,2325,604125,1154.66,1088.15,1094.75
07.04.21 11:22:59,1091.00,1091.00,1091.00,1091.00,150,604125,1154.22,1085.55,1093.10
07.04.21 11:23:59,1090.00,1096.00,1090.00,1096.00,375,604125,1153.21,1090.55,1097.80
07.04.21 11:24:59,1097.00,1097.00,1097.00,1097.00,225,601725,1152.65,1082.95,1091.70
07.04.21 11:25:59,1082.00,1082.00,1082.00,1082.00,75,601725,1152.41,1082.50,1089.25
07.04.21 11:27:59,1088.00,1088.00,1088.00,1088.00,75,601725,1152.20,1088.00,1088.05
07.04.21 11:28:59,1088.05,1091.60,1088.05,1088.75,525,601725,1150.77,1085.75,1092.00
07.04.21 11:29:59,1091.90,1091.90,1082.00,1082.00,225,601575,1150.14,1080.50,1087.50
07.04.21 11:30:59,1082.00,1083.00,1079.55,1079.95,375,601575,1149.04,1074.75,1079.95
07.04.21 11:31:59,1070.25,1070.90,1070.25,1070.90,150,601575,1148.55,1071.10,1072.00
07.04.21 11:32:59,1072.00,1076.10,1072.00,1073.35,375,601575,1147.38,1075.30,1081.75
07.04.21 11:34:59,1075.60,1075.60,1071.80,1071.80,150,601350,1146.93,1076.10,1079.00
07.04.21 11:35:59,1077.00,1082.00,1077.00,1082.00,300,601350,1146.11,1080.00,1084.50
07.04.21 11:37:59,1078.00,1080.00,1078.00,1080.00,225,601350,1145.50,1080.85,1086.45
07.04.21 11:38:59,1082.70,1082.70,1078.70,1080.00,600,601200,1143.96,1079.60,1084.25
07.04.21 11:39:59,1080.00,1080.00,1080.00,1080.00,75,601200,1143.77,1081.30,1082.00
07.04.21 11:40:59,1082.00,1082.00,1082.00,1082.00,75,0,1143.59,1086.70,1091.80
07.04.21 11:41:59,1084.95,1085.80,1084.95,1085.80,150,601200,1143.25,1084.15,1088.95
07.04.21 11:43:59,1085.00,1085.00,1085.00,1085.00,225,601125,1142.75,1080.80,1084.00
07.04.21 11:44:59,1082.00,1082.60,1082.00,1082.60,150,601125,1142.40,1079.10,1082.00
07.04.21 11:45:59,1079.30,1083.10,1079.30,1083.10,225,600975,1141.88,1081.10,1085.20
07.04.21 11:46:59,1083.30,1083.30,1083.00,1083.00,150,600975,1141.54,1081.25,1083.00
07.04.21 11:47:59,1083.00,1085.00,1083.00,1085.00,150,600975,1141.22,1083.75,1088.70
07.04.21 11:49:59,1092.00,1092.00,1092.00,1092.00,75,600900,1141.08,1087.80,1092.80
07.04.21 11:50:59,1095.00,1095.00,1092.00,1092.00,525,600450,1140.19,1087.65,1092.25
07.04.21 11:51:59,1091.00,1091.00,1087.35,1087.35,300,600450,1139.64,1086.90,1090.60
07.04.21 11:52:59,1092.95,1092.95,1092.95,1092.95,75,600450,1139.51,1092.50,1094.95
07.04.21 11:53:59,1094.95,1095.95,1094.75,1094.75,225,600450,1139.15,1094.35,1097.00
07.04.21 11:54:59,1095.05,1104.95,1095.05,1104.95,675,600150,1138.19,1100.85,1107.45
07.04.21 11:56:59,1102.30,1102.30,1102.30,1102.30,150,600150,1138.01,1103.20,1109.15
07.04.21 11:58:59,1100.35,1100.35,1100.35,1100.35,75,600225,1137.91,1096.95,1102.85
07.04.21 11:59:59,1104.00,1104.00,1104.00,1104.00,75,600225,1137.82,1105.60,1111.20
07.04.21 12:02:59,1115.00,1115.00,1115.00,1115.00,450,600300,1137.47,1112.50,1117.00
07.04.21 12:03:59,1112.00,1112.00,1112.00,1112.00,75,599850,1137.41,1110.00,1113.25
07.04.21 12:04:59,1110.00,1110.00,1110.00,1110.00,150,599850,1137.27,1099.90,1105.85
07.04.21 12:06:59,1085.00,1085.00,1083.05,1083.05,375,599700,1136.61,1085.15,1090.55
07.04.21 12:13:59,1072.00,1072.00,1070.00,1070.10,300,599325,1135.95,1070.70,1078.35
07.04.21 12:14:59,1072.05,1072.05,1072.00,1072.00,225,599325,1135.48,1071.35,1077.75
07.04.21 12:15:59,1073.00,1073.00,1073.00,1073.00,150,599025,1135.17,1075.75,1081.45
07.04.21 12:17:59,1080.00,1083.00,1080.00,1083.00,375,599025,1134.52,1080.50,1082.00
07.04.21 12:18:59,1080.00,1084.95,1080.00,1084.95,225,598800,1134.14,1080.90,1087.90
07.04.21 12:19:59,1083.00,1084.00,1083.00,1084.00,225,598800,1133.78,1081.50,1087.40
07.04.21 12:20:59,1083.00,1088.95,1083.00,1088.95,150,598800,1133.55,1088.85,1095.40
07.04.21 12:21:59,1086.00,1086.00,1086.00,1086.00,75,598725,1133.44,1083.65,1089.25
07.04.21 12:22:59,1083.00,1083.00,1083.00,1083.00,150,598725,1133.20,1084.65,1091.15
07.04.21 12:23:59,1087.95,1087.95,1087.95,1087.95,75,598725,1133.10,1086.55,1091.55
07.04.21 12:26:59,1090.35,1090.35,1089.95,1089.95,150,598725,1132.90,1088.40,1094.15
07.04.21 12:27:59,1088.00,1088.00,1088.00,1088.00,75,598725,1132.79,1091.65,1097.50
07.04.21 12:28:59,1092.00,1092.00,1092.00,1092.00,150,598725,1132.60,1091.10,1095.90
07.04.21 12:29:59,1088.45,1088.45,1088.00,1088.00,150,598725,1132.40,1085.95,1092.65
07.04.21 12:30:59,1083.40,1083.40,1083.40,1083.40,75,598725,1132.28,1080.05,1082.00
07.04.21 12:31:59,1082.00,1082.00,1082.00,1082.00,75,598725,1132.17,1085.50,1088.00
07.04.21 12:33:59,1087.15,1087.15,1087.15,1087.15,75,598725,1132.06,1088.75,1096.05
07.04.21 12:34:59,1089.00,1090.00,1089.00,1090.00,150,598725,1131.87,1091.05,1096.20
07.04.21 12:37:59,1083.85,1083.85,1083.00,1083.00,225,598725,1131.54,1082.10,1083.00
07.04.21 12:38:59,1083.00,1085.25,1083.00,1085.25,150,598725,1131.32,1083.95,1086.30
07.04.21 12:39:59,1083.00,1083.00,1083.00,1083.00,75,598725,1131.21,1082.20,1089.05
07.04.21 12:40:59,1079.00,1079.00,1079.00,1079.00,75,598725,1131.10,1078.55,1083.00
07.04.21 12:41:59,1080.00,1080.00,1080.00,1080.00,75,598725,1130.98,1083.10,1089.95
07.04.21 12:42:59,1083.00,1083.00,1083.00,1083.00,75,598725,1130.87,1083.40,1089.70
07.04.21 12:43:59,1083.00,1083.00,1083.00,1083.00,75,598725,1130.77,1083.70,1089.95
07.04.21 12:45:59,1085.00,1088.45,1085.00,1088.45,525,599025,1130.08,1087.60,1090.00
07.04.21 12:48:59,1102.00,1102.00,1100.75,1100.75,150,599250,1129.95,1094.40,1099.55
07.04.21 12:49:59,1085.00,1085.00,1085.00,1085.00,375,599250,1129.46,1076.15,1082.55
07.04.21 12:50:59,1074.90,1074.90,1074.90,1074.90,75,599250,1129.35,1072.45,1075.00
07.04.21 12:51:59,1074.00,1074.00,1074.00,1074.00,75,599550,1129.23,1072.15,1079.25
07.04.21 12:52:59,1071.00,1071.00,1071.00,1071.00,75,599550,1129.10,1070.10,1076.40
07.04.21 12:53:59,1072.00,1072.00,1070.00,1070.00,375,599550,1128.47,1062.30,1069.10
07.04.21 12:54:59,1070.00,1070.00,1070.00,1070.00,150,599325,1128.23,1068.00,1073.60
07.04.21 12:55:59,1075.00,1075.00,1072.40,1075.00,225,599325,1127.88,1069.80,1076.65
07.04.21 12:56:59,1076.95,1076.95,1076.95,1076.95,75,599325,1127.78,1072.10,1076.95
07.04.21 12:57:59,1076.95,1076.95,1076.95,1076.95,75,599025,1127.67,1077.30,1084.55
07.04.21 12:59:59,1082.00,1082.00,1082.00,1082.00,75,599025,1127.57,1076.40,1083.20
07.04.21 13:00:59,1079.65,1079.65,1079.65,1079.65,75,598950,1127.47,1073.85,1078.85
07.04.21 13:01:59,1081.00,1081.00,1081.00,1081.00,375,598950,1127.00,1077.40,1080.00
07.04.21 13:02:59,1080.00,1080.00,1080.00,1080.00,75,598950,1126.90,1074.50,1079.25
07.04.21 13:03:59,1075.30,1075.30,1075.30,1075.30,75,598575,1126.80,1076.00,1079.40
07.04.21 13:04:59,1076.00,1076.00,1072.95,1075.40,225,598575,1126.48,1070.00,1072.55
07.04.21 13:05:59,1070.00,1071.15,1070.00,1071.15,150,598575,1126.25,1067.75,1074.00
07.04.21 13:06:59,1074.00,1074.35,1070.00,1070.00,450,598125,1125.61,1068.55,1073.95
07.04.21 13:07:59,1070.00,1070.00,1070.00,1070.00,150,598125,1125.39,1068.05,1070.00
07.04.21 13:08:59,1070.00,1070.00,1070.00,1070.00,150,598125,1125.17,1069.85,1074.95
07.04.21 13:10:59,1066.60,1066.60,1060.00,1060.00,300,597825,1124.66,1059.25,1064.65
07.04.21 13:11:59,1057.00,1062.00,1057.00,1062.00,225,597825,1124.28,1059.05,1064.90
07.04.21 13:12:59,1061.05,1065.00,1061.00,1064.80,300,597525,1123.80,1062.00,1065.50
07.04.21 13:16:59,1112.65,1112.65,1112.65,1112.65,75,597375,1123.78,1107.60,1113.20
07.04.21 13:17:59,1105.45,1105.45,1105.45,1105.45,75,597375,1123.74,1085.55,1089.90
07.04.21 13:19:59,1093.00,1093.00,1093.00,1093.00,150,597375,1123.62,1089.95,1095.15
07.04.21 13:20:59,1089.00,1089.00,1089.00,1089.00,225,597375,1123.42,1094.95,1099.90
07.04.21 13:21:59,1096.35,1096.35,1094.00,1094.00,150,597225,1123.31,1093.95,1099.05
07.04.21 13:22:59,1096.00,1096.00,1095.00,1095.00,225,597225,1123.15,1096.85,1101.20
07.04.21 13:23:59,1105.45,1105.45,1105.45,1105.45,75,597225,1123.12,1106.00,1111.70
07.04.21 13:24:59,1109.75,1109.75,1109.75,1109.75,75,597075,1123.09,1109.40,1113.90
07.04.21 13:25:59,1110.00,1110.00,1110.00,1110.00,150,597075,1123.04,1102.45,1107.80
07.04.21 13:31:59,1119.00,1119.00,1119.00,1119.00,150,597000,1123.03,1116.60,1121.85
07.04.21 13:34:59,1111.80,1111.80,1111.80,1111.80,75,597000,1123.01,1110.65,1117.10
07.04.21 13:35:59,1110.60,1110.60,1110.00,1110.00,225,597000,1122.93,1101.05,1107.70
07.04.21 13:38:59,1110.65,1110.65,1110.65,1110.65,75,596850,1122.91,1100.95,1107.60
07.04.21 13:41:59,1152.00,1152.00,1152.00,1152.00,75,596850,1122.97,1151.05,1158.15
07.04.21 13:45:59,1152.00,1152.00,1152.00,1152.00,75,596850,1123.02,1142.45,1148.75
07.04.21 13:46:59,1146.05,1146.05,1146.05,1146.05,75,596850,1123.06,1137.95,1145.30
07.04.21 13:47:59,1132.40,1132.40,1132.40,1132.40,75,596850,1123.08,1129.80,1136.75
07.04.21 13:57:59,1110.00,1110.00,1110.00,1110.00,75,596925,1123.06,1110.00,1116.20
07.04.21 13:58:59,1110.00,1110.00,1110.00,1110.00,300,596925,1122.96,1105.60,1112.00
07.04.21 14:01:59,1095.00,1095.00,1095.00,1095.00,300,596700,1122.76,1094.30,1100.05
07.04.21 14:03:59,1096.10,1096.10,1096.10,1096.10,75,596700,1122.71,1093.50,1098.20
07.04.21 14:05:59,1095.00,1095.00,1095.00,1095.00,75,596400,1122.66,1092.40,1097.35
07.04.21 14:08:59,1098.00,1098.00,1098.00,1098.00,150,596400,1122.57,1094.10,1099.60
07.04.21 14:11:59,1092.00,1092.00,1092.00,1092.00,75,596250,1122.51,1090.15,1095.15
07.04.21 14:14:59,1090.15,1090.15,1090.15,1090.15,75,596175,1122.45,1091.15,1096.55
07.04.21 14:15:59,1100.00,1100.00,1100.00,1100.00,75,596175,1122.41,1098.10,1102.85
07.04.21 14:18:59,1096.25,1096.25,1096.25,1096.25,75,596175,1122.37,1093.80,1099.25
07.04.21 14:20:59,1088.35,1088.35,1085.00,1085.00,375,596175,1122.04,1084.10,1089.05
07.04.21 14:24:59,1088.15,1088.15,1088.15,1088.15,300,595875,1121.80,1088.75,1091.95
07.04.21 14:29:59,1095.00,1095.00,1095.00,1095.00,75,595800,1121.75,1089.20,1094.25
07.04.21 14:33:59,1078.90,1078.90,1078.90,1078.90,150,595800,1121.60,1074.25,1080.85
07.04.21 14:36:59,1077.00,1077.00,1077.00,1077.00,75,595800,1121.52,1075.65,1082.20
07.04.21 14:37:59,1083.15,1083.15,1082.40,1082.40,150,595800,1121.39,1075.20,1081.90
07.04.21 14:39:59,1081.25,1081.25,1081.25,1081.25,300,595725,1121.11,1076.10,1081.55
07.04.21 14:40:59,1081.05,1081.25,1081.05,1081.25,300,595725,1120.83,1082.15,1084.00
07.04.21 14:41:59,1084.00,1089.00,1084.00,1089.00,150,595725,1120.71,1086.10,1091.60
07.04.21 14:44:59,1089.00,1099.00,1089.00,1099.00,225,595875,1120.58,1096.35,1101.70
07.04.21 14:45:59,1105.00,1105.00,1105.00,1105.00,75,595875,1120.55,1111.60,1116.95
07.04.21 14:47:59,1118.85,1118.85,1118.85,1118.85,75,595875,1120.55,1115.05,1118.90
07.04.21 14:48:59,1118.90,1118.90,1115.00,1115.00,225,595875,1120.53,1111.85,1116.10
07.04.21 14:51:59,1107.00,1107.00,1107.00,1107.00,150,595875,1120.49,1103.30,1107.70
07.04.21 14:55:59,1110.00,1110.00,1110.00,1110.00,75,595725,1120.47,1106.00,1110.70
07.04.21 14:57:59,1110.00,1110.00,1110.00,1110.00,150,595725,1120.43,1108.05,1112.25
07.04.21 14:59:59,1112.25,1112.25,1112.25,1112.25,75,595725,1120.42,1118.20,1122.15
07.04.21 15:01:59,1100.00,1100.00,1092.85,1092.85,375,595800,1120.24,1101.60,1106.20
07.04.21 15:06:59,1106.30,1106.30,1105.20,1105.20,375,595500,1120.12,1103.70,1108.95
07.04.21 15:09:59,1102.00,1102.00,1102.00,1102.00,300,595500,1120.00,1103.70,1108.90
07.04.21 15:10:59,1109.00,1109.00,1109.00,1109.00,75,595800,1119.98,1109.25,1113.85
07.04.21 15:15:59,1114.10,1114.10,1114.10,1114.10,75,595800,1119.97,1113.40,1117.40
07.04.21 15:16:59,1112.00,1113.00,1112.00,1113.00,600,595800,1119.87,1111.20,1115.90
07.04.21 15:18:59,1111.70,1111.70,1111.70,1111.70,75,595800,1119.85,1112.25,1115.15
07.04.21 15:20:59,1113.55,1120.00,1113.55,1120.00,150,595275,1119.84,1119.00,1119.95
07.04.21 15:21:59,1119.95,1120.30,1119.95,1120.30,225,595275,1119.85,1120.45,1123.75
07.04.21 15:22:59,1123.35,1123.35,1123.35,1123.35,75,595275,1119.85,1121.90,1125.85
07.04.21 15:28:59,1121.60,1121.60,1121.60,1121.60,75,595275,1119.85,1122.00,1125.05
08.04.21 09:15:59,1055.00,1055.05,1050.10,1050.10,450,595275,1054.19,1037.90,1044.55
08.04.21 09:16:59,1040.00,1041.45,1040.00,1041.45,150,595275,1050.82,1030.30,1037.90
08.04.21 09:18:59,1027.00,1027.70,1025.00,1025.00,900,594975,1036.06,1025.00,1025.85
08.04.21 09:19:59,1025.00,1025.00,1020.00,1020.00,675,594975,1031.31,1014.30,1019.70
08.04.21 09:21:59,1007.20,1007.20,1007.20,1007.20,75,594675,1030.51,1009.85,1016.20
08.04.21 09:22:59,1013.55,1013.55,1013.55,1013.55,75,594675,1029.96,1017.30,1019.80
08.04.21 09:23:59,1019.80,1019.80,1019.80,1019.80,75,0,1029.64,1015.90,1023.60
08.04.21 09:24:59,1020.00,1023.05,1020.00,1023.05,225,594675,1028.99,1019.15,1024.60
08.04.21 09:26:59,1025.75,1025.75,1025.75,1025.75,150,594450,1028.81,1023.75,1029.90
08.04.21 09:27:59,1025.60,1025.60,1025.00,1025.00,150,594450,1028.63,1020.90,1027.60
08.04.21 09:29:59,1022.00,1022.00,1022.00,1022.00,75,594225,1028.46,1012.55,1019.80
08.04.21 09:30:59,1019.20,1019.20,1019.20,1019.20,75,594225,1028.24,1011.20,1017.35
08.04.21 09:35:59,1016.25,1016.25,1015.50,1015.50,150,594000,1027.66,1012.00,1015.35
08.04.21 09:38:59,1012.00,1012.00,1012.00,1012.00,75,594000,1027.31,1008.95,1015.85
08.04.21 09:39:59,1017.95,1017.95,1017.95,1017.95,75,593850,1027.10,1016.55,1022.70
08.04.21 09:48:59,1016.00,1016.00,1016.00,1016.00,75,593850,1026.86,1013.70,1020.60
08.04.21 09:50:59,1025.00,1025.00,1025.00,1025.00,75,593775,1026.82,1028.00,1032.60
08.04.21 09:51:59,1037.45,1037.45,1037.45,1037.45,75,593775,1027.04,1028.60,1035.55
08.04.21 09:54:59,1030.00,1030.00,1026.45,1026.45,2625,593775,1028.15,1020.05,1027.00
08.04.21 09:55:59,1020.00,1020.00,1020.00,1020.00,150,593775,1027.95,1016.55,1023.00
08.04.21 10:00:59,1010.00,1010.00,1000.00,1000.00,900,591075,1025.00,992.45,999.70
08.04.21 10:05:59,1002.00,1002.00,1002.00,1002.00,1500,590625,1021.06,999.50,1004.70
08.04.21 10:06:59,1004.95,1004.95,1004.95,1004.95,75,590625,1020.92,1005.10,1010.10
08.04.21 10:17:59,1004.25,1004.25,1004.25,1004.25,450,589125,1020.11,1004.30,1005.85
08.04.21 10:20:59,1006.25,1006.25,1006.25,1006.25,300,589125,1019.68,1001.90,1006.80
08.04.21 10:22:59,1002.00,1002.00,1000.10,1000.10,750,589125,1018.29,998.95,1003.75
08.04.21 10:24:59,1003.10,1003.10,1003.10,1003.10,75,588375,1018.18,1002.35,1006.85
08.04.21 10:30:59,991.00,991.00,984.25,984.25,375,588450,1017.15,982.65,987.85
08.04.21 10:33:59,990.70,990.70,990.70,990.70,75,588150,1016.96,988.40,992.45
08.04.21 10:34:59,989.10,989.10,989.10,989.10,75,588150,1016.77,980.45,986.20
08.04.21 10:35:59,980.00,982.70,979.95,982.70,1050,587325,1013.58,980.00,983.95
08.04.21 10:39:59,986.05,987.00,986.00,987.00,750,587325,1011.99,982.20,987.90
08.04.21 10:40:59,988.00,988.00,988.00,988.00,525,587325,1011.04,983.00,985.60
08.04.21 10:41:59,983.00,984.00,983.00,984.00,225,585900,1010.58,980.25,985.05
08.04.21 10:42:59,985.05,985.05,983.65,983.65,150,585900,1010.29,987.00,988.70
08.04.21 10:43:59,988.00,989.50,988.00,989.50,525,585900,1009.47,983.60,988.70
08.04.21 10:44:59,990.70,990.70,990.70,990.70,150,585300,1009.28,986.55,991.45
08.04.21 10:46:59,995.00,995.00,993.15,993.15,225,585300,1009.04,992.05,995.80
08.04.21 10:47:59,994.00,994.00,994.00,994.00,150,585300,1008.88,992.15,997.65
08.04.21 10:50:59,999.00,999.00,999.00,999.00,75,584850,1008.83,994.00,996.10
08.04.21 10:51:59,994.00,994.00,994.00,994.00,225,584775,1008.61,985.75,992.15
08.04.21 10:52:59,989.80,989.80,989.80,989.80,75,584775,1008.52,985.50,989.85
08.04.21 10:58:59,987.00,987.00,987.00,987.00,75,584475,1008.41,985.60,990.55
08.04.21 11:01:59,981.50,981.50,981.50,981.50,75,584400,1008.28,979.05,983.40
08.04.21 11:05:59,985.00,987.00,985.00,987.00,675,584250,1007.36,985.50,989.00
08.04.21 11:09:59,984.45,985.50,984.45,984.45,1575,584850,1005.30,981.10,986.15
08.04.21 11:10:59,984.00,984.00,981.00,981.00,1575,584850,1003.52,977.00,981.55
08.04.21 11:11:59,982.95,982.95,982.95,982.95,300,584850,1003.20,982.95,985.80
08.04.21 11:12:59,985.00,985.00,985.00,985.00,1350,581475,1002.01,983.35,988.95
08.04.21 11:13:59,989.00,989.00,989.00,989.00,75,581475,1001.96,987.75,993.95
08.04.21 11:16:59,996.95,1000.00,996.95,1000.00,300,580275,1001.92,995.70,1000.25
08.04.21 11:19:59,992.00,992.00,992.00,992.00,975,580275,1001.48,990.00,994.45
08.04.21 11:21:59,990.00,990.00,990.00,990.00,975,579300,1000.99,990.00,990.95
08.04.21 11:22:59,990.00,990.00,990.00,990.00,975,579300,1000.55,983.80,987.95
08.04.21 11:29:59,993.00,993.00,993.00,993.00,75,577950,1000.52,992.05,997.70
08.04.21 11:30:59,992.20,992.20,992.20,992.20,75,577950,1000.50,985.60,991.35
08.04.21 11:31:59,985.40,986.75,985.40,986.75,150,577950,1000.41,987.00,992.55
08.04.21 11:37:59,997.00,997.00,997.00,997.00,450,578100,1000.35,992.55,999.20
08.04.21 11:42:59,1008.00,1008.00,1008.00,1008.00,75,578100,1000.37,1001.75,1009.00
08.04.21 11:44:59,1010.00,1015.00,1010.00,1015.00,150,578100,1000.44,1016.85,1021.60
08.04.21 11:50:59,1020.00,1020.00,1020.00,1020.00,150,577950,1000.56,1015.00,1017.15
08.04.21 11:51:59,1015.00,1015.00,1015.00,1015.00,75,577800,1000.60,1008.45,1014.40
08.04.21 11:52:59,1005.95,1005.95,1005.95,1005.95,75,577800,1000.62,1008.00,1012.90
08.04.21 11:56:59,1018.00,1018.00,1018.00,1018.00,75,577800,1000.67,1015.00,1020.45
08.04.21 11:59:59,1015.00,1015.00,1015.00,1015.00,75,577725,1000.71,1011.40,1018.35
08.04.21 12:02:59,1019.95,1019.95,1019.95,1019.95,75,577650,1000.77,1019.95,1024.20
08.04.21 12:04:59,1024.00,1024.00,1024.00,1024.00,1500,577575,1002.06,1019.20,1024.55
08.04.21 12:06:59,1026.00,1031.25,1026.00,1031.25,600,576225,1002.59,1029.00,1031.40
08.04.21 12:07:59,1029.00,1029.00,1029.00,1029.00,225,576225,1002.81,1021.45,1027.80
08.04.21 12:11:59,1043.05,1043.05,1043.05,1043.05,75,575850,1002.91,1045.60,1053.90
08.04.21 12:12:59,1044.00,1044.00,1044.00,1044.00,75,575850,1003.02,1041.65,1047.70
08.04.21 12:15:59,1050.00,1050.00,1050.00,1050.00,75,575850,1003.15,1038.85,1043.90
08.04.21 12:24:59,1030.00,1030.00,1030.00,1030.00,450,575850,1003.57,1028.90,1034.50
08.04.21 12:26:59,1027.75,1027.75,1026.70,1026.70,150,575850,1003.70,1022.10,1025.90
08.04.21 12:28:59,1024.60,1024.60,1024.60,1024.60,75,575700,1003.75,1019.55,1025.50
08.04.21 12:30:59,1010.55,1010.55,1010.55,1010.55,75,575625,1003.77,1003.35,1008.45
08.04.21 12:31:59,1009.65,1009.65,1002.00,1002.00,150,575625,1003.78,1000.00,1004.60
08.04.21 12:32:59,1005.00,1005.00,1005.00,1005.00,75,575625,1003.78,1000.05,1006.30
08.04.21 12:34:59,1006.05,1009.15,1006.05,1009.15,900,575475,1003.89,1006.75,1008.85
08.04.21 12:35:59,1006.90,1009.00,1006.45,1009.00,300,575475,1003.93,1007.75,1009.10
08.04.21 12:36:59,1013.35,1013.35,1012.85,1012.85,150,574200,1003.97,1010.70,1012.90
08.04.21 12:37:59,1015.85,1015.85,1015.85,1015.85,75,574200,1004.00,1008.30,1015.05
08.04.21 12:38:59,1010.00,1010.00,1010.00,1010.00,75,574200,1004.02,1004.05,1010.85
08.04.21 12:39:59,1005.75,1006.20,1005.75,1006.00,225,574050,1004.03,1003.85,1006.00
08.04.21 12:40:59,1006.30,1006.30,1006.30,1006.30,75,574050,1004.04,1002.65,1006.25
08.04.21 12:43:59,1006.15,1006.70,1005.65,1005.90,750,573825,1004.09,1002.55,1006.55
08.04.21 12:44:59,999.65,999.65,998.05,998.50,225,573825,1004.05,994.30,999.15
08.04.21 12:45:59,997.65,997.65,992.55,993.80,1200,573075,1003.68,993.20,998.00
08.04.21 12:51:59,1002.80,1002.80,1002.80,1002.80,75,572400,1003.68,998.95,1006.20
08.04.21 12:53:59,1010.25,1010.25,1004.00,1004.00,825,572400,1003.81,999.10,1004.70
08.04.21 12:57:59,1010.70,1010.70,1010.70,1010.70,750,571575,1003.90,1002.25,1006.10
08.04.21 13:00:59,1008.00,1009.00,1008.00,1009.00,150,571125,1003.92,1009.30,1014.75
08.04.21 13:03:59,1010.85,1013.00,1010.85,1013.00,150,571050,1003.95,1006.10,1012.80
08.04.21 13:09:59,1017.00,1017.00,1017.00,1017.00,1800,570975,1004.59,1010.50,1018.30
08.04.21 13:11:59,1019.90,1019.90,1019.90,1019.90,75,570975,1004.62,1017.55,1023.05
08.04.21 13:12:59,1021.00,1021.00,1021.00,1021.00,75,569175,1004.66,1014.85,1021.55
08.04.21 13:13:59,1012.35,1015.60,1012.35,1015.60,150,569175,1004.70,1013.15,1019.05
08.04.21 13:15:59,1000.75,1002.70,992.95,992.95,675,569025,1004.58,992.85,996.10
08.04.21 13:19:59,996.40,996.40,996.40,996.40,150,568350,1004.55,991.40,996.15
08.04.21 13:20:59,989.50,995.10,989.50,995.00,525,568350,1004.37,990.75,995.45
08.04.21 13:21:59,996.60,996.60,996.60,996.60,75,568350,1004.36,998.30,1003.30
08.04.21 13:23:59,998.00,998.00,996.00,996.25,375,567825,1004.28,991.05,996.10
08.04.21 13:24:59,995.00,995.00,984.25,984.25,750,567450,1004.01,981.50,986.30
08.04.21 13:25:59,987.00,987.00,983.25,986.85,300,567450,1003.87,984.00,988.55
08.04.21 13:29:59,993.90,993.90,993.90,993.90,150,566475,1003.83,989.40,993.85
08.04.21 13:30:59,996.55,998.50,996.55,998.50,300,566475,1003.78,988.25,994.60
08.04.21 13:31:59,990.55,990.55,986.00,986.60,600,566175,1003.54,982.75,986.75
08.04.21 13:32:59,985.20,985.20,985.00,985.00,375,566175,1003.37,982.30,988.55
08.04.21 13:33:59,988.25,991.00,988.25,991.00,225,566175,1003.30,986.95,990.95
08.04.21 13:34:59,989.15,989.15,987.00,987.00,225,564975,1003.22,981.65,986.55
08.04.21 13:35:59,985.70,985.70,975.90,975.90,750,564975,1002.79,970.75,976.50
08.04.21 13:36:59,971.15,973.10,968.65,973.10,975,563925,1002.08,971.00,975.35
08.04.21 13:37:59,974.55,977.35,971.80,971.80,450,563925,1001.79,969.35,972.45
08.04.21 13:38:59,971.45,974.40,970.45,970.45,525,563925,1001.44,968.25,971.75
08.04.21 13:39:59,967.75,973.85,966.40,973.85,750,562200,1000.92,967.30,973.40
08.04.21 13:40:59,973.65,973.65,970.00,970.00,675,562200,1000.47,964.90,970.85
08.04.21 13:42:59,975.40,977.20,975.15,977.15,525,561525,1000.20,972.85,977.10
08.04.21 13:43:59,973.50,973.90,972.80,972.80,300,561525,1000.02,969.65,973.85
08.04.21 13:44:59,973.00,975.20,970.65,975.20,600,561525,999.69,971.00,973.90
08.04.21 13:45:59,976.00,977.50,974.95,977.50,450,560700,999.47,975.40,981.10
08.04.21 13:46:59,984.15,984.15,984.15,984.15,75,560700,999.44,979.15,983.35
08.04.21 13:47:59,979.90,980.00,975.30,975.30,600,560700,999.17,974.40,980.20
08.04.21 13:48:59,976.95,976.95,976.95,976.95,75,560700,999.14,972.85,978.15
08.04.21 13:51:59,978.00,978.00,978.00,978.00,75,559800,999.11,975.50,978.35
08.04.21 13:54:59,982.00,985.50,982.00,985.50,150,559800,999.06,980.60,986.90
08.04.21 13:55:59,984.10,984.20,980.00,980.00,375,559650,998.94,979.10,987.05
08.04.21 13:56:59,987.75,992.30,987.00,992.30,375,559650,998.87,985.80,992.25
08.04.21 13:58:59,990.55,990.55,990.55,990.55,150,559500,998.84,984.85,991.40
08.04.21 14:00:59,984.00,985.65,984.00,985.65,225,559350,998.78,980.05,985.95
08.04.21 14:01:59,987.45,987.45,984.90,984.90,525,559350,998.65,978.55,984.75
08.04.21 14:02:59,981.35,987.00,981.35,987.00,300,559350,998.57,982.85,987.35
08.04.21 14:03:59,990.60,990.60,990.60,990.60,150,559350,998.54,987.35,993.80
08.04.21 14:05:59,996.00,1000.00,996.00,1000.00,375,558750,998.54,999.90,1007.15
08.04.21 14:06:59,1007.10,1007.10,1007.10,1007.10,75,558750,998.55,995.05,1002.55
08.04.21 14:08:59,1002.90,1002.90,1002.90,1002.90,300,558900,998.57,996.45,1003.80
08.04.21 14:12:59,993.60,993.60,993.60,993.60,75,558750,998.57,989.45,996.00
08.04.21 14:13:59,990.40,990.40,990.40,990.40,75,558750,998.55,990.40,997.80
08.04.21 14:14:59,998.95,998.95,993.20,994.20,375,558750,998.53,989.45,997.10
08.04.21 14:16:59,996.10,996.10,996.10,996.10,225,558675,998.51,995.85,1002.45
08.04.21 14:20:59,1005.60,1007.80,1005.60,1007.80,300,558450,998.56,996.70,1005.00
08.04.21 14:21:59,1003.10,1003.10,1003.10,1003.10,75,558450,998.57,999.35,1004.85
08.04.21 14:23:59,1002.85,1002.85,1002.85,1002.85,75,558075,998.58,999.30,1003.70
08.04.21 14:26:59,1010.00,1010.00,1010.00,1010.00,1200,558000,998.81,996.80,1003.20
08.04.21 14:27:59,1008.00,1008.25,1008.00,1008.25,675,558000,998.93,1003.70,1010.00
08.04.21 14:28:59,1003.40,1012.00,1003.40,1012.00,150,558300,998.95,1011.05,1017.50
08.04.21 14:29:59,1014.00,1014.00,1011.00,1011.00,300,558300,999.03,1014.30,1021.00
08.04.21 14:32:59,1031.25,1031.25,1031.25,1031.25,600,557775,999.36,1035.95,1041.85
08.04.21 14:34:59,1070.70,1070.70,1070.70,1070.70,1050,557175,1000.68,1052.20,1059.05
08.04.21 14:37:59,1071.00,1071.00,1071.00,1071.00,375,557175,1001.14,1057.10,1063.05
08.04.21 14:38:59,1058.00,1058.00,1058.00,1058.00,75,557175,1001.21,1056.60,1062.85
08.04.21 14:39:59,1060.00,1060.00,1060.00,1060.00,225,557175,1001.44,1049.85,1056.45
08.04.21 14:40:59,1045.60,1045.60,1045.60,1045.60,150,557175,1001.56,1046.90,1054.10
08.04.21 14:41:59,1062.75,1062.75,1062.75,1062.75,75,557175,1001.64,1055.80,1060.75
08.04.21 14:43:59,1052.65,1052.65,1052.65,1052.65,75,556875,1001.71,1049.55,1054.85
08.04.21 14:44:59,1049.50,1054.95,1049.50,1054.95,225,556875,1001.90,1048.65,1056.05
08.04.21 14:48:59,1069.95,1069.95,1069.95,1069.95,75,556725,1001.99,1065.00,1069.30
08.04.21 14:51:59,1066.90,1070.45,1066.90,1067.65,2325,556575,1004.60,1067.25,1073.15
08.04.21 14:53:59,1067.95,1067.95,1067.00,1067.00,150,556575,1004.75,1068.70,1075.70
08.04.21 14:55:59,1067.00,1067.00,1067.00,1067.00,225,557025,1004.98,1067.30,1072.20
08.04.21 14:56:59,1067.00,1067.00,1067.00,1067.00,225,557025,1005.21,1071.30,1075.00
08.04.21 14:57:59,1075.00,1085.00,1075.00,1085.00,225,556950,1005.49,1078.20,1083.45
08.04.21 14:58:59,1078.40,1078.40,1078.40,1078.40,225,556950,1005.76,1078.95,1085.05
08.04.21 14:59:59,1087.65,1100.00,1087.65,1100.00,375,556950,1006.28,1105.95,1113.55
08.04.21 15:07:59,1063.00,1063.00,1063.00,1063.00,75,555975,1006.35,1055.35,1059.70
08.04.21 15:08:59,1063.00,1063.40,1061.95,1063.40,300,555975,1006.62,1069.45,1076.70
08.04.21 15:09:59,1080.15,1080.15,1080.15,1080.15,225,555975,1006.89,1075.00,1080.10
08.04.21 15:12:59,1082.65,1082.65,1082.65,1082.65,75,555975,1006.98,1081.30,1087.25
08.04.21 15:14:59,1083.00,1083.00,1083.00,1083.00,1050,556050,1008.23,1082.75,1087.75
08.04.21 15:16:59,1074.65,1074.65,1074.65,1074.65,75,556200,1008.31,1069.60,1073.85
08.04.21 15:19:59,1062.70,1062.70,1062.70,1062.70,75,556200,1008.38,1062.65,1068.45
08.04.21 15:23:59,1069.60,1069.60,1069.60,1069.60,75,556275,1008.45,1069.90,1075.00
08.04.21 15:27:59,1071.55,1071.55,1071.55,1071.55,75,556425,1008.52,1067.95,1072.05
08.04.21 15:30:00,1068.75,1068.75,1068.75,1068.75,75,556350,1008.59,1065.20,1068.75
09.04.21 09:15:59,1136.05,1136.05,1127.90,1127.90,1425,556425,1130.72,1128.40,1134.55
09.04.21 09:16:59,1131.55,1131.55,1131.55,1131.55,75,556425,1130.76,1110.30,1118.55
09.04.21 09:17:59,1094.90,1094.90,1087.70,1087.70,150,556050,1127.17,1089.55,1097.80
09.04.21 09:18:59,1102.55,1102.55,1102.55,1102.55,75,556050,1126.10,1117.10,1124.75
09.04.21 09:19:59,1124.75,1124.95,1124.75,1124.95,300,556050,1125.85,1122.25,1129.35
09.04.21 09:20:59,1129.35,1142.20,1129.35,1133.45,750,556050,1128.87,1126.55,1134.10
09.04.21 09:22:59,1132.35,1132.35,1132.35,1132.35,75,556050,1128.96,1136.05,1142.05
09.04.21 09:23:59,1133.95,1133.95,1130.80,1131.35,750,556350,1129.71,1123.85,1131.15
09.04.21 09:24:59,1130.30,1130.35,1129.65,1129.65,375,556350,1129.76,1115.15,1122.25
09.04.21 09:25:59,1124.50,1124.50,1110.25,1110.25,375,556350,1128.32,1104.05,1110.60
09.04.21 09:26:59,1107.20,1108.60,1107.20,1108.60,825,556275,1125.34,1102.15,1108.25
09.04.21 09:27:59,1107.60,1107.90,1089.95,1089.95,1125,556275,1120.98,1089.50,1096.20
09.04.21 09:35:59,1104.75,1105.25,1104.75,1105.25,225,557250,1120.43,1102.15,1108.25
09.04.21 09:37:59,1093.65,1093.65,1093.65,1093.65,75,557250,1120.12,1094.60,1099.70
09.04.21 09:38:59,1098.70,1098.70,1098.70,1098.70,75,557250,1119.88,1100.30,1105.60
09.04.21 09:39:59,1100.00,1100.00,1100.00,1100.00,75,557250,1119.66,1093.55,1099.35
09.04.21 09:40:59,1086.35,1087.10,1086.35,1087.10,150,557250,1118.95,1083.35,1089.00
09.04.21 09:41:59,1091.55,1091.55,1091.55,1091.55,75,557250,1118.65,1091.75,1097.25
09.04.21 09:42:59,1089.75,1089.75,1089.75,1089.75,75,557250,1118.34,1085.80,1091.60
09.04.21 09:43:59,1071.45,1071.45,1071.45,1071.45,75,557250,1117.85,1070.90,1077.15
09.04.21 09:48:59,1100.00,1100.00,1100.00,1100.00,75,557250,1117.66,1102.65,1109.10
09.04.21 09:53:59,1110.00,1110.00,1110.00,1110.00,75,557325,1117.58,1106.60,1111.70
09.04.21 09:54:59,1101.00,1101.00,1101.00,1101.00,225,557325,1117.09,1094.55,1099.75
09.04.21 09:56:59,1105.00,1105.00,1105.00,1105.00,75,557325,1116.97,1095.80,1101.35
09.04.21 09:58:59,1096.40,1096.40,1096.40,1096.40,225,557100,1116.37,1089.85,1095.20
09.04.21 10:05:59,1070.00,1070.00,1070.00,1070.00,75,556875,1115.93,1071.60,1076.75
09.04.21 10:09:59,1070.00,1070.00,1070.00,1070.00,75,556800,1115.50,1053.55,1062.50
09.04.21 10:10:59,1050.00,1050.00,1050.00,1050.00,75,556800,1114.89,1044.75,1051.40
09.04.21 10:15:59,1055.00,1060.00,1055.00,1060.00,225,556725,1113.30,1058.60,1065.05
09.04.21 10:25:59,1050.00,1050.00,1050.00,1050.00,4425,556725,1091.62,1045.15,1050.35
09.04.21 10:26:59,1054.95,1054.95,1054.95,1054.95,75,556575,1091.41,1055.95,1060.35
09.04.21 10:27:59,1064.05,1064.05,1064.05,1064.05,75,556575,1091.25,1062.45,1067.65
09.04.21 10:42:59,1069.95,1069.95,1069.95,1069.95,75,556650,1091.12,1059.50,1064.50
09.04.21 10:44:59,1075.65,1080.55,1075.65,1080.55,225,556650,1090.89,1081.65,1085.70
09.04.21 10:47:59,1089.75,1089.75,1083.90,1085.00,225,556575,1090.81,1074.80,1080.00
09.04.21 10:49:59,1085.00,1085.00,1085.00,1085.00,150,556575,1090.74,1082.00,1083.85
09.04.21 10:50:59,1087.00,1087.00,1080.10,1080.10,225,556275,1090.64,1074.75,1079.75
09.04.21 10:51:59,1090.00,1090.00,1090.00,1090.00,75,556275,1090.64,1085.00,1087.65
09.04.21 10:53:59,1090.00,1090.00,1090.00,1090.00,75,556275,1090.64,1086.70,1092.75
09.04.21 10:55:59,1095.00,1095.00,1095.00,1095.00,75,556125,1090.66,1083.55,1087.65
09.04.21 11:04:59,1095.00,1095.00,1095.00,1095.00,75,555975,1090.68,1095.50,1101.70
09.04.21 11:13:59,1113.95,1113.95,1113.95,1113.95,75,556050,1090.81,1110.10,1115.80
09.04.21 11:20:59,1121.90,1121.90,1121.90,1121.90,75,556050,1090.97,1108.75,1114.40
09.04.21 11:30:59,1114.35,1114.35,1114.35,1114.35,225,556050,1091.33,1112.20,1116.75
09.04.21 11:33:59,1116.00,1116.45,1115.00,1115.00,675,556050,1092.44,1116.85,1119.55
09.04.21 11:34:59,1116.85,1116.85,1106.80,1106.80,300,556050,1092.87,1110.15,1115.90
09.04.21 11:45:59,1083.75,1083.75,1083.75,1083.75,150,555225,1092.78,1083.05,1087.95
09.04.21 11:47:59,1095.00,1095.00,1095.00,1095.00,75,555225,1092.79,1089.80,1095.55
09.04.21 11:57:59,1090.00,1090.00,1090.00,1090.00,75,555225,1092.78,1086.60,1092.20
09.04.21 12:01:59,1094.95,1094.95,1094.95,1094.95,75,555225,1092.79,1094.45,1100.45
09.04.21 12:24:59,1092.00,1092.00,1092.00,1092.00,75,555225,1092.78,1091.95,1095.75
09.04.21 12:25:59,1090.00,1090.00,1090.00,1090.00,75,555225,1092.77,1086.30,1091.40
09.04.21 12:26:59,1080.00,1081.10,1080.00,1081.10,150,555225,1092.65,1077.00,1081.40
09.04.21 12:29:59,1089.00,1089.00,1089.00,1089.00,75,554925,1092.64,1086.20,1089.60
09.04.21 12:30:59,1088.45,1088.45,1088.45,1088.45,75,554925,1092.62,1085.05,1090.85
09.04.21 12:39:59,1077.00,1077.00,1077.00,1077.00,300,554925,1092.33,1078.35,1083.65
09.04.21 12:43:59,1086.00,1086.00,1086.00,1086.00,150,555225,1092.28,1080.75,1084.70
09.04.21 12:46:59,1070.00,1070.00,1070.00,1070.00,75,555375,1092.18,1069.65,1074.90
09.04.21 12:50:59,1103.95,1103.95,1103.95,1103.95,75,555300,1092.23,1092.25,1098.30
09.04.21 12:56:59,1098.00,1098.00,1098.00,1098.00,75,555300,1092.26,1085.20,1090.70
09.04.21 13:00:59,1089.75,1089.75,1089.75,1089.75,3375,555225,1092.15,1093.30,1095.35
09.04.21 13:01:59,1097.00,1097.00,1094.90,1094.90,2250,555225,1092.46,1089.05,1095.80
09.04.21 13:02:59,1094.00,1094.00,1094.00,1094.00,300,555225,1092.48,1093.45,1098.35
09.04.21 13:14:59,1095.00,1095.00,1095.00,1095.00,150,555825,1092.50,1098.75,1103.70
09.04.21 13:15:59,1102.75,1102.75,1102.75,1102.75,75,555675,1092.53,1101.80,1106.55
09.04.21 13:16:59,1105.00,1105.00,1105.00,1105.00,75,555675,1092.57,1102.85,1108.55
09.04.21 13:23:59,1091.00,1091.00,1090.00,1090.00,300,555525,1092.54,1088.80,1093.70
09.04.21 13:27:59,1088.00,1088.00,1088.00,1088.00,75,555825,1092.53,1082.00,1085.95
09.04.21 13:37:59,1105.00,1105.00,1105.00,1105.00,75,555750,1092.57,1098.50,1104.35
09.04.21 13:39:59,1115.15,1120.00,1115.15,1120.00,150,555675,1092.73,1110.65,1116.90
09.04.21 13:42:59,1129.30,1129.30,1129.30,1129.30,75,555675,1092.84,1131.85,1137.20
09.04.21 13:45:59,1143.00,1160.35,1143.00,1160.35,375,555675,1093.73,1152.25,1158.30
09.04.21 13:47:59,1134.75,1147.10,1134.75,1147.10,300,555675,1094.34,1147.60,1152.95
09.04.21 13:49:59,1166.30,1166.45,1161.05,1161.05,450,555525,1095.62,1158.15,1166.30
09.04.21 13:51:59,1154.95,1160.00,1154.95,1160.00,150,555525,1095.99,1157.05,1162.90
09.04.21 13:53:59,1155.85,1155.85,1155.85,1155.85,75,555075,1096.17,1152.50,1158.40
09.04.21 13:55:59,1146.40,1146.40,1146.40,1146.40,300,555000,1096.76,1143.70,1149.75
09.04.21 13:57:59,1153.00,1153.00,1153.00,1153.00,75,555225,1096.92,1150.15,1156.95
09.04.21 13:58:59,1150.00,1150.00,1150.00,1150.00,75,555225,1097.08,1147.20,1154.05
09.04.21 14:00:59,1160.00,1161.70,1160.00,1161.70,150,555075,1097.45,1163.95,1169.45
09.04.21 14:02:59,1156.40,1156.40,1156.40,1156.40,75,555075,1097.62,1151.55,1158.50
09.04.21 14:13:59,1135.00,1135.00,1135.00,1135.00,75,554925,1097.73,1133.45,1140.20
09.04.21 14:14:59,1135.00,1135.00,1135.00,1135.00,75,554925,1097.84,1133.00,1138.35
09.04.21 14:21:59,1117.20,1117.20,1117.20,1117.20,75,555000,1097.90,1117.25,1122.35
09.04.21 14:26:59,1122.65,1122.65,1120.00,1120.00,150,555000,1098.03,1111.85,1116.30
09.04.21 14:27:59,1110.30,1110.30,1110.30,1110.30,75,555000,1098.06,1110.90,1116.05
09.04.21 14:29:59,1092.75,1092.75,1092.75,1092.75,525,554925,1097.93,1103.05,1107.90
09.04.21 14:32:59,1112.75,1112.75,1112.75,1112.75,150,554400,1098.02,1119.55,1125.20
09.04.21 14:34:59,1125.00,1125.00,1125.00,1125.00,75,554475,1098.09,1122.35,1127.75
09.04.21 14:38:59,1120.00,1120.00,1120.00,1120.00,150,554400,1098.22,1118.10,1123.25
09.04.21 14:43:59,1119.00,1119.00,1119.00,1119.00,75,554400,1098.27,1114.05,1118.40
09.04.21 14:44:59,1114.00,1114.00,1114.00,1114.00,75,554400,1098.32,1108.85,1113.50
09.04.21 14:45:59,1113.00,1113.00,1113.00,1113.00,75,554400,1098.36,1108.00,1113.60
09.04.21 14:47:59,1115.00,1115.00,1115.00,1115.00,75,554250,1098.40,1112.10,1117.80
09.04.21 14:50:59,1118.00,1118.00,1118.00,1118.00,75,554175,1098.45,1115.65,1120.95
09.04.21 14:51:59,1115.00,1115.00,1115.00,1115.00,75,554175,1098.50,1112.90,1118.10
09.04.21 14:55:59,1113.00,1113.00,1113.00,1113.00,75,0,1098.54,1098.35,1104.60
09.04.21 15:05:59,1115.00,1115.00,1115.00,1115.00,75,553950,1098.58,1117.45,1122.85
09.04.21 15:06:59,1130.00,1130.00,1130.00,1130.00,150,553875,1098.75,1124.55,1128.55
09.04.21 15:09:59,1116.75,1116.75,1116.75,1116.75,75,553800,1098.80,1116.75,1121.15
09.04.21 15:11:59,1118.90,1118.90,1118.90,1118.90,75,553800,1098.85,1111.70,1114.70
09.04.21 15:13:59,1115.20,1115.20,1112.00,1112.00,675,553875,1099.19,1109.40,1113.20
09.04.21 15:14:59,1112.50,1112.50,1112.50,1112.50,75,553875,1099.23,1112.40,1116.80
09.04.21 15:15:59,1116.00,1118.00,1116.00,1117.00,1125,552750,1099.89,1113.10,1118.85
09.04.21 15:17:59,1112.00,1112.00,1112.00,1112.00,75,552750,1099.92,1104.75,1109.70
09.04.21 15:18:59,1111.05,1111.05,1109.90,1109.90,225,552525,1100.00,1104.40,1108.80
09.04.21 15:22:59,1109.90,1109.90,1109.00,1109.00,150,552525,1100.05,1103.65,1108.55
09.04.21 15:24:59,1109.00,1109.00,1109.00,1109.00,75,552525,1100.07,1105.00,1109.80
09.04.21 15:26:59,1110.00,1110.00,1110.00,1110.00,75,552600,1100.09,1104.90,1110.10
09.04.21 15:28:59,1111.65,1111.65,1111.65,1111.65,75,552600,1100.12,1105.85,1111.60
12.04.21 09:15:59,1369.95,1371.30,1369.90,1369.95,1425,552525,1370.02,1370.90,1379.20
12.04.21 09:16:59,1370.90,1372.85,1370.90,1372.15,300,552525,1370.39,1369.90,1378.75
12.04.21 09:17:59,1389.65,1389.65,1389.65,1389.65,75,552525,1371.20,1390.90,1399.85
12.04.21 09:18:59,1391.70,1400.00,1391.70,1400.00,375,552525,1375.87,1401.90,1407.85
12.04.21 09:20:59,1444.55,1449.95,1444.55,1449.45,375,552525,1386.59,1444.95,1450.50
12.04.21 09:21:59,1444.95,1447.05,1444.95,1447.05,225,552525,1391.44,1447.20,1455.30
12.04.21 09:22:59,1450.00,1455.00,1445.00,1445.00,975,552525,1406.62,1432.85,1440.60
12.04.21 09:23:59,1445.00,1445.00,1445.00,1445.00,150,552600,1408.10,1445.45,1454.35
12.04.21 09:24:59,1451.75,1480.50,1451.75,1480.50,450,552600,1414.45,1484.85,1492.05
12.04.21 09:25:59,1476.65,1476.65,1476.65,1476.65,75,552600,1415.50,1458.50,1465.10
12.04.21 09:27:59,1465.00,1470.00,1465.00,1469.00,525,551775,1420.98,1467.45,1476.20
12.04.21 09:28:59,1473.40,1485.75,1473.40,1485.75,150,551775,1422.70,1482.45,1492.90
12.04.21 09:29:59,1484.90,1500.40,1484.90,1499.05,975,551925,1434.27,1502.70,1512.60
12.04.21 09:30:59,1508.60,1525.00,1508.60,1525.00,600,551925,1441.74,1531.00,1537.45
12.04.21 09:31:59,1545.00,1560.00,1545.00,1560.00,450,551925,1448.63,1537.95,1548.80
12.04.21 09:32:59,1550.10,1550.10,1550.10,1550.10,300,552150,1452.76,1550.00,1556.95
12.04.21 09:33:59,1550.00,1550.00,1550.00,1550.00,75,552150,1453.74,1533.25,1541.05
12.04.21 09:34:59,1534.20,1547.85,1534.20,1547.85,150,552150,1455.45,1554.00,1563.30
12.04.21 09:35:59,1560.00,1560.00,1560.00,1560.00,150,552150,1457.46,1555.00,1563.70
12.04.21 09:36:59,1560.00,1563.40,1550.30,1550.30,900,552075,1468.24,1549.80,1559.35
12.04.21 09:37:59,1532.60,1532.60,1532.60,1532.60,75,552075,1468.79,1525.00,1530.00
12.04.21 09:38:59,1530.00,1530.00,1500.00,1500.00,300,552150,1470.52,1486.70,1490.00
12.04.21 09:39:59,1490.00,1490.00,1490.00,1490.00,75,552150,1470.68,1505.05,1516.85
12.04.21 09:40:59,1510.00,1510.00,1508.10,1510.00,675,552150,1473.35,1494.85,1504.15
12.04.21 09:41:59,1490.00,1490.00,1490.00,1490.00,75,551325,1473.48,1483.70,1492.50
12.04.21 09:42:59,1481.00,1481.00,1481.00,1481.00,150,551325,1473.62,1489.25,1498.65
12.04.21 09:43:59,1490.00,1490.00,1490.00,1490.00,1650,551325,1475.93,1486.85,1495.90
12.04.21 09:44:59,1486.60,1486.60,1486.60,1486.60,150,551325,1476.06,1482.30,1490.60
12.04.21 09:45:59,1489.75,1489.75,1489.75,1489.75,75,551325,1476.15,1475.05,1482.40
12.04.21 09:46:59,1475.00,1475.00,1475.00,1475.00,75,551325,1476.14,1493.90,1503.30
12.04.21 09:48:59,1496.65,1496.65,1496.65,1496.65,75,552525,1476.27,1479.40,1488.40
12.04.21 09:49:59,1482.40,1492.50,1482.40,1492.50,225,552525,1476.46,1492.85,1501.10
12.04.21 09:50:59,1485.00,1485.00,1485.00,1485.00,75,552450,1476.51,1483.20,1485.00
12.04.21 09:51:59,1482.30,1488.50,1482.30,1488.50,225,552450,1476.65,1482.95,1489.85
12.04.21 09:53:59,1482.25,1482.25,1482.25,1482.25,150,552450,1476.72,1477.75,1485.00
12.04.21 09:54:59,1490.65,1490.65,1490.65,1490.65,75,552750,1476.80,1493.35,1501.00
12.04.21 09:55:59,1488.25,1488.25,1488.25,1488.25,75,552750,1476.87,1478.65,1481.90
12.04.21 09:56:59,1478.00,1478.00,1478.00,1478.00,75,552750,1476.87,1484.00,1489.95
12.04.21 09:57:59,1485.00,1485.00,1485.00,1485.00,150,552750,1476.97,1490.05,1496.70
12.04.21 09:58:59,1490.00,1490.00,1481.50,1481.50,150,552750,1477.06,1477.40,1484.40
12.04.21 10:00:59,1477.00,1480.00,1477.00,1480.00,225,552675,1477.08,1478.80,1485.60
12.04.21 10:01:59,1494.90,1494.90,1494.90,1494.90,225,552675,1477.37,1491.60,1496.45
12.04.21 10:04:59,1500.00,1500.00,1500.00,1500.00,225,552825,1477.74,1508.30,1513.95
12.04.21 10:05:59,1507.95,1507.95,1507.95,1507.95,75,552825,1477.90,1502.65,1510.05
12.04.21 10:07:59,1498.75,1498.75,1498.75,1498.75,75,552975,1478.01,1498.45,1504.95
12.04.21 10:10:59,1500.00,1500.00,1498.15,1498.15,150,552975,1478.23,1503.00,1509.80
12.04.21 10:12:59,1510.00,1510.00,1509.00,1509.00,450,553050,1479.20,1510.00,1516.35
12.04.21 10:13:59,1510.00,1510.00,1510.00,1510.00,75,553050,1479.35,1513.00,1521.40
12.04.21 10:15:59,1535.00,1535.00,1535.00,1535.00,300,552750,1480.46,1543.15,1549.90
12.04.21 10:16:59,1541.20,1549.95,1541.20,1549.95,150,552750,1481.10,1547.70,1549.95
12.04.21 10:17:59,1549.95,1550.90,1549.95,1550.00,450,552375,1483.09,1546.30,1550.00
12.04.21 10:18:59,1544.90,1544.90,1538.95,1540.00,525,552375,1484.94,1537.00,1543.60
12.04.21 10:19:59,1540.00,1542.55,1540.00,1542.55,225,552375,1485.72,1539.20,1547.70
12.04.21 10:23:59,1545.00,1550.00,1545.00,1550.00,225,553125,1486.54,1537.05,1540.00
12.04.21 10:24:59,1542.00,1545.00,1542.00,1543.00,675,553125,1488.75,1545.00,1549.00
12.04.21 10:25:59,1548.00,1548.00,1545.00,1547.85,1500,553125,1493.33,1542.45,1550.40
12.04.21 10:26:59,1545.00,1545.00,1545.00,1545.00,75,553125,1493.54,1548.45,1555.35
12.04.21 10:34:59,1541.95,1541.95,1541.95,1541.95,150,553425,1493.92,1540.10,1547.50
12.04.21 10:36:59,1559.95,1559.95,1559.95,1559.95,225,553575,1494.68,1558.75,1565.10
12.04.21 10:37:59,1561.50,1565.00,1561.50,1564.55,375,553575,1496.00,1563.95,1570.75
12.04.21 10:38:59,1578.05,1578.05,1578.05,1578.05,75,553575,1496.31,1571.25,1577.80
12.04.21 10:39:59,1578.05,1578.05,1578.05,1578.05,75,554025,1496.62,1575.85,1582.55
12.04.21 10:40:59,1579.95,1585.00,1579.95,1585.00,1050,554025,1500.85,1588.30,1590.00
12.04.21 10:41:59,1590.00,1590.00,1585.00,1585.00,225,555075,1501.77,1581.20,1587.70
12.04.21 10:42:59,1570.00,1570.00,1566.60,1566.60,150,555075,1502.24,1563.70,1569.75
12.04.21 10:44:59,1567.90,1570.00,1567.90,1570.00,150,554775,1502.70,1565.70,1571.90
12.04.21 10:46:59,1548.80,1548.80,1548.80,1548.80,75,554775,1502.87,1543.45,1552.40
12.04.21 10:49:59,1540.00,1540.00,1530.00,1530.00,225,554700,1503.22,1528.70,1535.90
12.04.21 10:50:59,1527.10,1527.10,1527.10,1527.10,75,554700,1503.30,1524.95,1531.95
12.04.21 10:51:59,1529.00,1530.00,1529.00,1530.00,375,554700,1503.75,1525.05,1531.85
12.04.21 10:53:59,1529.00,1529.00,1527.00,1527.00,300,554700,1504.07,1527.75,1536.00
12.04.21 10:56:59,1528.80,1528.80,1528.80,1528.80,75,555150,1504.15,1528.55,1536.60
12.04.21 10:57:59,1530.15,1530.15,1530.15,1530.15,225,555150,1504.41,1531.10,1538.15
12.04.21 10:59:59,1527.95,1529.95,1527.95,1529.95,150,555225,1504.57,1515.00,1519.75
12.04.21 11:00:59,1519.00,1519.95,1518.60,1519.95,300,555225,1504.75,1518.90,1526.45
12.04.21 11:03:59,1527.00,1527.00,1527.00,1527.00,150,555225,1504.90,1526.65,1533.05
12.04.21 11:04:59,1528.95,1530.00,1528.00,1530.00,375,555225,1505.28,1527.60,1530.00
12.04.21 11:05:59,1530.00,1535.00,1530.00,1535.00,150,555225,1505.46,1531.10,1535.00
12.04.21 11:06:59,1535.00,1540.00,1535.00,1540.00,225,555225,1505.75,1537.10,1543.85
12.04.21 11:07:59,1540.00,1540.00,1540.00,1540.00,150,555225,1505.96,1536.70,1542.75
12.04.21 11:08:59,1536.70,1536.95,1536.70,1536.95,150,555225,1506.15,1537.20,1540.00
12.04.21 11:09:59,1540.00,1541.45,1540.00,1540.70,225,555075,1506.47,1541.25,1546.85
12.04.21 11:11:59,1540.00,1542.00,1540.00,1542.00,150,555150,1506.67,1543.60,1549.65
12.04.21 11:12:59,1545.00,1545.00,1545.00,1545.00,75,555150,1506.79,1546.20,1552.25
12.04.21 11:13:59,1550.00,1550.00,1550.00,1550.00,225,555150,1507.18,1549.40,1554.45
12.04.21 11:14:59,1550.00,1555.00,1550.00,1555.00,150,555150,1507.45,1551.10,1555.00
12.04.21 11:15:59,1550.00,1550.00,1550.00,1550.00,150,555150,1507.70,1550.70,1556.70
12.04.21 11:16:59,1555.00,1555.00,1555.00,1555.00,75,555150,1507.84,1554.65,1560.55
12.04.21 11:17:59,1560.00,1560.00,1555.00,1555.00,150,555150,1508.13,1554.80,1560.85
12.04.21 11:19:59,1553.00,1553.00,1550.15,1550.15,150,555075,1508.38,1552.05,1558.20
12.04.21 11:22:59,1554.15,1554.15,1552.35,1552.35,225,555000,1508.77,1553.20,1555.00
12.04.21 11:23:59,1553.10,1555.00,1550.00,1550.00,225,555000,1509.15,1552.45,1555.00
12.04.21 11:24:59,1555.00,1560.00,1555.00,1560.00,150,555000,1509.42,1553.85,1559.50
12.04.21 11:26:59,1556.50,1560.00,1555.95,1555.95,300,554925,1509.96,1555.70,1560.00
12.04.21 11:27:59,1556.60,1570.00,1556.60,1570.00,375,554925,1510.72,1565.30,1571.50
12.04.21 11:28:59,1564.85,1570.00,1564.85,1570.00,300,554925,1511.34,1569.60,1574.85
12.04.21 11:29:59,1570.00,1575.30,1570.00,1575.30,675,554925,1512.85,1576.65,1582.85
12.04.21 11:30:59,1584.15,1584.15,1577.00,1577.00,225,555150,1513.38,1568.05,1574.00
12.04.21 11:31:59,1570.35,1570.35,1570.00,1570.00,150,555150,1513.68,1569.55,1575.15
12.04.21 11:32:59,1570.00,1573.00,1568.80,1573.00,375,555000,1514.43,1573.75,1579.10
12.04.21 11:33:59,1573.00,1580.15,1573.00,1580.00,375,555000,1515.25,1578.40,1584.70
12.04.21 11:34:59,1584.20,1589.90,1584.20,1589.90,450,555000,1516.37,1587.50,1589.90
12.04.21 11:35:59,1589.90,1600.00,1589.90,1600.00,900,555675,1518.70,1593.20,1595.00
12.04.21 11:36:59,1595.00,1601.35,1595.00,1600.00,750,555675,1520.59,1588.45,1594.15
12.04.21 11:37:59,1582.70,1582.70,1580.00,1580.00,375,555675,1521.30,1579.70,1586.05
12.04.21 11:38:59,1580.00,1580.00,1580.00,1580.00,225,555675,1521.71,1571.85,1575.00
12.04.21 11:39:59,1575.00,1576.00,1573.30,1576.00,225,555825,1522.09,1574.45,1581.40
12.04.21 11:40:59,1575.00,1592.00,1575.00,1592.00,375,555825,1522.78,1591.10,1597.85
12.04.21 11:41:59,1590.00,1590.00,1588.20,1589.50,375,555825,1523.54,1591.15,1598.45
12.04.21 11:42:59,1600.00,1601.85,1600.00,1601.85,150,555825,1523.89,1599.90,1607.15
12.04.21 11:43:59,1600.30,1607.45,1600.30,1607.45,300,555825,1524.61,1608.00,1610.00
12.04.21 11:44:59,1610.00,1611.00,1607.00,1607.00,450,555825,1525.74,1593.15,1600.80
12.04.21 11:45:59,1600.55,1600.55,1595.00,1595.00,150,556050,1526.06,1595.50,1600.00
12.04.21 11:46:59,1597.25,1597.25,1595.80,1595.80,150,556050,1526.38,1587.00,1589.95
12.04.21 11:47:59,1590.00,1590.00,1585.00,1585.00,300,556050,1526.91,1586.45,1593.85
12.04.21 11:48:59,1585.05,1588.30,1585.05,1585.85,300,555900,1527.43,1580.90,1587.40
12.04.21 11:49:59,1586.00,1586.00,1586.00,1586.00,75,555900,1527.56,1586.90,1594.55
12.04.21 11:50:59,1599.80,1599.80,1599.80,1599.80,75,555900,1527.71,1594.50,1599.85
12.04.21 11:51:59,1592.40,1600.00,1592.40,1600.00,300,555900,1528.30,1600.00,1606.95
12.04.21 11:52:59,1601.20,1601.20,1601.20,1601.20,75,555900,1528.45,1607.20,1612.85
12.04.21 11:53:59,1600.60,1605.00,1600.60,1605.00,225,555900,1528.93,1604.85,1610.25
12.04.21 11:54:59,1610.00,1620.00,1610.00,1620.00,525,555825,1530.20,1612.50,1618.05
12.04.21 11:55:59,1620.00,1621.95,1620.00,1620.00,225,555825,1530.76,1619.50,1626.00
12.04.21 11:56:59,1625.00,1625.00,1620.00,1620.00,150,555825,1531.14,1615.80,1622.40
12.04.21 11:57:59,1617.30,1617.30,1613.50,1615.00,375,556125,1532.00,1613.75,1619.10
12.04.21 11:58:59,1615.80,1615.80,1615.80,1615.80,75,556125,1532.18,1617.90,1623.60
12.04.21 11:59:59,1620.00,1620.00,1617.15,1620.00,525,556125,1533.41,1618.60,1624.50
12.04.21 12:00:59,1620.45,1620.45,1620.45,1620.45,75,556050,1533.58,1624.15,1625.00
12.04.21 12:01:59,1625.00,1631.90,1625.00,1630.60,600,556050,1535.07,1630.80,1634.00
12.04.21 12:02:59,1632.10,1636.30,1631.80,1636.30,750,556050,1536.99,1638.00,1642.80
12.04.21 12:03:59,1635.00,1635.00,1630.00,1630.00,225,556050,1537.54,1631.30,1637.80
12.04.21 12:04:59,1630.45,1640.65,1630.00,1640.50,600,556050,1539.03,1641.55,1648.15
12.04.21 12:05:59,1640.00,1640.00,1637.60,1637.90,225,556050,1539.59,1647.25,1649.95
12.04.21 12:06:59,1646.70,1659.95,1646.70,1654.00,525,556050,1541.06,1656.50,1661.65
12.04.21 12:07:59,1656.20,1656.20,1650.00,1650.00,300,556050,1541.89,1648.60,1652.95
12.04.21 12:08:59,1650.00,1650.00,1645.00,1650.00,225,556050,1542.48,1650.65,1655.00
12.04.21 12:09:59,1655.00,1663.70,1655.00,1663.70,225,555975,1543.12,1672.90,1679.35
12.04.21 12:10:59,1665.70,1670.00,1665.70,1668.60,225,555975,1543.80,1666.00,1670.00
12.04.21 12:11:59,1665.00,1670.00,1665.00,1670.00,675,555975,1545.82,1667.35,1671.65
12.04.21 12:12:59,1672.05,1672.10,1665.05,1665.05,375,555975,1546.92,1665.65,1669.95
12.04.21 12:14:59,1645.00,1648.00,1645.00,1648.00,225,555975,1547.44,1650.00,1653.25
12.04.21 12:15:59,1650.00,1650.00,1636.35,1636.35,225,555975,1547.95,1637.65,1643.35
12.04.21 12:18:59,1625.00,1625.30,1625.00,1625.30,150,555825,1548.22,1634.95,1641.35
12.04.21 12:19:59,1642.00,1642.00,1642.00,1642.00,75,555825,1548.39,1646.60,1650.00
12.04.21 12:20:59,1650.00,1650.00,1650.00,1650.00,150,555825,1548.74,1652.05,1659.90
12.04.21 12:21:59,1650.00,1650.00,1650.00,1650.00,75,555900,1548.92,1636.35,1642.85
12.04.21 12:25:59,1630.20,1636.50,1630.20,1636.50,225,555825,1549.36,1629.05,1635.85
12.04.21 12:26:59,1628.00,1630.00,1620.00,1620.00,675,555825,1550.56,1619.60,1624.50
12.04.21 12:28:59,1635.00,1635.50,1635.00,1635.00,225,556200,1550.99,1635.05,1638.05
12.04.21 12:29:59,1635.05,1635.05,1625.00,1625.00,225,556200,1551.39,1621.05,1628.25
12.04.21 12:30:59,1630.00,1630.00,1630.00,1630.00,75,556125,1551.52,1623.25,1629.95
12.04.21 12:31:59,1632.50,1632.50,1632.50,1632.50,75,556125,1551.65,1628.70,1635.65
12.04.21 12:32:59,1630.00,1631.05,1630.00,1630.50,300,556125,1552.18,1636.65,1643.50
12.04.21 12:33:59,1637.90,1643.00,1637.90,1643.00,225,556125,1552.62,1638.85,1646.20
12.04.21 12:34:59,1645.00,1647.00,1645.00,1647.00,750,556125,1554.16,1647.75,1655.20
12.04.21 12:35:59,1655.00,1655.00,1655.00,1655.00,525,556125,1555.30,1646.20,1653.30
12.04.21 12:36:59,1645.00,1645.00,1632.10,1632.10,225,555000,1555.70,1630.75,1637.35
12.04.21 12:37:59,1635.00,1635.00,1635.00,1635.00,150,555000,1555.95,1633.40,1640.35
12.04.21 12:38:59,1635.00,1635.00,1635.00,1635.00,150,555000,1556.21,1627.75,1633.25
12.04.21 12:39:59,1630.00,1630.00,1630.00,1630.00,75,555075,1556.32,1623.15,1629.95
12.04.21 12:42:59,1620.00,1620.00,1620.00,1620.00,300,555150,1556.73,1615.05,1618.00
12.04.21 12:43:59,1611.20,1620.70,1611.20,1620.00,300,555150,1557.11,1611.90,1617.70
12.04.21 12:44:59,1610.00,1610.00,1610.00,1610.00,300,555150,1557.45,1611.90,1618.55
12.04.21 12:46:59,1613.65,1613.65,1613.65,1613.65,375,555750,1557.89,1624.75,1630.20
12.04.21 12:47:59,1630.00,1630.00,1630.00,1630.00,75,555750,1558.00,1632.50,1635.00
12.04.21 12:49:59,1627.95,1627.95,1625.00,1625.00,150,555750,1558.21,1624.70,1632.45
12.04.21 12:50:59,1630.00,1630.00,1625.00,1625.00,225,555750,1558.54,1620.70,1627.55
12.04.21 12:51:59,1620.00,1625.00,1620.00,1625.00,225,555825,1558.83,1622.95,1629.70
12.04.21 12:52:59,1622.60,1630.00,1622.60,1630.00,375,555825,1559.34,1631.25,1635.00
12.04.21 12:53:59,1635.00,1637.55,1635.00,1637.55,150,555825,1559.58,1639.05,1645.40
12.04.21 12:55:59,1645.00,1645.00,1645.00,1645.00,75,556050,1559.71,1644.75,1650.65
12.04.21 12:57:59,1639.00,1639.00,1639.00,1639.00,600,556050,1560.65,1645.70,1651.20
12.04.21 12:59:59,1640.00,1641.30,1640.00,1641.30,225,556050,1561.01,1644.40,1651.45
12.04.21 13:01:59,1630.00,1633.00,1630.00,1633.00,150,556650,1561.22,1629.30,1630.00
12.04.21 13:02:59,1630.00,1635.00,1625.00,1625.00,525,556650,1561.95,1623.05,1629.95
12.04.21 13:03:59,1632.00,1635.00,1632.00,1635.00,375,556350,1562.46,1635.70,1643.40
12.04.21 13:04:59,1640.00,1640.00,1636.35,1636.35,150,556350,1562.68,1633.80,1635.00
12.04.21 13:05:59,1635.00,1640.00,1635.00,1635.05,225,556350,1563.01,1637.35,1640.00
12.04.21 13:06:59,1637.00,1637.00,1630.70,1630.70,150,556650,1563.21,1632.15,1635.00
12.04.21 13:07:59,1635.70,1639.00,1635.70,1639.00,375,556650,1563.74,1639.10,1646.35
12.04.21 13:08:59,1645.00,1645.00,1641.95,1641.95,225,556650,1564.08,1644.45,1650.00
12.04.21 13:09:59,1645.00,1650.00,1645.00,1650.00,300,556650,1564.56,1650.50,1657.45
12.04.21 13:10:59,1652.00,1652.00,1652.00,1652.00,75,556650,1564.68,1645.95,1654.15
12.04.21 13:12:59,1640.00,1640.00,1640.00,1640.00,525,556650,1565.42,1632.50,1638.85
12.04.21 13:13:59,1636.10,1636.10,1635.00,1635.00,150,556650,1565.62,1632.75,1635.00
12.04.21 13:14:59,1635.00,1635.00,1635.00,1635.00,75,556650,1565.72,1643.85,1649.70
12.04.21 13:15:59,1645.00,1645.00,1645.00,1645.00,75,557175,1565.83,1639.15,1646.75
12.04.21 13:19:59,1655.00,1655.00,1650.00,1650.00,300,557175,1566.31,1639.60,1645.75
12.04.21 13:21:59,1635.00,1637.00,1635.00,1636.20,300,556875,1566.69,1635.50,1637.00
12.04.21 13:22:59,1636.00,1649.25,1636.00,1649.25,300,556875,1567.10,1649.60,1655.05
12.04.21 13:23:59,1649.60,1650.15,1648.00,1650.15,375,556875,1567.66,1654.40,1661.50
12.04.21 13:24:59,1650.15,1655.00,1650.15,1655.00,300,557025,1568.12,1656.20,1660.95
12.04.21 13:25:59,1656.00,1656.00,1656.00,1656.00,225,557025,1568.48,1659.55,1664.65
12.04.21 13:26:59,1669.90,1669.90,1669.90,1669.90,75,557025,1568.61,1665.70,1669.90
12.04.21 13:27:59,1665.00,1676.40,1665.00,1671.65,600,557025,1569.71,1670.30,1677.00
12.04.21 13:28:59,1670.00,1670.00,1670.00,1670.00,75,557025,1569.84,1669.55,1672.00
12.04.21 13:29:59,1659.10,1659.10,1659.10,1659.10,75,557025,1569.96,1635.10,1643.55
12.04.21 13:30:59,1630.00,1630.00,1625.00,1625.00,150,557475,1570.11,1623.25,1630.00
12.04.21 13:31:59,1630.00,1630.00,1630.00,1630.00,75,557475,1570.19,1631.85,1639.10
12.04.21 13:32:59,1635.00,1636.65,1635.00,1635.00,225,557475,1570.45,1642.80,1651.60
12.04.21 13:33:59,1635.00,1635.00,1635.00,1635.00,450,557625,1570.96,1634.70,1642.50
12.04.21 13:34:59,1635.00,1635.00,1630.65,1630.65,150,557625,1571.12,1633.70,1642.05
12.04.21 13:35:59,1635.00,1635.00,1630.40,1635.00,225,557625,1571.36,1633.35,1639.80
12.04.21 13:36:59,1631.00,1642.60,1631.00,1641.00,300,558150,1571.70,1638.10,1640.00
12.04.21 13:37:59,1640.00,1650.00,1637.90,1650.00,675,558150,1572.49,1651.40,1660.45
12.04.21 13:38:59,1650.45,1650.45,1650.45,1650.45,75,558150,1572.59,1648.35,1650.00
12.04.21 13:39:59,1650.00,1650.00,1650.00,1650.00,150,558150,1572.79,1640.05,1645.00
12.04.21 13:40:59,1635.00,1635.00,1631.00,1631.00,150,558675,1572.94,1629.95,1636.85
12.04.21 13:41:59,1635.00,1635.00,1630.00,1630.00,150,558675,1573.09,1629.40,1635.85
12.04.21 13:43:59,1645.00,1650.00,1645.00,1650.00,150,558675,1573.28,1650.90,1658.45
12.04.21 13:45:59,1663.15,1663.15,1663.15,1663.15,75,558675,1573.40,1654.70,1662.60
12.04.21 13:46:59,1650.10,1650.10,1650.10,1650.10,300,558675,1573.78,1645.25,1655.25
12.04.21 14:01:59,1655.00,1655.00,1655.00,1655.00,300,558975,1574.19,1646.45,1650.00
12.04.21 14:02:59,1650.00,1650.00,1650.00,1650.00,75,558975,1574.28,1650.30,1656.00
12.04.21 14:04:59,1640.00,1640.00,1640.00,1640.00,75,559275,1574.37,1626.80,1630.00
12.04.21 14:05:59,1625.00,1630.00,1625.00,1630.00,150,559275,1574.50,1632.75,1639.05
12.04.21 14:06:59,1640.00,1640.00,1640.00,1640.00,150,559275,1574.66,1636.50,1640.00
12.04.21 14:10:59,1636.55,1636.55,1636.55,1636.55,75,559350,1574.74,1637.50,1644.15
12.04.21 14:11:59,1640.00,1640.00,1640.00,1640.00,75,559350,1574.82,1647.35,1653.60
12.04.21 14:14:59,1650.70,1650.70,1650.00,1650.00,150,559350,1575.00,1650.35,1658.80
12.04.21 14:15:59,1650.00,1650.00,1641.00,1641.00,150,559350,1575.18,1637.90,1640.00
12.04.21 14:16:59,1640.00,1640.00,1627.30,1630.00,300,559350,1575.45,1625.70,1632.80
12.04.21 14:18:59,1641.20,1641.20,1641.20,1641.20,75,559350,1575.54,1641.25,1645.00
12.04.21 14:19:59,1645.00,1645.00,1640.00,1640.00,150,559350,1575.70,1636.95,1644.20
12.04.21 14:20:59,1635.90,1640.00,1635.00,1640.00,225,559350,1575.92,1639.55,1649.25
12.04.21 14:21:59,1640.00,1640.00,1635.00,1635.00,150,559425,1576.07,1634.80,1641.70
12.04.21 14:22:59,1640.65,1640.80,1640.00,1640.80,225,559425,1576.31,1636.55,1641.50
12.04.21 14:23:59,1640.00,1640.00,1637.00,1640.00,225,559425,1576.53,1639.35,1640.00
12.04.21 14:24:59,1635.00,1637.35,1635.00,1637.35,225,559350,1576.75,1631.25,1638.80
12.04.21 14:25:59,1635.00,1635.00,1635.00,1635.00,75,559350,1576.82,1638.00,1642.95
12.04.21 14:28:59,1635.00,1635.85,1635.00,1635.70,225,559350,1577.03,1636.60,1643.60
12.04.21 14:31:59,1645.00,1645.00,1645.00,1645.00,75,559350,1577.11,1666.15,1670.00
12.04.21 14:32:59,1670.00,1682.00,1670.00,1675.00,450,559350,1577.83,1671.75,1676.55
12.04.21 14:33:59,1658.00,1670.00,1658.00,1670.00,150,559125,1578.04,1667.20,1674.70
12.04.21 14:34:59,1680.00,1680.00,1680.00,1680.00,75,559125,1578.16,1672.60,1679.05
12.04.21 14:36:59,1676.25,1681.00,1676.25,1681.00,150,559125,1578.39,1681.20,1687.00
12.04.21 14:37:59,1680.00,1680.00,1680.00,1680.00,150,559125,1578.63,1681.05,1687.85
12.04.21 14:38:59,1689.90,1689.90,1689.90,1689.90,600,559125,1579.67,1681.60,1688.00
12.04.21 14:39:59,1676.05,1676.05,1676.05,1676.05,300,559125,1580.12,1675.15,1682.75
12.04.21 14:41:59,1674.30,1674.30,1674.30,1674.30,75,559200,1580.23,1679.65,1685.90
12.04.21 14:42:59,1685.00,1685.00,1685.00,1685.00,75,559200,1580.35,1678.95,1685.75
12.04.21 14:43:59,1680.00,1681.65,1680.00,1680.00,225,560175,1580.69,1678.80,1685.15
12.04.21 14:44:59,1680.00,1680.00,1675.00,1677.85,300,560175,1581.14,1676.85,1684.05
12.04.21 14:45:59,1664.25,1675.00,1664.25,1675.00,225,560025,1581.44,1674.20,1682.20
12.04.21 14:46:59,1680.00,1680.00,1666.40,1666.40,150,560025,1581.65,1668.15,1675.90
12.04.21 14:47:59,1670.00,1670.00,1670.00,1670.00,75,560025,1581.75,1667.75,1674.90
12.04.21 14:48:59,1671.75,1678.00,1670.00,1678.00,300,560025,1582.17,1677.45,1684.80
12.04.21 14:49:59,1680.00,1700.00,1680.00,1700.00,1650,560025,1584.88,1699.35,1706.95
12.04.21 14:50:59,1692.55,1692.55,1681.85,1681.85,150,560025,1585.11,1674.35,1681.90
12.04.21 14:51:59,1676.00,1676.85,1676.00,1676.85,150,561300,1585.31,1677.05,1685.35
12.04.21 14:52:59,1677.15,1683.00,1674.15,1683.00,450,561300,1585.91,1682.85,1690.35
12.04.21 14:53:59,1682.70,1682.70,1677.75,1682.65,300,561300,1586.33,1681.20,1688.00
12.04.21 14:54:59,1680.40,1687.70,1675.05,1687.70,300,561375,1586.74,1683.80,1690.00
12.04.21 14:55:59,1685.00,1695.40,1681.35,1681.35,525,561375,1587.49,1681.75,1688.10
12.04.21 14:56:59,1687.10,1690.55,1686.35,1690.00,300,561375,1587.92,1689.35,1696.15
12.04.21 14:57:59,1690.15,1700.00,1690.15,1700.00,1050,562050,1589.55,1702.20,1708.30
12.04.21 14:58:59,1709.30,1709.30,1709.30,1709.30,75,562050,1589.68,1704.30,1711.70
12.04.21 14:59:59,1697.60,1700.00,1697.60,1700.00,150,562050,1589.91,1700.10,1707.05
12.04.21 15:00:59,1686.10,1687.90,1682.00,1682.00,300,562050,1590.31,1682.70,1688.55
12.04.21 15:01:59,1690.00,1690.00,1690.00,1690.00,75,562050,1590.41,1681.95,1689.55
12.04.21 15:02:59,1682.60,1682.60,1681.80,1681.80,300,562050,1590.80,1681.70,1689.00
12.04.21 15:03:59,1682.00,1682.00,1673.10,1673.10,300,562050,1591.16,1676.95,1685.10
12.04.21 15:04:59,1680.00,1680.00,1680.00,1680.00,300,562050,1591.53,1672.90,1679.95
12.04.21 15:05:59,1666.25,1680.00,1666.25,1680.00,225,562050,1591.78,1678.85,1685.85
12.04.21 15:06:59,1680.00,1685.00,1680.00,1685.00,225,562050,1592.05,1683.80,1691.25
12.04.21 15:07:59,1682.15,1682.15,1680.00,1681.05,225,562050,1592.33,1679.55,1687.00
12.04.21 15:08:59,1677.25,1677.25,1672.15,1675.00,300,562050,1592.67,1676.90,1684.65
12.04.21 15:09:59,1679.45,1679.45,1679.45,1679.45,75,562050,1592.76,1678.85,1686.30
12.04.21 15:10:59,1680.00,1680.90,1671.05,1680.90,375,562050,1593.19,1680.95,1687.80
12.04.21 15:11:59,1681.00,1681.00,1675.00,1678.40,300,562050,1593.53,1678.25,1684.90
12.04.21 15:12:59,1675.00,1675.35,1675.00,1675.00,225,562050,1593.78,1673.35,1680.65
12.04.21 15:13:59,1670.00,1670.00,1670.00,1670.00,75,562050,1593.86,1665.00,1672.15
12.04.21 15:14:59,1660.00,1660.00,1660.00,1660.00,75,562050,1593.92,1659.50,1665.95
12.04.21 15:22:59,1650.00,1650.00,1638.90,1638.90,150,561975,1594.03,1635.10,1642.60
12.04.21 15:24:59,1640.00,1640.00,1635.00,1635.00,1125,561900,1594.64,1632.25,1639.50
12.04.21 15:26:59,1627.75,1627.75,1626.35,1626.35,525,561900,1594.86,1626.75,1632.65
12.04.21 15:27:59,1626.70,1626.70,1626.70,1626.70,75,563400,1594.90,1626.75,1634.45
12.04.21 15:30:00,1627.50,1627.50,1627.50,1627.50,75,563400,1594.93,1625.95,1637.25
13.04.21 09:16:59,1602.20,1602.25,1602.20,1602.25,150,563475,1602.22,1588.60,1595.95
13.04.21 09:20:59,1650.00,1685.80,1650.00,1685.80,150,563550,1635.06,1662.40,1669.95
13.04.21 09:21:59,1663.25,1663.25,1663.25,1663.25,75,563550,1640.70,1614.50,1620.60
13.04.21 09:22:59,1614.85,1614.85,1614.85,1614.85,75,0,1636.39,1608.10,1613.70
13.04.21 09:23:59,1600.00,1600.00,1600.00,1600.00,75,563325,1631.19,1593.15,1599.60
13.04.21 09:25:59,1599.45,1599.45,1599.45,1599.45,75,563325,1627.22,1592.85,1600.25
13.04.21 09:28:59,1599.45,1599.45,1599.45,1599.45,75,563250,1624.13,1592.30,1600.60
13.04.21 09:29:59,1599.45,1599.45,1599.45,1599.45,75,563250,1621.67,1590.10,1597.70
13.04.21 09:35:59,1586.65,1586.65,1586.00,1586.00,150,563250,1615.77,1583.20,1591.45
13.04.21 09:36:59,1580.00,1580.00,1580.00,1580.00,225,563250,1608.62,1579.75,1588.45
13.04.21 09:39:59,1589.15,1589.15,1589.15,1589.15,75,563175,1607.40,1580.50,1588.10
13.04.21 09:41:59,1595.00,1595.00,1595.00,1595.00,225,563100,1605.44,1595.00,1597.45
13.04.21 09:42:59,1595.00,1595.00,1595.00,1595.00,75,563100,1604.92,1587.10,1594.60
13.04.21 09:47:59,1583.40,1583.40,1580.00,1580.00,1425,562800,1593.66,1579.70,1585.95
13.04.21 09:49:59,1570.00,1570.00,1570.00,1570.00,300,562800,1591.46,1557.90,1565.10
13.04.21 09:53:59,1544.00,1544.00,1544.00,1544.00,525,563850,1584.99,1546.70,1553.55
13.04.21 09:57:59,1552.85,1552.85,1552.85,1552.85,75,563850,1584.36,1550.50,1557.75
13.04.21 10:00:59,1550.00,1550.00,1540.00,1540.00,300,563925,1581.61,1536.75,1543.90
13.04.21 10:01:59,1540.00,1540.00,1540.00,1540.00,75,563925,1580.87,1547.05,1554.35
13.04.21 10:03:59,1540.00,1540.00,1540.00,1540.00,150,563925,1579.46,1540.20,1547.20
13.04.21 10:08:59,1540.00,1540.00,1540.00,1540.00,75,563850,1578.79,1539.25,1546.70
13.04.21 10:10:59,1540.00,1540.00,1540.00,1540.00,225,563850,1576.91,1529.85,1536.70
13.04.21 10:11:59,1530.00,1530.00,1526.75,1526.75,150,563850,1575.39,1527.05,1533.00
13.04.21 10:12:59,1526.75,1526.75,1526.75,1526.75,75,563850,1574.65,1525.05,1532.60
13.04.21 10:14:59,1530.00,1530.00,1530.00,1530.00,150,563850,1573.31,1525.00,1531.60
13.04.21 10:15:59,1530.00,1530.00,1528.05,1528.05,150,563850,1572.03,1526.15,1532.90
13.04.21 10:16:59,1530.00,1535.00,1530.00,1535.00,150,563850,1570.91,1535.00,1538.00
13.04.21 10:17:59,1535.00,1535.00,1535.00,1535.00,225,563850,1569.46,1533.05,1535.00
13.04.21 10:18:59,1535.00,1540.00,1535.00,1540.00,150,563625,1568.62,1538.90,1544.90
13.04.21 10:19:59,1545.00,1545.10,1545.00,1545.00,300,563625,1567.44,1544.90,1550.00
13.04.21 10:20:59,1548.00,1548.00,1548.00,1548.00,75,563625,1567.20,1551.45,1559.75
13.04.21 10:23:59,1560.00,1560.00,1560.00,1560.00,150,563625,1567.02,1552.05,1559.85
13.04.21 10:24:59,1554.80,1554.80,1554.80,1554.80,75,563475,1566.88,1546.60,1553.05
13.04.21 10:26:59,1555.00,1555.00,1555.00,1555.00,75,563475,1566.74,1555.45,1560.00
13.04.21 10:27:59,1560.00,1560.00,1560.00,1560.00,75,563400,1566.66,1553.75,1562.40
13.04.21 10:31:59,1575.00,1575.00,1575.00,1575.00,75,563400,1566.76,1577.50,1583.80
13.04.21 10:32:59,1580.00,1580.00,1580.00,1580.00,75,563400,1566.91,1580.15,1585.00
13.04.21 10:33:59,1580.00,1580.00,1580.00,1580.00,75,563400,1567.05,1579.70,1585.75
13.04.21 10:35:59,1580.00,1580.00,1580.00,1580.00,75,563400,1567.20,1577.70,1583.00
13.04.21 10:38:59,1575.00,1575.00,1575.00,1575.00,75,563325,1567.28,1568.30,1574.95
13.04.21 10:39:59,1570.00,1570.00,1570.00,1570.00,150,563325,1567.34,1571.00,1578.40
13.04.21 10:40:59,1565.00,1565.00,1565.00,1565.00,75,563325,1567.32,1565.15,1572.60
13.04.21 10:42:59,1567.60,1567.60,1567.60,1567.60,75,563325,1567.32,1575.00,1583.00
13.04.21 10:46:59,1590.00,1590.00,1585.00,1585.00,150,563400,1567.74,1584.35,1590.30
13.04.21 10:47:59,1585.00,1585.00,1585.00,1585.00,75,563400,1567.91,1585.35,1591.10
13.04.21 10:48:59,1590.00,1590.00,1590.00,1590.00,225,563400,1568.57,1588.25,1595.50
13.04.21 10:49:59,1590.00,1590.00,1590.00,1590.00,225,563400,1569.19,1583.20,1588.00
13.04.21 10:50:59,1583.80,1583.80,1583.80,1583.80,75,563400,1569.32,1584.70,1591.20
13.04.21 10:51:59,1590.00,1595.00,1590.00,1595.00,150,563250,1569.76,1594.60,1599.90
13.04.21 10:52:59,1596.45,1596.45,1595.00,1595.00,150,563250,1570.23,1587.60,1594.60
13.04.21 10:53:59,1595.00,1595.00,1595.00,1595.00,150,563250,1570.68,1597.65,1599.90
13.04.21 10:54:59,1599.90,1599.90,1599.90,1599.90,75,563250,1570.94,1597.95,1604.90
13.04.21 10:57:59,1607.00,1607.00,1607.00,1607.00,75,563250,1571.26,1605.15,1609.60
13.04.21 10:59:59,1603.00,1603.00,1603.00,1603.00,75,563250,1571.54,1600.80,1606.25
13.04.21 11:01:59,1590.00,1590.00,1590.00,1590.00,75,563250,1571.70,1595.20,1601.50
13.04.21 11:02:59,1595.00,1595.05,1595.00,1595.05,225,563175,1572.29,1595.00,1596.95
13.04.21 11:03:59,1595.00,1595.00,1592.85,1592.85,300,563175,1573.02,1592.80,1596.95
13.04.21 11:04:59,1595.25,1600.00,1595.25,1600.00,225,563175,1573.60,1593.00,1598.85
13.04.21 11:05:59,1595.00,1597.95,1595.00,1597.95,300,563175,1574.31,1590.90,1595.05
13.04.21 11:07:59,1595.95,1595.95,1595.95,1595.95,150,563175,1574.64,1593.10,1597.90
13.04.21 11:11:59,1590.00,1590.00,1590.00,1590.00,75,562875,1574.76,1591.90,1595.95
13.04.21 11:13:59,1600.00,1600.65,1600.00,1600.65,150,562875,1575.14,1597.85,1603.70
13.04.21 11:16:59,1620.00,1641.75,1620.00,1641.75,375,562875,1576.91,1635.85,1641.75
13.04.21 11:18:59,1620.80,1620.80,1620.80,1620.80,75,563100,1577.22,1617.40,1620.00
13.04.21 11:19:59,1620.00,1620.00,1620.00,1620.00,150,563100,1577.82,1624.45,1625.00
13.04.21 11:20:59,1624.45,1630.00,1624.45,1630.00,300,563100,1579.19,1622.05,1627.70
13.04.21 11:21:59,1625.00,1625.00,1625.00,1625.00,75,562950,1579.50,1622.40,1625.00
13.04.21 11:22:59,1620.90,1620.90,1620.90,1620.90,75,562950,1579.78,1618.80,1624.85
13.04.21 11:23:59,1622.00,1622.00,1615.00,1615.00,300,562950,1580.79,1607.50,1613.70
13.04.21 11:24:59,1607.70,1610.00,1607.70,1610.00,150,563025,1581.15,1613.45,1615.00
13.04.21 11:25:59,1616.05,1620.00,1616.00,1620.00,225,563025,1581.84,1618.50,1623.60
13.04.21 11:26:59,1615.00,1615.00,1615.00,1615.00,150,563175,1582.26,1614.40,1619.85
13.04.21 11:27:59,1612.85,1612.85,1610.30,1610.30,150,563175,1582.62,1609.65,1615.65
13.04.21 11:28:59,1615.00,1618.10,1613.95,1618.10,600,563175,1584.19,1615.20,1621.25
13.04.21 11:30:59,1623.00,1630.00,1623.00,1630.00,225,563400,1584.94,1628.70,1635.25
13.04.21 11:32:59,1635.00,1635.00,1624.00,1624.00,150,563400,1585.46,1625.00,1630.50
13.04.21 11:33:59,1625.00,1625.00,1619.10,1620.00,375,563475,1586.44,1623.55,1628.35
13.04.21 11:34:59,1620.85,1623.10,1620.85,1623.10,225,563475,1587.03,1620.70,1623.00
13.04.21 11:35:59,1623.00,1623.00,1620.00,1620.00,375,563475,1587.93,1619.45,1624.50
13.04.21 11:36:59,1621.00,1621.00,1621.00,1621.00,75,563625,1588.11,1639.40,1644.80
13.04.21 11:37:59,1640.00,1640.00,1635.00,1635.15,225,563625,1588.87,1636.95,1642.55
13.04.21 11:38:59,1637.00,1640.70,1637.00,1640.70,525,563625,1590.67,1640.50,1645.70
13.04.21 11:39:59,1640.00,1650.00,1640.00,1650.00,225,563775,1591.51,1649.60,1655.20
13.04.21 11:40:59,1650.00,1650.90,1650.00,1650.90,150,563775,1592.09,1657.35,1663.50
13.04.21 11:41:59,1656.00,1656.95,1656.00,1656.95,150,563775,1592.72,1653.65,1658.65
13.04.21 11:42:59,1655.95,1655.95,1655.95,1655.95,75,563850,1593.03,1662.90,1669.30
13.04.21 11:45:59,1640.00,1640.00,1633.45,1633.45,150,563850,1593.45,1630.80,1635.00
13.04.21 11:46:59,1635.00,1635.00,1635.00,1635.00,75,563850,1593.65,1636.55,1643.65
13.04.21 11:47:59,1655.00,1655.00,1655.00,1655.00,75,563850,1593.94,1649.35,1655.45
13.04.21 11:48:59,1645.00,1645.00,1645.00,1645.00,75,563775,1594.18,1645.20,1651.85
13.04.21 11:50:59,1640.85,1640.85,1639.00,1639.00,150,563775,1594.61,1635.30,1641.40
13.04.21 11:51:59,1635.00,1635.00,1633.00,1633.00,150,563850,1594.98,1632.50,1638.75
13.04.21 11:52:59,1637.00,1637.00,1637.00,1637.00,75,563850,1595.17,1636.40,1643.05
13.04.21 11:53:59,1637.00,1640.00,1637.00,1637.00,225,563850,1595.76,1633.50,1640.05
13.04.21 11:54:59,1635.50,1635.50,1635.50,1635.50,75,564000,1595.94,1637.30,1642.40
13.04.21 11:55:59,1638.00,1640.00,1636.00,1637.00,375,564000,1596.86,1635.40,1640.30
13.04.21 11:56:59,1637.00,1637.00,1630.00,1630.00,225,564000,1597.35,1628.80,1634.80
13.04.21 11:57:59,1637.00,1637.00,1633.85,1633.85,225,564375,1597.84,1633.90,1638.60
13.04.21 11:58:59,1633.00,1633.00,1633.00,1633.00,75,564375,1597.99,1631.70,1635.75
13.04.21 11:59:59,1633.00,1633.00,1633.00,1633.00,75,564375,1598.14,1631.70,1635.00
13.04.21 12:00:59,1635.00,1635.00,1635.00,1635.00,75,564375,1598.30,1638.00,1642.70
13.04.21 12:01:59,1638.00,1638.00,1636.00,1636.00,150,564600,1598.63,1629.70,1635.65
13.04.21 12:02:59,1630.00,1630.05,1630.00,1630.00,300,564600,1599.15,1627.25,1634.50
13.04.21 12:03:59,1630.00,1630.00,1630.00,1630.00,150,564450,1599.41,1632.85,1639.30
13.04.21 12:04:59,1635.00,1635.00,1635.00,1635.00,75,564450,1599.55,1631.30,1636.55
13.04.21 12:05:59,1637.35,1637.35,1637.35,1637.35,150,564450,1599.86,1634.70,1640.65
13.04.21 12:06:59,1640.55,1640.55,1635.00,1635.30,375,564225,1600.63,1641.60,1648.20
13.04.21 12:07:59,1640.00,1640.00,1640.00,1640.00,75,564225,1600.79,1638.90,1644.95
13.04.21 12:08:59,1640.00,1645.00,1640.00,1645.00,150,564225,1601.12,1643.10,1649.50
13.04.21 12:09:59,1643.00,1643.00,1643.00,1643.00,75,564075,1601.28,1643.10,1650.50
13.04.21 12:10:59,1650.85,1655.00,1650.85,1655.00,150,564075,1601.69,1654.20,1661.40
13.04.21 12:11:59,1660.00,1660.00,1660.00,1660.00,75,564075,1601.91,1653.75,1660.30
13.04.21 12:12:59,1655.00,1655.00,1650.00,1650.00,150,564150,1602.30,1640.35,1648.80
13.04.21 12:13:59,1645.00,1645.00,1645.00,1645.00,75,564150,1602.47,1643.10,1650.00
13.04.21 12:14:59,1640.00,1640.00,1640.00,1640.00,75,564150,1602.61,1638.70,1645.00
13.04.21 12:15:59,1639.40,1639.40,1639.40,1639.40,75,564150,1602.75,1647.45,1650.00
13.04.21 12:17:59,1635.00,1635.00,1635.00,1635.00,75,564225,1602.87,1631.60,1639.35
13.04.21 12:18:59,1633.25,1633.25,1633.25,1633.25,75,564225,1602.99,1635.35,1642.50
13.04.21 12:19:59,1640.00,1640.00,1640.00,1640.00,75,564300,1603.13,1637.60,1644.25
13.04.21 12:20:59,1640.00,1640.00,1640.00,1640.00,75,564300,1603.27,1639.05,1644.00
13.04.21 12:21:59,1644.00,1644.00,1644.00,1644.00,75,564300,1603.42,1642.00,1647.55
13.04.21 12:22:59,1639.45,1639.45,1639.45,1639.45,75,564300,1603.55,1642.45,1650.15
13.04.21 12:23:59,1642.50,1642.50,1640.00,1640.00,300,564300,1604.10,1640.00,1646.05
13.04.21 12:24:59,1640.00,1640.00,1636.50,1636.50,525,564225,1604.98,1637.75,1644.40
13.04.21 12:25:59,1640.00,1641.00,1640.00,1641.00,300,564225,1605.49,1641.35,1648.65
13.04.21 12:27:59,1640.00,1640.00,1637.30,1640.00,450,564225,1606.19,1637.25,1640.00
13.04.21 12:28:59,1630.00,1630.00,1630.00,1630.00,300,564225,1606.52,1621.45,1625.10
13.04.21 12:29:59,1623.45,1631.70,1623.45,1631.70,375,564225,1606.88,1630.15,1636.40
13.04.21 12:30:59,1620.00,1620.00,1615.95,1615.95,450,563850,1607.13,1602.90,1609.55
13.04.21 12:31:59,1605.00,1605.00,1598.55,1599.40,525,563850,1607.02,1599.80,1605.65
13.04.21 12:32:59,1607.00,1607.00,1607.00,1607.00,150,563850,1607.02,1605.15,1611.85
13.04.21 12:35:59,1605.00,1605.00,1605.00,1605.00,150,563250,1606.99,1599.75,1605.00
13.04.21 12:36:59,1605.00,1605.00,1605.00,1605.00,75,563250,1606.99,1605.55,1613.20
13.04.21 12:37:59,1605.80,1610.00,1605.80,1610.00,225,563250,1606.99,1610.85,1616.50
13.04.21 12:41:59,1600.00,1600.00,1600.00,1600.00,75,563250,1606.97,1600.30,1607.15
13.04.21 12:43:59,1595.00,1595.00,1589.20,1589.20,375,563250,1606.77,1591.55,1594.90
13.04.21 12:46:59,1585.00,1585.00,1585.00,1585.00,300,562950,1606.50,1576.60,1583.55
13.04.21 12:48:59,1584.00,1584.00,1570.00,1570.00,450,562575,1605.95,1569.15,1576.45
13.04.21 12:49:59,1566.70,1570.00,1566.70,1570.00,150,562575,1605.73,1568.75,1573.90
13.04.21 12:50:59,1569.85,1569.85,1569.85,1569.85,225,562575,1605.41,1567.25,1574.30
13.04.21 12:52:59,1575.00,1575.00,1575.00,1575.00,225,562350,1605.14,1571.50,1580.40
13.04.21 12:53:59,1575.50,1575.50,1575.50,1575.50,75,562350,1605.06,1581.20,1588.65
13.04.21 12:55:59,1585.00,1590.50,1585.00,1590.50,150,562350,1604.96,1583.35,1590.45
13.04.21 12:59:59,1580.00,1580.00,1580.00,1580.00,75,562275,1604.88,1578.00,1585.25
13.04.21 13:11:59,1625.00,1625.00,1625.00,1625.00,150,562275,1605.00,1624.05,1628.00
13.04.21 13:12:59,1628.00,1634.00,1628.00,1634.00,450,562275,1605.46,1626.70,1633.70
13.04.21 13:13:59,1638.00,1638.00,1638.00,1638.00,150,562875,1605.64,1634.65,1639.70
13.04.21 13:15:59,1638.00,1638.00,1638.00,1638.00,300,563025,1606.00,1635.95,1643.10
13.04.21 13:25:59,1625.00,1625.00,1625.00,1625.00,75,563325,1606.05,1620.15,1627.90
13.04.21 13:30:59,1640.05,1640.05,1630.00,1630.00,150,563175,1606.21,1621.75,1627.95
13.04.21 13:31:59,1625.00,1625.00,1625.00,1625.00,75,563175,1606.26,1621.20,1627.65
13.04.21 13:35:59,1620.05,1620.05,1600.00,1600.00,300,563175,1606.33,1581.75,1588.85
13.04.21 13:44:59,1590.00,1590.00,1590.00,1590.00,75,563025,1606.29,1594.45,1601.25
13.04.21 13:48:59,1580.00,1580.00,1568.75,1568.75,450,562950,1605.72,1562.05,1569.45
13.04.21 13:49:59,1572.00,1572.00,1572.00,1572.00,75,562950,1605.63,1564.85,1573.05
13.04.21 13:55:59,1560.00,1560.00,1550.00,1550.00,225,562875,1605.22,1546.45,1554.15
13.04.21 13:56:59,1545.00,1551.90,1545.00,1551.90,150,562875,1604.92,1540.00,1543.40
13.04.21 13:57:59,1540.00,1540.00,1539.90,1539.90,825,562875,1603.11,1539.25,1547.20
13.04.21 14:00:59,1530.00,1530.00,1530.00,1530.00,75,561975,1602.92,1528.80,1535.50
13.04.21 14:01:59,1528.75,1528.75,1528.75,1528.75,150,0,1602.55,1527.95,1534.10
13.04.21 14:06:59,1537.85,1537.85,1537.85,1537.85,150,561900,1602.22,1540.75,1547.50
13.04.21 14:07:59,1540.00,1540.00,1540.00,1540.00,75,561750,1602.06,1530.00,1533.95
13.04.21 14:08:59,1530.00,1530.00,1510.00,1510.00,225,561750,1601.45,1503.70,1509.70
13.04.21 14:09:59,1510.00,1510.00,1510.00,1510.00,75,561750,1601.23,1505.70,1509.60
13.04.21 14:10:59,1500.00,1500.00,1480.00,1485.85,750,561600,1598.50,1479.70,1488.35
13.04.21 14:12:59,1485.00,1485.00,1485.00,1485.00,75,561375,1598.22,1479.60,1488.20
13.04.21 14:15:59,1470.00,1470.00,1470.00,1470.00,75,561375,1597.92,1470.75,1477.75
13.04.21 14:18:59,1490.00,1490.00,1490.00,1490.00,450,561225,1596.38,1495.65,1503.10
13.04.21 14:21:59,1484.10,1484.10,1484.10,1484.10,75,561225,1596.11,1490.90,1499.10
13.04.21 14:25:59,1490.40,1490.40,1490.40,1490.40,75,561075,1595.86,1489.65,1497.00
13.04.21 14:30:59,1480.00,1480.00,1479.90,1479.90,150,560925,1595.32,1470.90,1477.70
13.04.21 14:32:59,1479.90,1479.90,1479.90,1479.90,75,560925,1595.05,1481.85,1488.35
13.04.21 14:38:59,1481.10,1481.10,1470.00,1470.00,150,561000,1594.49,1460.00,1465.80
13.04.21 14:39:59,1460.00,1460.00,1460.00,1460.00,150,561000,1593.86,1454.85,1461.85
13.04.21 14:40:59,1450.00,1450.00,1450.00,1450.00,150,560850,1593.20,1447.95,1453.00
13.04.21 14:41:59,1453.00,1453.00,1453.00,1453.00,225,560850,1592.23,1453.05,1458.95
13.04.21 14:44:59,1461.55,1461.55,1461.55,1461.55,75,560700,1591.93,1451.10,1457.85
13.04.21 14:47:59,1459.00,1459.00,1459.00,1459.00,150,560625,1591.32,1451.55,1458.75
13.04.21 14:48:59,1451.00,1451.00,1451.00,1451.00,150,560625,1590.68,1448.50,1455.00
13.04.21 14:49:59,1458.80,1458.80,1458.80,1458.80,75,560475,1590.38,1456.35,1462.75
13.04.21 14:52:59,1480.00,1483.00,1475.00,1475.00,1725,560475,1584.97,1470.00,1472.45
13.04.21 14:53:59,1470.00,1470.00,1470.00,1470.00,75,560475,1584.72,1482.65,1489.10
13.04.21 14:54:59,1480.00,1480.00,1480.00,1480.00,225,560475,1584.05,1472.75,1477.60
13.04.21 14:55:59,1470.00,1471.10,1468.10,1468.10,450,558900,1582.61,1464.95,1472.05
13.04.21 15:01:59,1474.60,1474.60,1474.60,1474.60,75,558525,1582.38,1473.90,1478.85
13.04.21 15:02:59,1476.00,1476.10,1476.00,1476.10,150,558525,1581.93,1472.80,1479.30
13.04.21 15:06:59,1480.00,1480.00,1470.00,1470.00,150,558375,1581.49,1468.15,1474.45
13.04.21 15:09:59,1460.00,1460.00,1460.00,1460.00,150,558375,1580.98,1451.30,1456.80
13.04.21 15:10:59,1453.00,1453.00,1453.00,1453.00,75,558150,1580.72,1458.75,1464.95
13.04.21 15:12:59,1455.00,1455.00,1455.00,1455.00,75,558150,1580.46,1455.35,1463.05
13.04.21 15:13:59,1459.05,1459.05,1459.05,1459.05,75,558300,1580.21,1450.00,1452.10
13.04.21 15:16:59,1450.00,1450.00,1450.00,1450.00,75,558225,1579.94,1447.45,1450.00
13.04.21 15:17:59,1450.00,1451.30,1450.00,1451.30,150,558225,1579.41,1449.45,1455.25
13.04.21 15:20:59,1454.35,1454.35,1454.35,1454.35,750,558450,1576.89,1456.10,1459.40
13.04.21 15:24:59,1444.00,1444.00,1444.00,1444.00,75,558450,1576.62,1436.10,1440.85
13.04.21 15:25:59,1440.85,1440.85,1440.85,1440.85,75,558375,1576.35,1438.20,1443.85
13.04.21 15:28:59,1440.10,1440.10,1440.10,1440.10,150,558375,1575.81,1432.45,1438.10
13.04.21 15:30:00,1432.75,1432.75,1432.75,1432.75,75,558375,1575.52,1437.75,1444.30
15.04.21 09:15:59,1460.00,1470.00,1460.00,1470.00,150,558300,1465.00,1435.15,1444.05
15.04.21 09:17:59,1410.00,1410.00,1410.00,1410.00,75,558150,1446.66,1408.55,1415.00
15.04.21 09:23:59,1388.05,1388.05,1388.05,1388.05,750,558150,1403.26,1390.25,1395.85
15.04.21 09:24:59,1378.65,1378.65,1378.65,1378.65,750,558150,1393.30,1389.15,1393.25
15.04.21 09:28:59,1390.00,1390.00,1390.00,1390.00,75,559575,1393.16,1389.60,1394.30
15.04.21 09:30:59,1383.05,1383.05,1383.05,1383.05,75,559575,1392.76,1384.80,1389.85
15.04.21 09:31:59,1389.30,1389.30,1389.30,1389.30,75,559575,1392.62,1391.55,1396.00
15.04.21 09:32:59,1395.45,1395.45,1395.45,1395.45,75,559575,1392.73,1399.85,1403.50
15.04.21 09:33:59,1407.70,1408.05,1407.70,1408.05,600,559725,1396.16,1399.55,1406.10
15.04.21 09:34:59,1414.55,1414.55,1414.55,1414.55,225,559725,1397.60,1425.95,1433.60
15.04.21 09:35:59,1449.90,1451.00,1449.90,1451.00,150,559800,1400.24,1466.15,1475.05
15.04.21 09:36:59,1485.30,1485.30,1474.50,1474.50,225,559800,1405.92,1460.45,1468.90
15.04.21 09:39:59,1489.25,1489.25,1489.25,1489.25,150,559575,1409.63,1483.65,1490.55
15.04.21 09:40:59,1493.70,1493.70,1493.70,1493.70,300,559575,1416.49,1486.10,1491.55
15.04.21 09:47:59,1493.70,1493.70,1493.70,1493.70,300,559350,1422.32,1489.00,1495.75
15.04.21 09:52:59,1508.85,1508.85,1508.85,1508.85,300,559350,1428.39,1510.40,1516.85
15.04.21 09:54:59,1520.00,1520.00,1520.00,1520.00,75,559050,1429.97,1523.40,1529.70
15.04.21 10:00:59,1485.00,1485.00,1485.00,1485.00,75,559350,1430.90,1472.50,1475.00
15.04.21 10:02:59,1470.00,1470.00,1463.50,1463.50,375,559350,1433.55,1456.50,1465.90
15.04.21 10:16:59,1532.05,1532.05,1532.05,1532.05,75,559500,1435.06,1525.25,1531.95
15.04.21 10:20:59,1546.65,1546.65,1546.65,1546.65,150,559500,1438.37,1545.85,1550.00
15.04.21 10:21:59,1549.75,1549.75,1549.75,1549.75,75,559500,1440.01,1542.85,1549.20
15.04.21 10:22:59,1542.00,1542.00,1542.00,1542.00,75,559500,1441.49,1543.15,1549.50
15.04.21 10:24:59,1550.00,1550.00,1550.00,1550.00,75,559350,1443.04,1546.90,1553.80
15.04.21 10:26:59,1545.00,1545.00,1545.00,1545.00,75,559350,1444.47,1540.00,1545.35
15.04.21 10:27:59,1550.00,1550.00,1550.00,1550.00,75,559425,1445.94,1543.20,1549.75
15.04.21 10:31:59,1570.00,1570.00,1570.00,1570.00,75,559425,1447.64,1559.55,1566.20
15.04.21 10:32:59,1565.00,1565.00,1565.00,1565.00,75,559425,1449.22,1569.25,1575.20
15.04.21 10:33:59,1580.00,1580.00,1580.00,1580.00,75,559425,1450.97,1580.00,1582.55
15.04.21 10:34:59,1580.00,1580.00,1580.00,1580.00,525,559425,1461.98,1573.65,1580.75
15.04.21 10:39:59,1553.15,1560.00,1553.15,1560.00,150,558825,1464.23,1556.20,1562.60
15.04.21 10:44:59,1550.10,1555.45,1550.10,1555.45,150,558825,1466.29,1550.10,1558.70
15.04.21 10:45:59,1550.10,1550.10,1550.10,1550.10,150,558825,1468.20,1552.00,1559.55
15.04.21 10:46:59,1550.00,1550.00,1550.00,1550.00,450,558825,1473.42,1543.00,1549.95
15.04.21 10:50:59,1550.00,1550.00,1550.00,1550.00,75,558225,1474.23,1550.40,1558.35
15.04.21 11:00:59,1560.00,1560.00,1560.00,1560.00,75,558225,1475.12,1562.45,1569.75
15.04.21 11:07:59,1575.70,1575.70,1575.70,1575.70,75,558225,1476.16,1572.55,1575.00
15.04.21 11:09:59,1585.00,1591.10,1585.00,1591.10,150,558225,1478.42,1593.10,1599.35
15.04.21 11:10:59,1600.00,1600.00,1596.20,1596.20,225,558225,1481.96,1589.25,1593.00
15.04.21 11:15:59,1607.80,1607.80,1607.80,1607.80,75,558225,1483.18,1603.55,1608.40
15.04.21 11:18:59,1592.65,1592.65,1592.00,1592.00,300,558150,1487.25,1592.60,1598.40
15.04.21 11:22:59,1595.95,1595.95,1595.95,1595.95,75,558450,1488.26,1593.00,1598.75
15.04.21 11:26:59,1600.00,1600.00,1600.00,1600.00,75,558450,1489.28,1596.20,1602.65
15.04.21 11:30:59,1598.00,1598.00,1598.00,1598.00,75,558450,1490.27,1606.85,1609.85
15.04.21 11:43:59,1570.05,1570.05,1570.05,1570.05,600,558450,1495.68,1563.35,1571.00
15.04.21 11:45:59,1565.00,1565.00,1565.00,1565.00,75,557850,1496.27,1562.05,1569.40
15.04.21 11:47:59,1550.10,1550.10,1550.10,1550.10,450,557850,1498.85,1535.50,1543.05
15.04.21 11:50:59,1525.00,1525.00,1522.70,1522.70,150,557400,1499.24,1522.30,1529.90
15.04.21 12:11:59,1525.00,1525.00,1525.00,1525.00,75,557400,1499.44,1528.00,1534.50
15.04.21 12:28:59,1540.00,1545.00,1540.00,1545.00,150,557400,1500.11,1545.40,1550.00
15.04.21 12:29:59,1550.00,1550.00,1550.00,1550.00,75,557400,1500.49,1543.75,1549.30
15.04.21 12:32:59,1553.10,1553.10,1553.10,1553.10,75,557400,1500.89,1550.00,1558.55
15.04.21 12:47:59,1520.00,1520.00,1520.00,1520.00,75,557250,1501.03,1516.35,1523.65
15.04.21 12:48:59,1530.00,1530.00,1530.00,1530.00,150,557250,1501.46,1526.40,1534.25
15.04.21 12:50:59,1543.00,1543.00,1543.00,1543.00,150,557250,1502.06,1537.10,1544.15
15.04.21 12:51:59,1544.75,1544.75,1542.90,1542.90,150,557250,1502.67,1541.75,1547.90
15.04.21 12:54:59,1545.00,1545.00,1545.00,1545.00,150,556950,1503.27,1539.35,1545.65
15.04.21 12:58:59,1530.00,1530.00,1530.00,1530.00,75,556800,1503.45,1527.75,1533.75
15.04.21 13:00:59,1525.55,1525.55,1514.85,1514.85,300,556875,1503.99,1509.15,1517.90
15.04.21 13:07:59,1549.00,1549.00,1549.00,1549.00,150,556650,1504.59,1543.80,1552.20
15.04.21 13:15:59,1540.00,1540.00,1540.00,1540.00,75,556650,1504.83,1522.60,1531.20
15.04.21 13:31:59,1530.80,1533.00,1530.80,1533.00,300,556575,1505.54,1533.25,1539.80
15.04.21 13:32:59,1533.00,1533.00,1533.00,1533.00,150,556575,1505.89,1528.90,1536.05
15.04.21 13:38:59,1520.00,1520.00,1520.00,1520.00,150,556575,1506.07,1516.30,1523.70
15.04.21 13:40:59,1500.00,1500.00,1495.35,1495.35,300,556575,1505.87,1493.10,1502.10
15.04.21 13:41:59,1497.80,1497.80,1497.80,1497.80,75,556575,1505.82,1498.10,1505.15
15.04.21 13:55:59,1475.00,1475.00,1475.00,1475.00,75,556425,1505.63,1480.95,1485.85
15.04.21 14:02:59,1491.85,1491.85,1485.15,1485.15,150,556350,1505.42,1483.90,1488.75
15.04.21 14:04:59,1476.20,1476.20,1476.20,1476.20,75,556275,1505.25,1466.65,1474.80
15.04.21 14:07:59,1450.00,1450.00,1447.05,1447.05,150,556350,1504.57,1448.50,1456.75
15.04.21 14:13:59,1455.00,1457.00,1455.00,1457.00,150,556275,1504.00,1453.75,1459.90
15.04.21 14:19:59,1453.40,1453.40,1444.35,1444.35,225,556275,1503.03,1439.75,1443.85
15.04.21 14:23:59,1460.00,1460.00,1460.00,1460.00,75,556050,1502.78,1469.00,1475.20
15.04.21 14:29:59,1470.00,1470.00,1470.00,1470.00,75,556125,1502.59,1466.60,1471.35
15.04.21 14:32:59,1456.00,1456.00,1456.00,1456.00,75,556125,1502.33,1450.60,1456.85
15.04.21 14:33:59,1451.15,1455.00,1451.15,1455.00,150,556125,1501.77,1455.60,1460.00
15.04.21 14:35:59,1451.40,1458.95,1451.40,1458.95,150,556125,1501.26,1457.40,1464.45
15.04.21 14:37:59,1473.30,1473.30,1473.30,1473.30,75,556050,1501.10,1472.30,1478.55
15.04.21 14:38:59,1489.00,1489.00,1489.00,1489.00,150,556050,1500.97,1487.95,1494.70
15.04.21 14:46:59,1459.00,1459.00,1459.00,1459.00,150,555900,1500.51,1463.75,1470.40
15.04.21 14:50:59,1466.80,1466.80,1466.80,1466.80,75,555900,1500.33,1462.90,1469.90
15.04.21 14:57:59,1450.00,1450.00,1450.00,1450.00,75,555975,1500.06,1449.90,1457.45
15.04.21 14:59:59,1440.00,1440.00,1440.00,1440.00,75,555975,1499.74,1430.80,1438.35
15.04.21 15:00:59,1425.00,1425.00,1425.00,1425.00,75,555975,1499.35,1416.95,1422.85
15.04.21 15:02:59,1432.95,1432.95,1432.95,1432.95,75,555900,1499.00,1422.15,1428.50
15.04.21 15:06:59,1422.75,1422.75,1417.35,1417.35,150,555825,1498.18,1415.95,1421.45
15.04.21 15:07:59,1411.10,1411.10,1411.10,1411.10,75,555750,1497.73,1406.25,1412.10
15.04.21 15:09:59,1404.05,1404.05,1401.25,1401.25,300,555675,1495.80,1400.90,1405.80
15.04.21 15:11:59,1408.05,1408.25,1405.20,1405.20,300,555675,1494.02,1401.95,1405.60
15.04.21 15:12:59,1402.00,1402.00,1402.00,1402.00,150,555675,1493.11,1400.05,1403.50
15.04.21 15:14:59,1401.00,1401.00,1401.00,1401.00,75,555600,1492.66,1400.05,1404.10
15.04.21 15:15:59,1400.00,1400.90,1397.00,1397.00,300,555600,1490.88,1395.00,1400.35
15.04.21 15:19:59,1400.00,1400.00,1400.00,1400.00,75,555450,1490.44,1398.10,1402.75
15.04.21 15:20:59,1403.90,1403.90,1403.90,1403.90,150,555450,1489.62,1401.00,1402.95
15.04.21 15:21:59,1401.00,1402.00,1401.00,1402.00,225,555300,1488.39,1402.00,1406.35
15.04.21 15:22:59,1400.00,1400.00,1400.00,1400.00,150,555300,1487.58,1398.25,1403.30
15.04.21 15:23:59,1400.00,1400.00,1400.00,1400.00,75,555300,1487.17,1400.00,1402.30
15.04.21 15:24:59,1403.25,1403.25,1403.25,1403.25,75,555300,1486.79,1397.75,1402.40
15.04.21 15:26:59,1400.00,1400.00,1399.00,1399.00,225,555300,1485.61,1398.00,1402.00
15.04.21 15:27:59,1399.00,1399.00,1399.00,1399.00,75,555300,1485.22,1397.15,1402.10
16.04.21 09:15:59,1375.75,1375.75,1375.75,1375.75,75,554700,1375.75,1351.40,1360.40
16.04.21 09:16:59,1359.55,1359.55,1359.55,1359.55,75,554700,1367.65,1352.50,1359.80
16.04.21 09:17:59,1361.95,1369.95,1361.95,1369.95,675,554700,1364.83,1360.60,1369.00
16.04.21 09:18:59,1370.00,1370.00,1370.00,1370.00,150,554700,1365.63,1372.50,1379.70
16.04.21 09:19:59,1370.00,1370.00,1370.00,1370.00,75,554700,1365.94,1362.50,1367.50
16.04.21 09:20:59,1351.65,1367.40,1350.00,1367.40,225,554400,1364.25,1366.95,1373.80
16.04.21 09:22:59,1407.55,1407.55,1407.55,1407.55,75,0,1366.65,1400.15,1407.60
16.04.21 09:23:59,1400.00,1400.00,1400.00,1400.00,75,554250,1368.41,1390.00,1394.95
16.04.21 09:24:59,1390.00,1390.00,1380.00,1380.00,150,554250,1369.99,1380.20,1387.95
16.04.21 09:26:59,1370.00,1370.00,1370.00,1370.00,75,554025,1369.99,1363.90,1371.25
16.04.21 09:27:59,1360.00,1360.00,1360.00,1360.00,75,554025,1369.55,1354.95,1361.40
16.04.21 09:30:59,1350.00,1356.00,1350.00,1353.10,375,553875,1366.78,1344.60,1350.90
16.04.21 09:31:59,1350.60,1350.85,1342.65,1342.65,300,553875,1364.53,1343.55,1349.90
16.04.21 09:32:59,1337.45,1339.55,1337.45,1339.55,150,553275,1363.00,1332.60,1340.80
16.04.21 09:33:59,1335.00,1335.00,1335.00,1335.00,150,553275,1361.44,1332.00,1338.75
16.04.21 09:34:59,1332.00,1332.00,1332.00,1332.00,75,553275,1360.64,1334.30,1342.15
16.04.21 09:39:59,1354.10,1354.10,1354.10,1354.10,75,553275,1360.47,1343.80,1351.85
16.04.21 09:40:59,1350.00,1350.00,1350.00,1350.00,75,553275,1360.20,1343.90,1351.30
16.04.21 09:42:59,1340.00,1340.00,1340.00,1340.00,150,553125,1359.22,1340.00,1342.55
16.04.21 09:43:59,1340.00,1340.00,1340.00,1340.00,75,553125,1358.76,1330.25,1338.15
16.04.21 09:45:59,1338.15,1338.15,1338.15,1338.15,75,553050,1358.28,1317.30,1324.90
16.04.21 09:48:59,1334.90,1337.15,1328.00,1328.00,375,552975,1355.60,1328.00,1330.30
16.04.21 09:49:59,1329.55,1329.55,1329.55,1329.55,75,552975,1355.07,1328.55,1331.50
16.04.21 09:50:59,1328.55,1329.00,1327.95,1329.00,675,552000,1350.93,1324.65,1330.05
16.04.21 09:51:59,1328.85,1329.80,1326.65,1326.65,300,552000,1349.49,1325.70,1334.55
16.04.21 09:52:59,1329.15,1329.15,1323.95,1328.90,225,552000,1348.46,1322.05,1328.85
16.04.21 09:53:59,1320.00,1327.10,1320.00,1327.10,375,551475,1346.53,1327.00,1329.35
16.04.21 09:54:59,1327.00,1327.00,1315.00,1319.75,375,551475,1344.71,1314.75,1321.50
16.04.21 09:55:59,1319.40,1319.40,1317.55,1317.55,225,551475,1343.71,1311.50,1318.85
16.04.21 09:56:59,1320.15,1321.80,1320.15,1321.65,300,551100,1342.61,1314.25,1322.30
16.04.21 09:57:59,1320.95,1321.50,1320.95,1321.50,150,551100,1342.10,1321.30,1327.10
16.04.21 09:58:59,1326.65,1327.10,1324.20,1326.35,450,551100,1341.02,1321.50,1328.35
16.04.21 09:59:59,1327.90,1327.90,1327.90,1327.90,150,551100,1340.74,1318.15,1324.75
16.04.21 10:00:59,1316.70,1316.70,1316.70,1316.70,75,550200,1340.48,1313.85,1320.50
16.04.21 10:01:59,1325.00,1331.95,1325.00,1331.95,225,550200,1340.13,1327.35,1334.20
16.04.21 10:02:59,1334.05,1334.05,1334.05,1334.05,75,550050,1340.07,1331.75,1338.85
16.04.21 10:03:59,1339.25,1339.25,1339.25,1339.25,75,550050,1340.06,1332.30,1338.00
16.04.21 10:04:59,1341.80,1344.45,1341.80,1344.45,150,550050,1340.12,1339.10,1345.40
16.04.21 10:07:59,1336.95,1336.95,1331.00,1334.60,225,549750,1339.95,1330.00,1335.85
16.04.21 10:08:59,1329.70,1329.70,1329.70,1329.70,75,549525,1339.85,1325.75,1331.30
16.04.21 10:10:59,1330.25,1331.25,1329.60,1331.00,4575,549525,1336.56,1321.00,1326.15
16.04.21 10:11:59,1324.45,1324.45,1324.45,1324.45,75,549225,1336.49,1321.90,1328.05
16.04.21 10:13:59,1329.20,1329.20,1329.20,1329.20,75,549225,1336.45,1323.20,1329.35
16.04.21 10:15:59,1320.00,1323.15,1320.00,1323.15,225,549225,1336.18,1322.05,1328.15
16.04.21 10:16:59,1326.20,1326.20,1325.00,1325.00,150,549225,1336.06,1324.35,1331.25
16.04.21 10:18:59,1322.80,1322.80,1322.80,1322.80,75,548925,1335.98,1317.25,1323.85
16.04.21 10:19:59,1322.50,1322.50,1322.50,1322.50,75,548925,1335.90,1317.35,1323.80
16.04.21 10:20:59,1322.65,1322.65,1322.65,1322.65,75,548775,1335.83,1319.35,1326.55
16.04.21 10:21:59,1327.25,1327.25,1327.25,1327.25,75,548775,1335.78,1321.40,1326.85
16.04.21 10:23:59,1322.95,1322.95,1322.95,1322.95,75,548625,1335.71,1315.25,1321.95
16.04.21 10:24:59,1320.20,1320.20,1310.00,1310.00,300,548625,1335.20,1304.05,1311.15
16.04.21 10:25:59,1314.25,1314.25,1314.25,1314.25,75,548625,1335.08,1315.20,1322.70
16.04.21 10:28:59,1322.00,1322.00,1322.00,1322.00,75,548250,1335.01,1313.60,1319.90
16.04.21 10:30:59,1307.70,1307.70,1307.70,1307.70,75,548175,1334.86,1306.00,1309.85
16.04.21 10:31:59,1306.00,1307.75,1301.10,1305.25,825,548175,1333.08,1303.20,1309.45
16.04.21 10:32:59,1303.30,1304.50,1300.00,1304.50,525,546900,1331.98,1300.30,1306.75
16.04.21 10:33:59,1306.05,1306.05,1303.45,1306.00,225,546900,1331.59,1300.75,1306.85
16.04.21 10:34:59,1305.70,1307.40,1305.70,1307.40,150,546900,1331.35,1297.30,1303.65
16.04.21 10:35:59,1299.50,1299.50,1297.55,1297.55,150,546450,1331.04,1294.35,1299.50
16.04.21 10:37:59,1297.55,1297.55,1297.55,1297.55,75,546450,1330.88,1298.00,1301.25
16.04.21 10:38:59,1298.00,1298.00,1298.00,1298.00,75,546450,1330.72,1293.20,1299.20
16.04.21 10:43:59,1310.00,1310.00,1310.00,1310.00,75,546375,1330.62,1306.95,1312.95
16.04.21 10:46:59,1320.00,1320.65,1316.50,1320.65,1650,546375,1329.66,1313.30,1320.25
16.04.21 10:47:59,1315.70,1315.70,1303.30,1303.30,375,546375,1329.29,1302.45,1309.40
16.04.21 10:49:59,1308.00,1308.00,1308.00,1308.00,150,546375,1329.11,1302.60,1308.95
16.04.21 10:50:59,1305.00,1305.00,1305.00,1305.00,75,546375,1329.01,1303.45,1309.60
16.04.21 10:51:59,1301.00,1301.00,1301.00,1301.00,75,546300,1328.90,1298.25,1304.05
16.04.21 10:52:59,1302.00,1302.00,1302.00,1302.00,75,546300,1328.79,1298.80,1306.25
16.04.21 11:01:59,1311.00,1311.00,1311.00,1311.00,75,546150,1328.71,1308.00,1314.65
16.04.21 11:04:59,1330.00,1330.00,1330.00,1330.00,75,546075,1328.72,1324.45,1332.55
16.04.21 11:08:59,1308.00,1308.00,1308.00,1308.00,75,546075,1328.63,1300.85,1307.50
16.04.21 11:10:59,1300.00,1300.00,1300.00,1300.00,75,546075,1328.52,1299.30,1304.85
16.04.21 11:14:59,1298.00,1298.00,1298.00,1298.00,150,545925,1328.28,1299.35,1306.95
16.04.21 11:20:59,1289.00,1289.00,1289.00,1289.00,150,545775,1327.97,1286.60,1293.85
16.04.21 11:22:59,1292.35,1292.35,1292.35,1292.35,75,545625,1327.83,1284.95,1291.95
16.04.21 11:23:59,1290.00,1290.00,1290.00,1290.00,75,545700,1327.68,1288.00,1291.65
16.04.21 11:24:59,1288.00,1288.00,1288.00,1288.00,75,545700,1327.53,1289.00,1294.50
16.04.21 11:25:59,1290.00,1290.00,1290.00,1290.00,150,545700,1327.23,1287.35,1294.00
16.04.21 11:27:59,1292.35,1292.35,1292.35,1292.35,75,545550,1327.10,1289.25,1295.25
16.04.21 11:30:59,1293.10,1293.10,1293.10,1293.10,75,545550,1326.97,1287.25,1293.90
16.04.21 11:31:59,1295.00,1295.00,1295.00,1295.00,75,545550,1326.84,1289.20,1295.00
16.04.21 11:32:59,1295.00,1295.00,1295.00,1295.00,225,545550,1326.48,1291.45,1299.00
16.04.21 11:33:59,1298.70,1298.70,1298.70,1298.70,75,545250,1326.38,1296.60,1304.00
16.04.21 11:39:59,1299.95,1299.95,1299.95,1299.95,75,545175,1326.28,1296.30,1302.80
16.04.21 11:40:59,1301.30,1301.30,1301.30,1301.30,75,545175,1326.18,1293.90,1300.35
16.04.21 11:41:59,1300.20,1304.00,1300.20,1304.00,375,545175,1325.76,1300.10,1306.65
16.04.21 11:42:59,1307.50,1307.50,1307.50,1307.50,75,544950,1325.69,1305.90,1312.95
16.04.21 11:48:59,1322.00,1322.00,1322.00,1322.00,225,544875,1325.65,1320.85,1328.35
16.04.21 11:50:59,1325.00,1325.00,1325.00,1325.00,300,544875,1325.64,1313.35,1319.70
16.04.21 11:57:59,1320.00,1320.00,1320.00,1320.00,75,544875,1325.62,1314.30,1321.85
16.04.21 12:04:59,1342.80,1342.80,1337.95,1337.95,150,544800,1325.72,1343.70,1349.85
16.04.21 12:05:59,1349.90,1349.90,1349.90,1349.90,600,544800,1326.39,1335.50,1343.25
16.04.21 12:07:59,1331.00,1331.00,1331.00,1331.00,75,545400,1326.41,1331.70,1339.15
16.04.21 12:10:59,1335.00,1335.00,1335.00,1335.00,150,545325,1326.46,1334.15,1341.55
16.04.21 12:14:59,1325.00,1325.00,1325.00,1325.00,75,545325,1326.46,1317.60,1325.45
16.04.21 12:17:59,1340.00,1340.00,1340.00,1340.00,75,545250,1326.51,1336.55,1342.05
16.04.21 12:21:59,1332.00,1340.00,1332.00,1340.00,300,545175,1326.62,1333.50,1340.25
16.04.21 12:27:59,1340.00,1340.00,1340.00,1340.00,75,545250,1326.66,1340.45,1347.20
16.04.21 12:31:59,1328.00,1328.00,1328.00,1328.00,150,0,1326.67,1330.30,1338.20
16.04.21 12:33:59,1328.45,1328.45,1325.00,1325.00,150,545175,1326.67,1320.10,1325.00
16.04.21 12:34:59,1322.00,1322.00,1322.00,1322.00,75,545175,1326.65,1312.20,1318.25
16.04.21 12:35:59,1320.00,1320.00,1320.00,1320.00,2100,545175,1326.09,1310.90,1318.60
16.04.21 12:36:59,1319.20,1319.20,1319.20,1319.20,75,545025,1326.07,1312.75,1321.20
16.04.21 12:37:59,1325.10,1325.10,1325.10,1325.10,75,545025,1326.07,1313.15,1321.05
16.04.21 12:48:59,1304.15,1304.15,1304.15,1304.15,150,544950,1325.94,1301.10,1306.70
16.04.21 12:49:59,1305.45,1305.45,1301.00,1301.00,825,544950,1325.18,1294.80,1302.65
16.04.21 12:58:59,1310.00,1310.00,1310.00,1310.00,75,544275,1325.13,1308.05,1315.50
16.04.21 13:00:59,1310.00,1310.00,1310.00,1310.00,300,544275,1324.96,1303.90,1311.05
16.04.21 13:06:59,1309.00,1309.00,1309.00,1309.00,300,543975,1324.78,1306.55,1314.55
16.04.21 13:07:59,1317.75,1317.75,1317.75,1317.75,300,543675,1324.70,1308.90,1316.85
16.04.21 13:10:59,1320.00,1320.00,1320.00,1320.00,300,543375,1324.65,1315.50,1322.25
16.04.21 13:34:59,1325.00,1325.00,1325.00,1325.00,300,543075,1324.66,1321.45,1328.35
16.04.21 13:38:59,1318.00,1318.00,1318.00,1318.00,75,542775,1324.64,1315.00,1319.95
16.04.21 13:39:59,1315.00,1315.00,1315.00,1315.00,75,542700,1324.61,1307.75,1315.15
16.04.21 13:56:59,1309.10,1309.10,1309.10,1309.10,150,542625,1324.53,1300.30,1307.85
16.04.21 13:59:59,1316.40,1316.40,1316.40,1316.40,225,542475,1324.46,1309.85,1316.90
16.04.21 14:11:59,1318.80,1318.80,1318.80,1318.80,75,542250,1324.45,1310.30,1317.35
16.04.21 14:19:59,1313.00,1313.00,1313.00,1313.00,75,542175,1324.42,1310.70,1318.20
16.04.21 14:23:59,1298.00,1298.00,1290.00,1290.00,150,542100,1324.26,1275.05,1283.10
16.04.21 14:24:59,1280.00,1280.00,1280.00,1280.00,150,542100,1324.03,1280.00,1281.80
16.04.21 14:25:59,1280.00,1280.00,1280.00,1280.00,75,541800,1323.91,1266.00,1273.20
16.04.21 14:35:59,1280.00,1280.00,1280.00,1280.00,75,541725,1323.80,1284.05,1292.75
16.04.21 14:49:59,1286.75,1287.00,1286.75,1287.00,150,541800,1323.61,1281.55,1288.25
16.04.21 14:50:59,1291.15,1291.15,1291.15,1291.15,75,541800,1323.52,1299.95,1308.45
16.04.21 14:51:59,1310.00,1310.00,1310.00,1310.00,75,541800,1323.49,1302.50,1311.25
16.04.21 14:53:59,1310.00,1310.00,1310.00,1310.00,75,541650,1323.45,1305.70,1312.30
16.04.21 15:00:59,1320.00,1340.25,1320.00,1340.25,150,541575,1323.49,1340.85,1346.95
16.04.21 15:01:59,1349.90,1349.90,1349.90,1349.90,750,541575,1324.13,1337.20,1345.45
16.04.21 15:02:59,1335.00,1335.00,1335.00,1335.00,75,541575,1324.16,1333.55,1342.55
16.04.21 15:07:59,1342.85,1342.85,1342.85,1342.85,75,542175,1324.21,1343.55,1349.45
16.04.21 15:09:59,1342.00,1342.00,1341.75,1341.75,225,542175,1324.34,1339.55,1346.35
16.04.21 15:14:59,1350.00,1350.00,1350.00,1350.00,75,542400,1324.40,1350.40,1357.45
16.04.21 15:17:59,1349.90,1349.90,1349.90,1349.90,75,542475,1324.46,1346.50,1354.70
16.04.21 15:23:59,1360.00,1360.00,1358.00,1358.00,375,542475,1324.88,1358.00,1363.70
16.04.21 15:24:59,1370.15,1370.15,1370.15,1370.15,75,542475,1324.99,1362.25,1368.50
16.04.21 15:25:59,1365.00,1367.10,1365.00,1367.10,375,542325,1325.48,1363.30,1367.40
16.04.21 15:26:59,1367.55,1370.90,1367.55,1370.90,525,542325,1326.17,1364.40,1369.75
16.04.21 15:27:59,1370.00,1372.00,1369.00,1372.00,600,542325,1326.98,1368.05,1372.90
16.04.21 15:30:00,1379.90,1379.90,1379.90,1379.90,150,541725,1327.22,1370.20,1382.75
19.04.21 09:15:59,1681.05,1681.05,1681.05,1681.05,75,542175,1681.05,1671.80,1681.00
19.04.21 09:16:59,1675.75,1675.75,1638.25,1638.25,150,542175,1665.01,1632.15,1642.00
19.04.21 09:18:59,1679.90,1694.25,1674.25,1694.25,300,542100,1673.96,1695.80,1705.15
19.04.21 09:20:59,1749.90,1753.25,1749.90,1753.25,375,542100,1706.17,1746.40,1756.65
19.04.21 09:21:59,1740.25,1740.25,1740.25,1740.25,75,542100,1708.80,1719.45,1730.85
19.04.21 09:23:59,1717.45,1717.45,1717.45,1717.45,75,541800,1709.41,1708.95,1719.30
19.04.21 09:25:59,1725.00,1725.00,1725.00,1725.00,150,541800,1711.36,1714.05,1723.90
19.04.21 09:26:59,1720.00,1720.00,1720.00,1720.00,75,541725,1711.87,1718.20,1725.00
19.04.21 09:29:59,1713.90,1713.90,1713.90,1713.90,75,541650,1711.98,1709.80,1717.95
19.04.21 09:30:59,1730.00,1735.15,1730.00,1735.00,600,541650,1718.68,1733.10,1741.15
19.04.21 09:31:59,1735.00,1735.00,1735.00,1735.00,150,541650,1719.85,1734.10,1740.00
19.04.21 09:32:59,1735.00,1735.00,1735.00,1735.00,150,541650,1720.86,1733.70,1740.85
19.04.21 09:33:59,1730.15,1730.15,1730.15,1730.15,75,541650,1721.16,1732.20,1738.80
19.04.21 09:34:59,1736.60,1736.60,1736.60,1736.60,75,541650,1721.64,1730.55,1738.25
19.04.21 09:35:59,1735.00,1740.00,1730.00,1740.00,2625,541200,1726.72,1733.20,1741.80
19.04.21 09:37:59,1744.00,1744.00,1736.00,1736.00,150,541200,1727.11,1729.55,1736.80
19.04.21 09:39:59,1730.90,1733.00,1730.90,1733.00,150,541200,1727.24,1743.70,1750.00
19.04.21 09:40:59,1746.55,1761.55,1746.55,1761.55,225,541200,1728.28,1763.00,1768.55
19.04.21 09:45:59,1765.00,1774.70,1765.00,1774.70,375,541350,1730.82,1769.40,1777.75
19.04.21 09:46:59,1755.00,1755.00,1755.00,1755.00,75,541350,1731.12,1752.25,1757.70
19.04.21 09:47:59,1766.65,1766.65,1766.65,1766.65,75,541350,1731.56,1756.45,1766.30
19.04.21 09:49:59,1760.00,1760.00,1760.00,1760.00,75,541350,1731.91,1753.30,1762.40
19.04.21 09:53:59,1749.50,1749.50,1749.50,1749.50,75,541275,1732.12,1746.00,1756.00
19.04.21 09:55:59,1760.00,1760.00,1755.00,1755.00,225,541275,1732.98,1742.50,1752.65
19.04.21 10:02:59,1745.00,1745.00,1745.00,1745.00,75,541050,1733.11,1735.50,1744.95
19.04.21 10:03:59,1744.90,1744.90,1744.90,1744.90,75,541050,1733.25,1728.75,1737.45
19.04.21 10:04:59,1733.00,1733.00,1733.00,1733.00,75,541050,1733.25,1720.65,1729.95
19.04.21 10:05:59,1727.65,1730.00,1720.00,1730.00,300,540900,1732.97,1729.10,1735.00
19.04.21 10:07:59,1734.00,1734.00,1734.00,1734.00,75,540900,1732.98,1725.95,1735.45
19.04.21 10:11:59,1669.80,1669.80,1669.80,1669.80,375,540825,1730.31,1679.85,1693.10
19.04.21 10:16:59,1705.00,1705.00,1705.00,1705.00,75,540900,1730.05,1703.70,1714.60
19.04.21 10:17:59,1710.00,1710.00,1710.00,1710.00,75,540900,1729.85,1708.55,1717.40
19.04.21 10:21:59,1710.35,1710.35,1710.35,1710.35,75,540825,1729.66,1710.45,1721.55
19.04.21 10:27:59,1700.00,1700.00,1700.00,1700.00,150,540825,1729.09,1703.35,1711.60
19.04.21 10:36:59,1667.65,1667.65,1667.65,1667.65,75,540825,1728.51,1668.95,1677.45
19.04.21 10:37:59,1681.90,1681.90,1681.90,1681.90,75,540825,1728.07,1674.95,1685.55
19.04.21 10:41:59,1675.00,1675.00,1675.00,1675.00,150,540825,1727.08,1665.40,1675.60
19.04.21 10:46:59,1685.00,1685.00,1685.00,1685.00,75,540675,1726.70,1675.50,1684.45
19.04.21 10:47:59,1674.20,1674.20,1670.60,1670.60,150,540525,1725.72,1668.70,1679.60
19.04.21 10:55:59,1665.00,1665.00,1665.00,1665.00,75,540600,1725.18,1667.55,1676.25
19.04.21 10:59:59,1665.00,1665.00,1660.00,1660.00,225,540600,1723.54,1658.15,1665.00
19.04.21 11:00:59,1665.00,1665.00,1665.00,1665.00,75,540375,1723.03,1659.50,1667.10
19.04.21 11:02:59,1676.00,1676.00,1676.00,1676.00,75,540375,1722.63,1671.80,1679.85
19.04.21 11:04:59,1670.00,1670.00,1670.00,1670.00,75,540300,1722.19,1670.50,1679.25
19.04.21 11:05:59,1672.00,1672.00,1672.00,1672.00,75,540300,1721.76,1674.80,1683.60
19.04.21 11:06:59,1674.05,1674.05,1674.05,1674.05,225,540375,1720.59,1666.15,1674.95
19.04.21 11:12:59,1665.00,1665.00,1665.00,1665.00,150,540150,1719.69,1664.00,1665.00
19.04.21 11:13:59,1664.00,1668.00,1664.00,1668.00,225,540150,1718.44,1661.45,1665.00
19.04.21 11:14:59,1665.00,1665.00,1665.00,1665.00,150,540150,1717.61,1669.45,1677.15
19.04.21 11:17:59,1694.35,1694.35,1694.35,1694.35,75,539925,1717.43,1680.35,1689.90
19.04.21 11:19:59,1690.00,1690.00,1690.00,1690.00,75,539925,1717.22,1694.05,1703.80
19.04.21 11:20:59,1700.00,1700.00,1700.00,1700.00,75,539925,1717.09,1692.65,1700.00
19.04.21 11:25:59,1700.00,1700.00,1696.00,1696.00,150,539925,1716.80,1692.40,1700.45
19.04.21 11:29:59,1695.00,1695.00,1695.00,1695.00,150,539850,1716.48,1695.05,1702.10
19.04.21 11:30:59,1700.00,1700.70,1700.00,1700.00,300,539850,1716.02,1700.65,1708.55
19.04.21 11:32:59,1705.00,1705.00,1705.00,1705.00,225,539700,1715.79,1707.85,1717.40
19.04.21 11:34:59,1710.00,1715.00,1707.95,1715.00,375,539700,1715.60,1714.95,1724.35
19.04.21 11:35:59,1717.00,1717.00,1717.00,1717.00,75,539700,1715.61,1718.65,1726.25
19.04.21 11:36:59,1725.00,1725.00,1725.00,1725.00,150,539625,1715.73,1718.60,1729.05
19.04.21 11:37:59,1720.00,1720.00,1720.00,1720.00,75,539625,1715.76,1709.45,1721.60
19.04.21 11:38:59,1710.00,1710.30,1710.00,1710.30,225,539625,1715.65,1711.45,1722.30
19.04.21 11:39:59,1710.00,1710.00,1710.00,1710.00,75,539550,1715.61,1711.85,1715.00
19.04.21 11:40:59,1715.00,1715.00,1711.75,1711.75,375,539550,1715.57,1707.00,1717.55
19.04.21 11:42:59,1700.00,1700.00,1700.00,1700.00,225,539550,1715.28,1698.30,1705.00
19.04.21 11:43:59,1700.00,1705.00,1700.00,1705.00,150,539550,1715.13,1700.65,1710.50
19.04.21 11:44:59,1700.00,1700.00,1700.00,1700.00,75,539550,1715.04,1696.45,1707.40
19.04.21 11:45:59,1708.00,1708.00,1708.00,1708.00,75,539550,1714.99,1698.80,1708.60
19.04.21 11:46:59,1700.00,1700.00,1700.00,1700.00,150,539550,1714.82,1697.35,1705.65
19.04.21 11:47:59,1700.00,1700.00,1700.00,1700.00,225,539550,1714.56,1691.45,1700.80
19.04.21 11:48:59,1700.00,1700.00,1700.00,1700.00,300,539475,1714.23,1699.45,1706.20
19.04.21 11:49:59,1700.95,1700.95,1700.00,1700.00,150,539475,1714.08,1697.80,1708.60
19.04.21 11:51:59,1700.00,1705.00,1700.00,1705.00,225,539475,1713.87,1701.05,1710.05
19.04.21 11:53:59,1705.00,1705.00,1705.00,1705.00,150,539475,1713.78,1699.40,1705.00
19.04.21 11:55:59,1695.00,1695.00,1695.00,1695.00,75,539475,1713.68,1695.65,1704.95
19.04.21 11:56:59,1695.55,1695.55,1695.55,1695.55,75,539475,1713.58,1695.20,1700.00
19.04.21 11:59:59,1705.00,1705.00,1705.00,1705.00,150,539475,1713.49,1703.15,1711.50
19.04.21 12:00:59,1710.00,1710.00,1710.00,1710.00,75,539475,1713.47,1708.90,1719.25
19.04.21 12:03:59,1710.00,1710.00,1710.00,1710.00,75,539475,1713.45,1705.10,1714.65
19.04.21 12:04:59,1705.00,1705.00,1705.00,1705.00,75,539475,1713.41,1699.30,1704.00
19.04.21 12:05:59,1695.00,1695.00,1695.00,1695.00,75,539475,1713.31,1696.40,1704.95
19.04.21 12:06:59,1695.00,1699.00,1695.00,1699.00,225,539400,1713.05,1696.45,1704.55
19.04.21 12:07:59,1704.15,1704.15,1704.15,1704.15,75,539400,1713.00,1695.15,1703.10
19.04.21 12:09:59,1690.00,1690.00,1690.00,1690.00,75,539250,1712.89,1685.05,1694.70
19.04.21 12:12:59,1705.00,1705.00,1705.00,1705.00,150,539250,1712.81,1702.30,1712.15
19.04.21 12:13:59,1705.00,1705.00,1705.00,1705.00,75,539250,1712.77,1699.35,1705.00
19.04.21 12:14:59,1700.00,1710.00,1700.00,1710.00,375,539250,1712.65,1704.05,1712.15
19.04.21 12:18:59,1705.00,1705.00,1705.00,1705.00,75,538875,1712.61,1698.15,1705.00
19.04.21 12:19:59,1700.00,1700.00,1700.00,1700.00,75,538875,1712.55,1695.95,1705.75
19.04.21 12:20:59,1700.00,1700.00,1700.00,1700.00,150,538875,1712.43,1697.60,1705.05
19.04.21 12:22:59,1705.00,1705.00,1705.00,1705.00,75,538875,1712.40,1706.20,1715.15
19.04.21 12:27:59,1705.00,1705.00,1705.00,1705.00,75,538875,1712.36,1699.00,1705.00
19.04.21 12:32:59,1700.00,1700.00,1700.00,1700.00,75,538875,1712.30,1696.30,1705.45
19.04.21 12:34:59,1700.00,1700.00,1700.00,1700.00,75,538875,1712.25,1700.70,1708.95
19.04.21 12:35:59,1705.00,1705.00,1705.00,1705.00,75,538875,1712.21,1699.10,1705.00
19.04.21 12:37:59,1700.00,1700.00,1700.00,1700.00,150,538875,1712.10,1697.10,1705.40
19.04.21 12:39:59,1705.00,1705.00,1705.00,1705.00,75,538875,1712.07,1703.40,1709.00
19.04.21 12:41:59,1710.00,1710.00,1710.00,1710.00,75,538875,1712.06,1708.15,1716.55
19.04.21 12:42:59,1710.00,1710.00,1710.00,1710.00,75,538950,1712.05,1708.15,1713.00
19.04.21 12:43:59,1700.00,1700.00,1700.00,1700.00,75,538950,1711.99,1698.15,1707.40
19.04.21 12:46:59,1700.00,1700.00,1700.00,1700.00,225,538950,1711.83,1697.00,1705.10
19.04.21 12:47:59,1700.00,1700.00,1700.00,1700.00,75,538950,1711.78,1699.25,1708.35
19.04.21 12:48:59,1700.00,1700.00,1700.00,1700.00,150,538950,1711.67,1698.30,1706.80
19.04.21 12:49:59,1700.00,1700.00,1700.00,1700.00,75,538950,1711.62,1702.15,1705.90
19.04.21 12:50:59,1705.90,1710.00,1705.90,1710.00,150,538950,1711.59,1702.25,1708.00
19.04.21 12:51:59,1708.00,1708.00,1708.00,1708.00,75,538950,1711.58,1702.80,1712.85
19.04.21 12:54:59,1700.00,1700.00,1700.00,1700.00,75,538950,1711.53,1699.15,1705.00
19.04.21 12:58:59,1670.00,1670.00,1670.00,1670.00,75,538950,1711.35,1669.20,1677.05
19.04.21 13:05:59,1675.00,1675.00,1675.00,1675.00,75,538950,1711.19,1671.55,1681.40
19.04.21 13:06:59,1680.00,1680.00,1680.00,1680.00,75,538950,1711.06,1679.00,1686.25
19.04.21 13:08:59,1680.00,1680.00,1680.00,1680.00,75,538950,1710.93,1675.50,1684.00
19.04.21 13:11:59,1672.15,1672.15,1672.15,1672.15,75,538950,1710.76,1672.15,1679.95
19.04.21 13:12:59,1680.00,1680.00,1680.00,1680.00,75,539025,1710.63,1670.85,1679.75
19.04.21 13:14:59,1672.00,1672.00,1672.00,1672.00,525,539025,1709.52,1666.55,1675.85
19.04.21 13:22:59,1650.00,1650.00,1650.00,1650.00,75,539475,1709.28,1645.75,1653.95
19.04.21 13:28:59,1650.00,1650.00,1650.00,1650.00,75,539550,1709.04,1649.50,1657.35
19.04.21 13:31:59,1645.00,1645.00,1645.00,1645.00,75,539550,1708.78,1639.55,1648.75
19.04.21 13:48:59,1652.00,1652.00,1652.00,1652.00,75,539550,1708.55,1642.40,1650.05
19.04.21 13:53:59,1650.00,1652.00,1650.00,1652.00,225,539475,1707.86,1649.00,1654.65
19.04.21 13:54:59,1649.00,1649.00,1649.00,1649.00,150,539625,1707.39,1641.20,1651.15
19.04.21 13:55:59,1655.00,1655.00,1655.00,1655.00,75,539625,1707.19,1655.00,1658.95
19.04.21 13:56:59,1657.00,1660.00,1657.00,1660.00,150,539625,1706.81,1657.50,1666.85
19.04.21 13:57:59,1655.00,1655.00,1655.00,1655.00,75,539550,1706.60,1647.50,1656.80
19.04.21 13:58:59,1640.00,1640.00,1609.00,1609.00,450,539550,1704.50,1608.60,1622.70
19.04.21 14:00:59,1618.90,1618.90,1600.00,1600.00,150,539850,1703.78,1590.30,1600.45
19.04.21 14:01:59,1592.00,1592.00,1592.00,1592.00,75,539850,1703.36,1598.60,1608.35
19.04.21 14:02:59,1612.00,1612.00,1612.00,1612.00,225,539850,1702.34,1608.65,1618.50
19.04.21 14:03:59,1615.00,1615.00,1615.00,1615.00,75,539850,1702.02,1612.05,1620.00
19.04.21 14:04:59,1615.00,1615.00,1615.00,1615.00,300,539100,1700.75,1615.00,1621.45
19.04.21 14:05:59,1624.95,1624.95,1620.00,1620.00,225,539100,1699.89,1616.10,1626.30
19.04.21 14:06:59,1629.60,1629.60,1625.00,1625.00,150,538725,1699.37,1614.15,1623.45
19.04.21 14:07:59,1620.00,1620.00,1615.00,1615.00,225,538725,1698.50,1612.00,1616.30
19.04.21 14:08:59,1619.25,1619.25,1615.00,1615.00,150,538725,1697.92,1612.00,1621.20
19.04.21 14:10:59,1615.00,1615.00,1612.00,1612.00,150,538200,1697.33,1606.60,1615.50
19.04.21 14:11:59,1610.00,1610.00,1610.00,1610.00,75,538200,1697.03,1610.85,1619.40
19.04.21 14:20:59,1645.00,1645.00,1645.00,1645.00,75,537975,1696.85,1633.00,1642.20
19.04.21 14:25:59,1630.00,1630.00,1625.00,1625.00,225,537975,1696.14,1626.85,1636.00
19.04.21 14:28:59,1635.00,1635.00,1635.00,1635.00,75,537750,1695.93,1632.60,1641.95
19.04.21 14:31:59,1625.00,1625.00,1625.00,1625.00,150,537750,1695.45,1621.60,1631.35
19.04.21 14:32:59,1620.10,1620.10,1620.10,1620.10,75,537750,1695.19,1621.50,1631.20
19.04.21 14:36:59,1640.00,1640.00,1640.00,1640.00,300,537600,1694.45,1636.50,1645.70
19.04.21 14:38:59,1645.00,1645.00,1645.00,1645.00,75,537300,1694.29,1628.05,1637.50
19.04.21 14:39:59,1640.00,1640.00,1640.00,1640.00,75,537300,1694.11,1630.35,1639.85
19.04.21 14:41:59,1630.00,1630.00,1630.00,1630.00,75,537300,1693.90,1627.15,1638.75
19.04.21 14:44:59,1645.00,1655.00,1645.00,1655.00,150,537225,1693.61,1657.55,1668.35
19.04.21 14:45:59,1669.55,1669.55,1669.55,1669.55,75,537225,1693.53,1668.75,1678.70
19.04.21 14:47:59,1665.00,1665.00,1665.00,1665.00,75,537150,1693.44,1669.95,1678.85
19.04.21 14:48:59,1668.50,1668.50,1668.50,1668.50,75,537150,1693.35,1660.00,1671.05
19.04.21 14:52:59,1655.10,1655.10,1655.05,1655.05,150,537225,1693.11,1652.85,1658.20
19.04.21 14:53:59,1650.00,1650.00,1650.00,1650.00,75,537225,1692.97,1647.35,1655.95
19.04.21 14:55:59,1650.15,1650.15,1650.15,1650.15,75,537300,1692.83,1650.05,1657.70
19.04.21 14:56:59,1656.00,1656.00,1656.00,1656.00,150,537300,1692.60,1654.75,1663.95
19.04.21 14:57:59,1659.00,1662.00,1659.00,1662.00,600,537300,1691.81,1655.95,1664.25
19.04.21 14:59:59,1651.00,1651.35,1651.00,1651.35,375,537525,1691.19,1649.45,1657.00
19.04.21 15:01:59,1625.00,1625.00,1621.00,1621.00,150,537600,1690.77,1617.75,1624.25
19.04.21 15:02:59,1624.25,1624.25,1624.25,1624.25,75,537600,1690.57,1627.80,1635.30
19.04.21 15:03:59,1635.30,1635.30,1620.10,1620.10,150,537600,1690.19,1617.05,1625.85
19.04.21 15:04:59,1620.60,1620.60,1620.60,1620.60,75,537675,1689.98,1614.80,1626.70
19.04.21 15:05:59,1628.20,1632.30,1628.20,1632.30,150,537675,1689.62,1629.45,1639.45
19.04.21 15:09:59,1625.00,1625.00,1625.00,1625.00,75,537975,1689.43,1617.90,1626.50
19.04.21 15:10:59,1616.35,1616.35,1616.35,1616.35,75,537975,1689.21,1615.05,1620.90
19.04.21 15:11:59,1618.15,1618.15,1618.15,1618.15,75,537975,1689.00,1619.00,1625.60
19.04.21 15:12:59,1625.65,1625.65,1625.65,1625.65,75,537975,1688.81,1625.00,1628.65
19.04.21 15:13:59,1625.00,1625.00,1618.15,1618.15,150,538200,1688.42,1611.05,1619.70
19.04.21 15:14:59,1619.80,1619.80,1619.80,1619.80,75,538200,1688.22,1617.95,1623.60
19.04.21 15:15:59,1625.00,1625.60,1625.00,1625.60,150,538275,1687.85,1622.70,1631.50
19.04.21 15:17:59,1625.00,1625.00,1625.00,1625.00,75,538275,1687.67,1621.00,1623.95
19.04.21 15:18:59,1621.00,1625.00,1621.00,1625.00,150,538200,1687.29,1622.95,1629.70
19.04.21 15:19:59,1625.00,1627.30,1621.00,1621.00,300,538200,1686.58,1614.45,1621.45
19.04.21 15:22:59,1624.00,1624.00,1624.00,1624.00,75,537900,1686.41,1613.10,1621.75
19.04.21 15:27:59,1615.00,1615.00,1615.00,1615.00,75,537825,1686.20,1612.25,1617.25
19.04.21 15:30:00,1618.75,1618.75,1618.75,1618.75,75,537825,1686.01,1611.00,1618.25
20.04.21 09:15:59,1513.30,1513.30,1513.30,1513.30,75,537750,1513.30,1499.00,1505.15
20.04.21 09:16:59,1493.50,1493.50,1493.50,1493.50,75,537750,1503.40,1480.65,1489.40
20.04.21 09:17:59,1484.45,1484.45,1484.45,1484.45,75,537675,1497.08,1480.80,1488.05
20.04.21 09:18:59,1499.95,1502.35,1499.95,1499.95,300,537675,1499.35,1494.70,1502.40
20.04.21 09:19:59,1500.00,1500.00,1500.00,1500.00,525,537675,1499.67,1490.00,1497.95
20.04.21 09:20:59,1490.00,1490.20,1480.00,1480.90,300,537600,1496.47,1475.10,1484.60
20.04.21 09:21:59,1487.70,1487.70,1484.65,1484.65,225,537600,1494.94,1479.35,1487.35
20.04.21 09:24:59,1470.00,1475.20,1470.00,1475.20,150,536925,1492.99,1462.20,1469.30
20.04.21 09:25:59,1475.00,1475.00,1475.00,1475.00,150,536925,1491.55,1467.55,1474.25
20.04.21 09:29:59,1480.25,1480.25,1480.25,1480.25,150,536700,1490.71,1470.50,1478.20
20.04.21 09:31:59,1482.50,1482.50,1482.50,1482.50,150,536550,1490.13,1476.20,1482.90
20.04.21 09:50:59,1513.45,1513.45,1513.45,1513.45,150,536175,1491.63,1500.55,1508.30
20.04.21 09:51:59,1507.90,1507.90,1507.90,1507.90,150,536175,1492.61,1502.25,1509.40
20.04.21 09:53:59,1517.75,1517.75,1517.75,1517.75,75,536175,1493.35,1503.00,1510.05
20.04.21 09:54:59,1509.60,1509.60,1509.60,1509.60,75,536175,1493.82,1503.75,1511.45
20.04.21 09:59:59,1518.00,1518.00,1518.00,1518.00,75,535875,1494.49,1514.50,1521.95
20.04.21 10:01:59,1514.50,1514.50,1514.50,1514.50,300,535725,1496.49,1518.45,1525.90
20.04.21 10:06:59,1526.80,1526.80,1526.80,1526.80,75,535425,1497.23,1523.85,1532.45
20.04.21 10:21:59,1520.00,1520.00,1520.00,1520.00,75,535350,1497.77,1518.25,1526.90
20.04.21 10:26:59,1520.00,1520.00,1520.00,1520.00,75,535350,1498.29,1514.95,1522.60
20.04.21 10:44:59,1511.90,1511.90,1511.90,1511.90,75,535275,1498.60,1511.15,1518.65
20.04.21 10:49:59,1530.00,1530.00,1530.00,1530.00,750,535350,1504.41,1529.80,1537.15
20.04.21 11:09:59,1549.90,1549.90,1549.90,1549.90,75,535350,1505.24,1547.35,1555.40
20.04.21 11:21:59,1568.45,1568.45,1568.45,1568.45,75,535350,1506.37,1562.65,1570.25
20.04.21 11:33:59,1570.00,1570.00,1570.00,1570.00,150,535275,1508.56,1564.45,1568.40
20.04.21 11:34:59,1573.00,1573.00,1573.00,1573.00,225,535275,1511.73,1569.45,1573.35
20.04.21 11:36:59,1583.00,1583.00,1583.00,1583.00,225,534900,1515.07,1574.90,1578.45
20.04.21 11:38:59,1578.00,1578.00,1578.00,1578.00,225,534900,1517.89,1566.55,1573.45
20.04.21 11:39:59,1574.70,1574.70,1574.70,1574.70,150,534450,1519.53,1567.10,1573.30
20.04.21 11:56:59,1580.00,1580.00,1580.00,1580.00,225,534300,1522.05,1574.15,1582.30
20.04.21 11:57:59,1575.00,1575.00,1575.00,1575.00,225,534075,1524.17,1569.65,1577.05
20.04.21 11:58:59,1575.00,1575.00,1575.00,1575.00,75,534075,1524.84,1570.50,1576.30
20.04.21 12:10:59,1578.00,1578.00,1578.00,1578.00,75,533850,1525.53,1574.00,1580.75
20.04.21 12:11:59,1578.00,1578.00,1578.00,1578.00,150,533850,1526.86,1575.00,1578.85
20.04.21 12:12:59,1577.00,1580.30,1577.00,1579.00,225,533625,1528.76,1575.00,1581.10
20.04.21 12:13:59,1577.00,1577.00,1577.00,1577.00,75,533625,1529.34,1575.00,1578.75
20.04.21 12:14:59,1580.35,1580.35,1580.35,1580.35,75,533625,1529.95,1575.00,1579.35
20.04.21 12:15:59,1580.30,1580.30,1580.30,1580.30,75,533250,1530.54,1575.00,1580.05
20.04.21 12:16:59,1575.00,1575.00,1574.95,1574.95,150,533250,1531.56,1568.90,1574.95
20.04.21 12:18:59,1592.90,1598.35,1592.90,1598.35,150,533025,1533.00,1599.60,1608.00
20.04.21 12:19:59,1601.00,1601.00,1601.00,1601.00,75,533025,1533.75,1592.65,1600.30
20.04.21 12:21:59,1599.45,1606.25,1599.45,1606.25,300,532875,1536.72,1606.00,1610.00
20.04.21 12:22:59,1610.00,1614.90,1610.00,1614.90,150,532875,1538.30,1616.25,1622.40
20.04.21 12:24:59,1622.90,1622.90,1622.90,1622.90,75,533325,1539.17,1623.60,1626.40
20.04.21 12:25:59,1626.40,1626.40,1626.40,1626.40,75,533325,1540.06,1607.70,1613.15
20.04.21 12:29:59,1607.00,1607.00,1605.00,1605.00,150,533475,1541.38,1602.45,1606.75
20.04.21 12:30:59,1601.00,1601.00,1601.00,1601.00,75,533325,1541.97,1592.05,1599.35
20.04.21 12:31:59,1603.00,1603.00,1603.00,1603.00,75,533325,1542.57,1597.90,1603.15
20.04.21 12:32:59,1607.90,1607.90,1607.90,1607.90,75,533325,1543.20,1600.35,1609.55
20.04.21 12:34:59,1605.15,1605.15,1605.15,1605.15,75,533250,1543.80,1605.30,1610.35
20.04.21 12:35:59,1610.00,1610.00,1609.35,1609.35,225,533250,1545.65,1609.65,1615.35
20.04.21 12:36:59,1611.50,1611.85,1611.50,1611.85,450,533250,1549.21,1615.35,1620.00
20.04.21 12:39:59,1614.00,1614.00,1610.00,1610.00,225,533400,1550.84,1608.20,1613.95
20.04.21 12:40:59,1610.00,1610.00,1610.00,1610.00,150,533400,1551.82,1611.35,1615.00
20.04.21 12:41:59,1613.00,1613.00,1613.00,1613.00,225,533400,1553.34,1610.75,1617.80
20.04.21 12:43:59,1620.30,1621.75,1620.30,1621.75,150,533325,1554.44,1620.85,1625.00
20.04.21 12:44:59,1627.05,1627.05,1624.00,1624.00,300,533325,1556.66,1620.30,1625.95
20.04.21 12:45:59,1632.80,1632.80,1632.80,1632.80,75,533475,1557.25,1627.20,1637.55
20.04.21 12:46:59,1636.10,1636.10,1636.10,1636.10,75,533475,1557.87,1636.60,1642.30
20.04.21 12:47:59,1628.90,1628.90,1628.80,1628.80,225,533475,1559.52,1628.40,1634.25
20.04.21 12:49:59,1620.00,1620.00,1610.95,1610.95,300,533625,1561.11,1610.00,1616.80
20.04.21 12:50:59,1610.00,1610.00,1610.00,1610.00,75,533625,1561.47,1601.00,1604.95
20.04.21 12:51:59,1601.10,1605.00,1601.10,1605.00,150,533775,1562.06,1601.00,1609.60
20.04.21 12:53:59,1600.00,1600.00,1600.00,1600.00,150,533775,1562.61,1593.80,1600.50
20.04.21 12:54:59,1600.00,1600.00,1600.00,1600.00,150,533625,1563.13,1593.15,1599.45
20.04.21 12:55:59,1599.85,1599.85,1590.00,1590.00,225,533625,1563.75,1583.55,1590.20
20.04.21 12:56:59,1596.15,1596.15,1596.15,1596.15,150,533625,1564.19,1596.00,1602.95
20.04.21 12:57:59,1600.00,1600.00,1600.00,1600.00,75,533625,1564.43,1601.00,1607.30
20.04.21 12:59:59,1610.00,1610.00,1610.00,1610.00,75,533475,1564.73,1608.75,1613.60
20.04.21 13:00:59,1611.90,1611.90,1611.90,1611.90,75,533475,1565.05,1607.85,1613.00
20.04.21 13:01:59,1613.10,1615.50,1613.10,1615.50,300,533550,1566.32,1615.70,1620.95
20.04.21 13:02:59,1625.00,1625.00,1625.00,1625.00,75,533550,1566.69,1620.80,1628.40
20.04.21 13:04:59,1614.00,1614.00,1610.00,1610.00,150,533925,1567.27,1604.00,1608.55
20.04.21 13:05:59,1606.20,1609.95,1606.20,1609.95,675,533925,1569.46,1601.85,1608.00
20.04.21 13:06:59,1606.90,1610.00,1606.90,1610.00,300,534075,1570.37,1609.00,1612.40
20.04.21 13:07:59,1610.35,1610.35,1607.35,1607.35,150,534075,1570.82,1603.30,1610.10
20.04.21 13:08:59,1605.00,1607.00,1605.00,1607.00,450,534075,1571.97,1601.00,1606.95
20.04.21 13:09:59,1603.00,1603.00,1603.00,1603.00,300,533925,1572.65,1602.00,1605.50
20.04.21 13:10:59,1605.50,1615.60,1605.50,1613.00,975,533925,1575.15,1606.95,1614.95
20.04.21 13:11:59,1601.00,1607.00,1601.00,1601.00,300,533925,1575.72,1601.15,1609.85
20.04.21 13:12:59,1604.00,1604.00,1600.00,1600.00,150,533250,1575.98,1593.10,1599.90
20.04.21 13:13:59,1596.20,1596.20,1596.20,1596.20,75,533250,1576.08,1598.20,1601.00
20.04.21 13:14:59,1602.00,1605.00,1601.00,1605.00,450,533250,1576.84,1600.00,1603.60
20.04.21 13:15:59,1600.00,1600.00,1600.00,1600.00,75,533250,1576.95,1600.00,1602.95
20.04.21 13:16:59,1603.00,1603.00,1603.00,1603.00,300,533175,1577.44,1596.95,1604.60
20.04.21 13:17:59,1598.00,1598.00,1595.00,1595.00,225,533175,1577.69,1590.00,1595.35
20.04.21 13:18:59,1590.00,1590.00,1588.45,1588.45,150,532650,1577.80,1588.90,1595.40
20.04.21 13:19:59,1588.95,1595.00,1588.95,1595.00,150,532650,1577.93,1596.00,1598.90
20.04.21 13:20:59,1600.00,1604.00,1600.00,1604.00,300,532650,1578.35,1597.95,1604.05
20.04.21 13:21:59,1600.00,1600.00,1600.00,1600.00,375,532650,1578.82,1594.00,1602.20
20.04.21 13:23:59,1598.00,1598.00,1598.00,1598.00,225,532650,1579.07,1583.25,1590.00
20.04.21 13:29:59,1604.85,1606.00,1603.00,1606.00,900,532575,1580.33,1599.05,1606.45
20.04.21 13:30:59,1600.85,1600.85,1600.85,1600.85,75,532425,1580.42,1608.40,1616.80
20.04.21 13:31:59,1610.00,1610.00,1610.00,1610.00,600,532425,1581.35,1608.10,1615.45
20.04.21 13:37:59,1600.00,1600.00,1600.00,1600.00,75,531900,1581.42,1597.35,1603.75
20.04.21 13:39:59,1610.45,1610.45,1610.45,1610.45,75,531825,1581.53,1607.40,1615.40
20.04.21 13:40:59,1612.85,1612.85,1612.25,1612.25,150,531825,1581.77,1603.50,1612.70
20.04.21 13:42:59,1609.00,1609.00,1608.00,1608.00,150,531975,1581.98,1602.60,1609.05
20.04.21 13:51:59,1595.00,1595.00,1595.00,1595.00,75,531825,1582.03,1593.50,1601.55
20.04.21 13:52:59,1595.00,1595.00,1595.00,1595.00,75,531750,1582.08,1599.60,1606.80
20.04.21 13:54:59,1603.60,1609.65,1603.60,1609.65,225,531900,1582.37,1614.00,1617.20
20.04.21 13:55:59,1614.00,1614.00,1610.00,1613.25,300,531900,1582.80,1612.50,1619.80
20.04.21 13:56:59,1620.00,1620.00,1620.00,1620.00,750,531900,1584.14,1606.05,1613.20
20.04.21 13:57:59,1609.30,1609.30,1609.30,1609.30,75,531900,1584.23,1601.55,1609.70
20.04.21 13:58:59,1610.00,1610.00,1610.00,1610.00,150,531000,1584.41,1605.35,1613.05
20.04.21 13:59:59,1606.15,1614.60,1606.15,1614.60,375,531000,1584.88,1607.85,1616.30
20.04.21 14:00:59,1611.40,1620.00,1611.40,1617.75,1950,530925,1587.60,1609.25,1616.20
20.04.21 14:02:59,1607.90,1607.90,1606.90,1606.90,150,530925,1587.73,1602.50,1609.50
20.04.21 14:06:59,1600.00,1600.00,1600.00,1600.00,75,529350,1587.77,1595.65,1599.80
20.04.21 14:11:59,1603.85,1603.85,1603.85,1603.85,75,529275,1587.82,1606.20,1612.20
20.04.21 14:12:59,1614.00,1614.00,1614.00,1614.00,75,529275,1587.90,1609.70,1615.15
20.04.21 14:13:59,1613.85,1613.85,1613.85,1613.85,75,529275,1587.98,1609.35,1616.25
20.04.21 14:14:59,1610.20,1610.20,1610.20,1610.20,75,529275,1588.05,1612.40,1619.35
20.04.21 14:15:59,1619.00,1619.00,1619.00,1619.00,450,529200,1588.62,1608.60,1616.00
20.04.21 14:16:59,1608.75,1613.00,1608.75,1613.00,600,529200,1589.19,1608.45,1610.80
20.04.21 14:17:59,1610.00,1610.00,1605.60,1605.60,525,529200,1589.60,1608.00,1611.40
20.04.21 14:18:59,1609.00,1609.00,1606.15,1606.15,900,527550,1590.28,1605.25,1610.15
20.04.21 14:19:59,1609.00,1609.00,1609.00,1609.00,150,527550,1590.39,1605.80,1610.90
20.04.21 14:20:59,1615.00,1615.00,1615.00,1615.00,150,527550,1590.53,1609.40,1613.40
20.04.21 14:21:59,1625.00,1625.00,1625.00,1625.00,75,526725,1590.62,1627.25,1635.55
20.04.21 14:22:59,1644.55,1653.90,1644.55,1653.90,300,526725,1591.26,1648.55,1656.90
20.04.21 14:23:59,1656.50,1656.50,1656.50,1656.50,225,526725,1591.80,1648.10,1655.80
20.04.21 14:24:59,1655.00,1655.00,1655.00,1655.00,225,526725,1592.31,1647.55,1654.20
20.04.21 14:25:59,1668.80,1668.80,1668.80,1668.80,150,526725,1592.72,1666.30,1672.60
20.04.21 14:27:59,1670.00,1670.00,1670.00,1670.00,300,526725,1593.55,1659.50,1667.95
20.04.21 14:32:59,1669.35,1669.40,1669.35,1669.40,150,525900,1593.95,1677.60,1685.65
20.04.21 14:34:59,1694.00,1697.50,1694.00,1695.00,300,525900,1595.02,1691.85,1699.60
20.04.21 14:35:59,1699.45,1699.45,1693.90,1693.90,450,525900,1596.63,1680.05,1688.90
20.04.21 14:36:59,1687.15,1687.15,1687.15,1687.15,225,526050,1597.31,1685.00,1693.95
20.04.21 14:37:59,1700.00,1700.00,1700.00,1700.00,150,526050,1597.84,1700.00,1703.75
20.04.21 14:38:59,1700.00,1700.00,1700.00,1700.00,225,526050,1598.62,1695.65,1703.30
20.04.21 14:40:59,1700.00,1700.00,1700.00,1700.00,75,525450,1598.87,1691.20,1699.55
20.04.21 14:43:59,1705.00,1705.00,1700.00,1700.00,450,525075,1600.45,1699.40,1706.65
20.04.21 14:49:59,1730.00,1730.00,1730.00,1730.00,225,524700,1601.41,1723.25,1732.30
20.04.21 14:50:59,1721.80,1721.80,1721.80,1721.80,75,524700,1601.71,1726.25,1734.50
20.04.21 14:53:59,1730.00,1732.00,1730.00,1732.00,150,524700,1602.34,1733.15,1740.40
20.04.21 14:55:59,1749.90,1749.90,1749.90,1749.90,75,524475,1602.70,1753.90,1762.20
20.04.21 14:59:59,1744.00,1744.00,1744.00,1744.00,75,524550,1603.05,1754.25,1762.15
20.04.21 15:00:59,1750.00,1750.00,1750.00,1750.00,75,524550,1603.41,1751.10,1759.25
20.04.21 15:01:59,1740.00,1740.00,1730.00,1730.00,150,524550,1604.05,1725.50,1732.90
20.04.21 15:02:59,1720.05,1720.05,1713.35,1713.35,300,524550,1605.16,1710.20,1716.80
20.04.21 15:03:59,1715.00,1718.00,1701.00,1701.00,1050,524550,1608.63,1700.10,1703.40
20.04.21 15:04:59,1703.40,1705.00,1695.00,1695.85,1800,524550,1613.45,1692.30,1700.30
20.04.21 15:05:59,1695.00,1715.00,1695.00,1715.00,1875,524550,1618.39,1708.20,1714.10
20.04.21 15:06:59,1690.00,1690.00,1686.05,1690.00,300,524625,1618.98,1689.10,1696.15
20.04.21 15:07:59,1690.00,1695.00,1686.35,1686.35,525,524625,1620.03,1680.80,1685.55
20.04.21 15:09:59,1690.00,1690.00,1690.00,1690.00,75,524625,1620.17,1680.65,1687.00
20.04.21 15:12:59,1675.00,1675.00,1675.00,1675.00,1050,524625,1621.71,1683.40,1690.85
20.04.21 15:14:59,1690.00,1690.00,1679.40,1679.40,375,524625,1622.32,1675.00,1680.95
20.04.21 15:15:59,1670.00,1682.10,1670.00,1682.10,1425,524100,1624.35,1681.75,1688.65
20.04.21 15:16:59,1680.90,1680.90,1680.90,1680.90,525,524100,1625.09,1681.00,1686.95
20.04.21 15:17:59,1683.00,1686.60,1683.00,1683.00,300,524100,1625.53,1682.65,1688.75
20.04.21 15:18:59,1686.95,1686.95,1686.95,1686.95,75,524100,1625.64,1686.15,1691.65
20.04.21 15:19:59,1690.00,1690.00,1690.00,1690.00,75,524100,1625.76,1688.40,1694.25
20.04.21 15:20:59,1692.00,1693.15,1692.00,1693.15,150,524100,1626.01,1692.55,1698.30
20.04.21 15:22:59,1694.85,1694.85,1694.85,1694.85,750,524025,1627.25,1693.90,1699.45
20.04.21 15:26:59,1697.60,1697.60,1697.60,1697.60,75,524925,1627.38,1697.15,1702.65
20.04.21 15:28:59,1708.90,1708.90,1708.90,1708.90,75,526125,1627.52,1709.80,1713.90
22.04.21 09:15:59,1835.00,1835.00,1835.00,1835.00,300,526200,1835.00,1824.10,1833.40
22.04.21 09:16:59,1829.00,1829.60,1826.05,1826.05,300,526200,1831.77,1813.55,1821.70
22.04.21 09:18:59,1820.00,1820.00,1820.00,1820.00,75,525900,1830.46,1825.10,1831.20
22.04.21 09:19:59,1820.05,1822.50,1820.05,1822.50,150,525900,1828.79,1822.90,1828.20
22.04.21 09:20:59,1825.00,1825.00,1820.00,1820.00,150,525900,1827.82,1815.00,1817.80
22.04.21 09:21:59,1815.00,1815.00,1800.00,1800.00,300,525900,1823.04,1790.00,1794.20
22.04.21 09:22:59,1790.00,1790.00,1780.00,1780.00,225,525900,1817.33,1780.00,1782.85
22.04.21 09:23:59,1780.00,1780.00,1770.00,1770.00,225,525900,1811.81,1765.00,1772.90
22.04.21 09:24:59,1779.85,1780.05,1779.85,1780.05,1125,525900,1799.46,1782.55,1791.10
22.04.21 09:26:59,1790.00,1790.00,1790.00,1790.00,75,525375,1799.22,1780.00,1786.55
22.04.21 09:29:59,1785.00,1785.00,1774.15,1774.15,225,525075,1797.83,1770.00,1776.75
22.04.21 09:36:59,1775.00,1775.00,1775.00,1775.00,75,524925,1797.30,1770.05,1773.95
22.04.21 09:39:59,1778.00,1778.00,1778.00,1778.00,75,524850,1796.86,1773.50,1777.30
22.04.21 09:40:59,1776.10,1776.10,1755.00,1755.00,450,524850,1793.06,1750.00,1751.95
22.04.21 09:41:59,1750.00,1750.00,1750.00,1750.00,150,524850,1791.40,1747.90,1754.70
22.04.21 09:42:59,1748.00,1748.00,1748.00,1748.00,75,524850,1790.58,1741.10,1747.40
22.04.21 09:43:59,1751.65,1751.65,1751.65,1751.65,75,524850,1789.86,1734.55,1740.55
22.04.21 09:44:59,1740.00,1740.00,1740.00,1740.00,150,524850,1788.08,1744.05,1751.45
22.04.21 09:46:59,1743.40,1743.40,1743.40,1743.40,2025,524775,1773.54,1745.30,1754.75
22.04.21 09:50:59,1745.00,1745.00,1745.00,1745.00,150,524100,1772.87,1742.85,1751.75
22.04.21 09:53:59,1735.00,1735.00,1735.00,1735.00,75,524100,1772.43,1735.55,1741.85
22.04.21 09:57:59,1731.00,1731.00,1725.00,1725.00,300,523800,1770.50,1723.30,1729.35
22.04.21 09:59:59,1735.50,1735.50,1735.50,1735.50,525,523800,1767.97,1731.45,1737.15
22.04.21 10:01:59,1744.95,1744.95,1744.95,1744.95,75,523800,1767.74,1738.10,1744.70
22.04.21 10:02:59,1750.00,1750.00,1750.00,1750.00,75,523875,1767.56,1747.55,1754.35
22.04.21 10:08:59,1750.00,1753.30,1750.00,1753.30,900,523050,1766.84,1750.50,1755.90
22.04.21 10:09:59,1763.50,1763.50,1753.70,1753.70,825,523050,1766.32,1754.20,1756.30
22.04.21 10:10:59,1752.85,1752.85,1752.85,1752.85,150,523050,1766.12,1749.60,1751.95
22.04.21 10:11:59,1747.55,1747.90,1737.90,1738.95,1050,522975,1763.75,1738.50,1745.00
22.04.21 10:12:59,1746.00,1746.00,1746.00,1746.00,75,522975,1763.62,1740.05,1745.95
22.04.21 10:14:59,1755.00,1755.35,1755.00,1755.35,375,522975,1763.33,1744.05,1751.40
22.04.21 10:15:59,1752.80,1756.00,1752.80,1756.00,600,522975,1762.86,1749.60,1755.65
22.04.21 10:16:59,1759.00,1759.00,1759.00,1759.00,300,522975,1762.76,1753.50,1760.85
22.04.21 10:17:59,1759.80,1759.80,1759.80,1759.80,150,522975,1762.72,1745.00,1752.35
22.04.21 10:22:59,1750.00,1750.00,1745.00,1745.00,375,521175,1762.31,1745.00,1747.75
22.04.21 10:23:59,1748.60,1748.60,1748.60,1748.60,450,521175,1761.82,1745.00,1748.05
22.04.21 10:24:59,1745.00,1745.00,1745.00,1745.00,225,519900,1761.53,1742.95,1749.15
22.04.21 10:25:59,1742.00,1742.00,1742.00,1742.00,300,519900,1761.08,1740.00,1743.75
22.04.21 10:26:59,1740.00,1740.00,1740.00,1740.00,75,519900,1760.97,1730.05,1735.35
22.04.21 10:28:59,1730.00,1730.00,1730.00,1730.00,75,519750,1760.79,1725.00,1730.30
22.04.21 10:29:59,1725.00,1725.00,1725.00,1725.00,150,519750,1760.39,1725.85,1732.90
22.04.21 10:30:59,1720.00,1720.00,1714.35,1714.35,300,519225,1759.46,1710.00,1712.50
22.04.21 10:32:59,1716.90,1716.90,1716.90,1716.90,75,519225,1759.23,1710.05,1716.20
22.04.21 10:34:59,1710.00,1710.00,1710.00,1710.00,150,518625,1758.70,1705.05,1711.15
22.04.21 10:39:59,1710.00,1710.00,1710.00,1710.00,75,518025,1758.44,1707.05,1712.60
22.04.21 10:41:59,1710.00,1710.00,1710.00,1710.00,75,518025,1758.19,1711.10,1716.90
22.04.21 10:46:59,1723.30,1724.00,1723.30,1724.00,150,517800,1757.82,1723.80,1729.60
22.04.21 10:47:59,1723.95,1728.00,1723.95,1728.00,450,517725,1756.84,1723.95,1731.60
22.04.21 10:48:59,1724.60,1724.60,1719.85,1719.85,975,517725,1754.64,1720.55,1727.75
22.04.21 10:50:59,1720.40,1735.00,1720.40,1735.00,5325,517575,1748.52,1722.95,1729.95
22.04.21 10:51:59,1735.00,1735.00,1732.25,1735.00,4200,517575,1746.05,1723.25,1730.50
22.04.21 10:52:59,1731.35,1731.35,1731.35,1731.35,600,517575,1745.71,1722.45,1728.85
22.04.21 10:54:59,1723.15,1723.15,1723.15,1723.15,75,509250,1745.64,1714.00,1721.85
22.04.21 10:59:59,1730.00,1730.00,1730.00,1730.00,150,507675,1745.55,1734.65,1739.65
22.04.21 11:00:59,1741.75,1741.75,1741.75,1741.75,225,507525,1745.52,1739.40,1745.20
22.04.21 11:02:59,1746.05,1746.05,1746.05,1746.05,75,507525,1745.52,1737.55,1744.85
22.04.21 11:04:59,1747.85,1747.85,1747.85,1747.85,150,507300,1745.54,1748.95,1755.70
22.04.21 11:10:59,1759.60,1759.60,1755.80,1755.80,150,507150,1745.60,1751.65,1757.55
22.04.21 11:11:59,1752.00,1752.00,1752.00,1752.00,75,507150,1745.62,1752.00,1755.80
22.04.21 11:12:59,1752.00,1752.00,1750.00,1750.00,225,507000,1745.66,1743.15,1749.65
22.04.21 11:16:59,1746.10,1750.25,1746.10,1750.25,300,506775,1745.69,1741.10,1748.50
22.04.21 11:18:59,1740.00,1740.00,1740.00,1740.00,75,506475,1745.68,1736.50,1742.50
22.04.21 11:24:59,1745.15,1745.15,1743.20,1743.20,300,506400,1745.66,1738.75,1743.10
22.04.21 11:25:59,1742.00,1742.00,1742.00,1742.00,150,506400,1745.64,1734.30,1740.60
22.04.21 11:26:59,1740.20,1740.20,1734.95,1734.95,600,506400,1745.48,1730.15,1735.15
22.04.21 11:27:59,1735.05,1735.10,1731.40,1731.40,825,505425,1745.13,1730.00,1731.40
22.04.21 11:28:59,1731.55,1731.55,1725.00,1725.00,375,505425,1744.94,1720.15,1725.45
22.04.21 11:30:59,1720.00,1720.00,1713.85,1713.85,675,504225,1744.27,1710.00,1712.85
22.04.21 11:31:59,1710.00,1710.00,1705.00,1707.45,375,504225,1743.81,1709.00,1712.15
22.04.21 11:32:59,1710.90,1711.00,1710.90,1711.00,600,504225,1743.18,1714.60,1719.70
22.04.21 11:34:59,1710.00,1710.00,1706.65,1709.30,1050,502575,1742.06,1705.00,1709.75
22.04.21 11:35:59,1710.80,1713.00,1710.80,1713.00,600,502575,1741.49,1710.05,1715.35
22.04.21 11:36:59,1713.00,1720.00,1713.00,1718.45,1650,501000,1740.34,1718.00,1723.95
22.04.21 11:37:59,1719.00,1719.00,1719.00,1719.00,750,501000,1739.89,1713.10,1717.90
22.04.21 11:38:59,1718.20,1718.20,1718.20,1718.20,375,501000,1739.66,1718.00,1719.00
22.04.21 11:39:59,1717.00,1717.00,1717.00,1717.00,1125,498150,1738.97,1706.45,1712.75
22.04.21 11:40:59,1712.60,1716.00,1712.60,1716.00,975,498150,1738.31,1716.00,1716.70
22.04.21 11:41:59,1719.30,1719.30,1718.60,1718.60,2100,498150,1737.29,1714.05,1718.55
22.04.21 11:42:59,1713.60,1713.60,1713.60,1713.60,375,493950,1737.07,1706.75,1713.15
22.04.21 11:43:59,1700.00,1700.00,1700.00,1700.00,150,493950,1736.93,1695.85,1700.00
22.04.21 11:44:59,1700.00,1700.00,1690.00,1690.00,1425,493950,1735.43,1685.00,1688.60
22.04.21 11:45:59,1685.00,1685.00,1680.00,1680.00,150,492225,1735.25,1678.00,1680.85
22.04.21 11:46:59,1683.00,1691.85,1683.00,1691.85,1125,492225,1734.02,1684.90,1689.75
22.04.21 11:49:59,1680.00,1680.00,1674.30,1675.05,1125,490950,1732.60,1667.00,1672.55
22.04.21 11:51:59,1678.00,1678.00,1678.00,1678.00,375,489825,1732.14,1669.95,1677.65
22.04.21 11:53:59,1670.00,1670.00,1670.00,1670.00,750,489825,1731.12,1664.65,1669.75
22.04.21 11:54:59,1668.30,1668.30,1668.30,1668.30,150,489450,1730.91,1662.45,1669.35
22.04.21 11:56:59,1670.00,1670.00,1667.00,1667.00,1125,489450,1729.39,1667.35,1668.00
22.04.21 11:57:59,1667.35,1669.95,1667.35,1669.95,975,488550,1728.16,1674.00,1679.85
22.04.21 11:58:59,1678.30,1679.35,1675.10,1679.35,2025,488550,1726.11,1680.00,1682.80
22.04.21 11:59:59,1684.00,1684.00,1678.00,1678.00,1350,488550,1724.90,1675.00,1679.10
22.04.21 12:00:59,1680.00,1680.00,1680.00,1680.00,375,488550,1724.57,1690.00,1692.80
22.04.21 12:01:59,1693.00,1693.00,1685.00,1685.00,1125,485175,1723.80,1684.20,1689.90
22.04.21 12:03:59,1695.00,1695.00,1695.00,1695.00,150,481875,1723.72,1694.20,1701.95
22.04.21 12:05:59,1705.00,1705.00,1705.00,1705.00,150,481875,1723.67,1698.90,1705.10
22.04.21 12:07:59,1703.00,1703.00,1703.00,1703.00,75,481875,1723.64,1698.70,1704.75
22.04.21 12:08:59,1690.00,1690.00,1690.00,1690.00,75,481875,1723.59,1684.10,1691.45
22.04.21 12:09:59,1694.45,1694.45,1694.45,1694.45,375,481650,1723.38,1686.30,1692.20
22.04.21 12:11:59,1680.00,1680.00,1680.00,1680.00,75,481650,1723.32,1681.55,1688.65
22.04.21 12:13:59,1684.00,1684.00,1684.00,1684.00,375,481125,1723.04,1675.15,1681.90
22.04.21 12:14:59,1675.00,1675.00,1670.00,1670.00,150,481125,1722.90,1666.20,1673.00
22.04.21 12:18:59,1675.00,1675.00,1675.00,1675.00,375,480600,1722.56,1666.65,1672.50
22.04.21 12:19:59,1671.00,1671.00,1671.00,1671.00,375,480600,1722.21,1662.75,1669.20
22.04.21 12:21:59,1673.25,1673.25,1673.25,1673.25,375,479850,1721.87,1672.35,1678.10
22.04.21 12:23:59,1677.70,1677.70,1677.70,1677.70,75,479850,1721.81,1669.45,1675.75
22.04.21 12:24:59,1666.85,1666.85,1665.90,1666.85,300,479400,1721.51,1659.60,1665.95
22.04.21 12:25:59,1672.40,1672.40,1672.40,1672.40,375,479400,1721.18,1665.85,1672.85
22.04.21 12:27:59,1673.10,1673.10,1673.10,1673.10,375,478725,1720.86,1677.05,1684.10
22.04.21 12:28:59,1681.05,1681.05,1681.05,1681.05,375,478725,1720.59,1675.85,1685.15
22.04.21 12:33:59,1690.00,1690.00,1690.00,1690.00,75,477975,1720.55,1680.00,1683.50
22.04.21 12:34:59,1680.00,1680.00,1680.00,1680.00,75,477975,1720.50,1677.55,1685.10
22.04.21 12:36:59,1679.00,1681.00,1679.00,1681.00,750,477825,1719.97,1678.00,1682.75
22.04.21 12:37:59,1684.00,1693.10,1684.00,1693.10,675,477825,1719.59,1682.05,1689.15
22.04.21 12:38:59,1688.00,1688.00,1688.00,1688.00,300,477825,1719.43,1683.00,1689.85
22.04.21 12:39:59,1696.00,1696.00,1695.00,1695.00,675,476100,1719.15,1688.50,1694.90
22.04.21 12:40:59,1690.50,1690.50,1690.00,1690.00,525,476100,1718.90,1683.55,1688.00
22.04.21 12:42:59,1687.10,1687.10,1687.10,1687.10,300,474900,1718.74,1684.50,1689.35
22.04.21 12:43:59,1692.00,1692.00,1689.35,1689.35,750,474900,1718.39,1685.95,1691.85
22.04.21 12:46:59,1680.00,1680.00,1680.00,1680.00,75,473850,1718.35,1675.00,1675.70
22.04.21 12:47:59,1675.00,1675.00,1675.00,1675.00,75,473850,1718.29,1671.30,1678.25
22.04.21 12:49:59,1675.00,1675.00,1675.00,1675.00,225,473700,1718.13,1670.00,1673.90
22.04.21 12:50:59,1670.00,1670.00,1665.00,1665.00,225,473700,1717.95,1660.00,1664.65
22.04.21 12:51:59,1660.00,1660.00,1660.00,1660.00,75,473700,1717.88,1659.05,1664.10
22.04.21 12:54:59,1650.00,1650.00,1650.00,1650.00,75,473175,1717.80,1644.60,1651.70
22.04.21 13:01:59,1645.10,1645.10,1645.10,1645.10,75,473100,1717.71,1637.85,1644.95
22.04.21 13:05:59,1625.00,1625.00,1625.00,1625.00,75,473025,1717.60,1624.30,1630.45
22.04.21 13:11:59,1634.00,1634.00,1634.00,1634.00,75,472950,1717.49,1632.95,1638.20
22.04.21 13:12:59,1640.00,1640.00,1640.00,1640.00,75,472875,1717.40,1636.45,1640.75
22.04.21 13:15:59,1645.00,1645.00,1645.00,1645.00,75,472875,1717.31,1643.35,1650.00
22.04.21 13:18:59,1643.30,1643.30,1630.00,1630.00,300,472650,1716.92,1622.55,1629.75
22.04.21 13:22:59,1630.00,1630.00,1630.00,1630.00,75,472425,1716.82,1625.00,1632.05
22.04.21 13:24:59,1624.00,1624.00,1624.00,1624.00,75,472350,1716.70,1621.00,1627.75
22.04.21 13:29:59,1645.00,1645.00,1645.00,1645.00,75,472275,1716.62,1655.30,1661.95
22.04.21 13:30:59,1668.45,1668.45,1668.45,1668.45,75,472275,1716.56,1664.95,1672.00
22.04.21 13:31:59,1660.00,1660.00,1660.00,1660.00,75,472200,1716.49,1650.00,1656.05
22.04.21 13:32:59,1650.00,1650.00,1650.00,1650.00,75,472200,1716.41,1648.85,1654.10
22.04.21 13:33:59,1658.95,1658.95,1658.95,1658.95,75,472125,1716.34,1650.55,1655.90
22.04.21 13:39:59,1640.00,1640.00,1632.55,1632.55,150,471975,1716.15,1630.55,1635.20
22.04.21 13:45:59,1630.00,1630.00,1630.00,1630.00,75,471900,1716.05,1625.00,1625.85
22.04.21 13:46:59,1620.55,1620.55,1620.55,1620.55,75,471825,1715.94,1606.60,1611.50
22.04.21 13:50:59,1606.05,1606.05,1606.05,1606.05,75,471825,1715.81,1606.05,1613.10
22.04.21 13:56:59,1620.00,1620.00,1620.00,1620.00,150,471825,1715.58,1617.90,1626.45
22.04.21 14:00:59,1610.00,1610.00,1610.00,1610.00,75,471975,1715.45,1601.50,1609.65
22.04.21 14:01:59,1600.00,1600.00,1600.00,1600.00,150,471975,1715.18,1590.10,1596.55
22.04.21 14:11:59,1600.00,1600.00,1600.00,1600.00,75,471750,1715.04,1588.15,1592.70
22.04.21 14:15:59,1592.00,1592.00,1592.00,1592.00,375,471675,1714.32,1590.75,1596.75
22.04.21 14:16:59,1600.00,1600.00,1600.00,1600.00,375,471675,1713.65,1592.80,1600.50
22.04.21 14:17:59,1600.60,1602.40,1600.60,1602.40,750,471675,1712.35,1591.85,1598.35
22.04.21 14:18:59,1600.35,1605.00,1600.35,1605.00,750,470475,1711.12,1602.00,1606.55
22.04.21 14:19:59,1609.55,1610.00,1609.55,1610.00,1575,470475,1708.73,1605.80,1611.55
22.04.21 14:20:59,1610.00,1618.10,1610.00,1618.10,1500,470475,1706.67,1609.75,1617.00
22.04.21 14:21:59,1615.30,1615.30,1615.30,1615.30,1500,466500,1704.69,1600.80,1608.25
22.04.21 14:22:59,1610.00,1613.00,1610.00,1613.00,1125,466500,1703.24,1606.05,1612.65
22.04.21 14:23:59,1617.00,1617.00,1617.00,1617.00,375,466500,1702.79,1611.65,1619.25
22.04.21 14:24:59,1618.00,1618.00,1618.00,1618.00,375,466500,1702.35,1618.00,1625.90
22.04.21 14:30:59,1625.00,1625.00,1620.00,1620.00,450,463875,1701.86,1610.70,1618.75
22.04.21 14:32:59,1612.00,1612.00,1610.00,1610.00,600,463875,1701.12,1611.15,1616.60
22.04.21 14:33:59,1612.40,1612.40,1612.40,1612.40,375,463350,1700.67,1604.60,1610.20
22.04.21 14:34:59,1601.00,1601.00,1595.25,1595.25,900,463350,1699.40,1590.70,1596.30
22.04.21 14:35:59,1590.00,1596.50,1590.00,1596.50,2025,463350,1696.52,1590.40,1597.30
22.04.21 14:39:59,1598.00,1598.00,1586.60,1586.60,825,463200,1695.46,1581.85,1588.70
22.04.21 14:42:59,1585.25,1585.25,1585.25,1585.25,750,463200,1694.40,1582.00,1588.20
22.04.21 14:43:59,1591.00,1591.00,1590.60,1590.60,975,462450,1693.12,1581.00,1588.75
22.04.21 14:44:59,1591.10,1591.10,1591.10,1591.10,750,462450,1692.16,1589.95,1596.55
22.04.21 14:45:59,1593.75,1593.75,1593.75,1593.75,75,462450,1692.07,1592.05,1597.10
22.04.21 14:47:59,1577.50,1577.50,1577.15,1577.50,750,461325,1691.00,1570.35,1576.75
22.04.21 14:48:59,1573.15,1573.15,1573.15,1573.15,75,461325,1690.89,1572.35,1577.65
22.04.21 14:55:59,1583.10,1583.10,1583.10,1583.10,225,459075,1690.59,1576.85,1583.15
22.04.21 14:58:59,1596.95,1596.95,1596.95,1596.95,750,459075,1689.73,1591.80,1597.70
22.04.21 14:59:59,1595.60,1595.60,1595.60,1595.60,750,459075,1688.88,1592.00,1600.30
22.04.21 15:00:59,1590.75,1590.75,1590.75,1590.75,750,459075,1687.98,1576.35,1584.30
22.04.21 15:02:59,1575.95,1581.10,1575.95,1581.10,300,458400,1687.59,1576.25,1583.30
22.04.21 15:04:59,1596.00,1596.00,1596.00,1596.00,750,456900,1686.77,1591.15,1596.30
22.04.21 15:06:59,1600.05,1600.05,1600.05,1600.05,900,456900,1685.86,1599.50,1605.40
22.04.21 15:08:59,1598.85,1598.85,1598.85,1598.85,75,456750,1685.78,1595.00,1599.85
22.04.21 15:09:59,1595.00,1595.00,1595.00,1595.00,75,456750,1685.70,1589.65,1596.05
22.04.21 15:10:59,1590.00,1590.00,1590.00,1590.00,75,455175,1685.62,1586.90,1591.85
22.04.21 15:11:59,1589.00,1589.00,1589.00,1589.00,450,455175,1685.11,1587.95,1592.10
22.04.21 15:12:59,1590.00,1590.00,1590.00,1590.00,300,455175,1684.78,1589.25,1594.45
22.04.21 15:13:59,1590.90,1590.90,1590.90,1590.90,150,455475,1684.62,1592.05,1597.45
22.04.21 15:14:59,1595.85,1595.85,1595.85,1595.85,150,455475,1684.46,1597.40,1602.15
22.04.21 15:15:59,1597.65,1597.65,1597.65,1597.65,150,455475,1684.31,1598.10,1603.30
22.04.21 15:16:59,1604.00,1604.00,1603.20,1603.20,3675,455925,1681.03,1597.35,1603.65
22.04.21 15:19:59,1598.00,1598.00,1598.00,1598.00,600,455325,1680.48,1594.15,1599.25
22.04.21 15:20:59,1599.15,1599.15,1599.15,1599.15,75,455325,1680.42,1593.00,1598.85
22.04.21 15:22:59,1589.65,1589.65,1589.65,1589.65,75,454650,1680.34,1587.45,1593.45
22.04.21 15:23:59,1590.00,1590.00,1590.00,1590.00,150,454650,1680.19,1591.30,1596.95
22.04.21 15:26:59,1599.55,1599.55,1599.55,1599.55,75,454875,1680.13,1592.75,1598.85
22.04.21 15:28:59,1594.65,1594.65,1594.65,1594.65,75,454800,1680.06,1587.75,1594.30
22.04.21 15:30:00,1593.90,1593.90,1590.00,1590.00,150,454800,1679.91,1588.70,1596.80
23.04.21 09:17:59,1662.00,1662.00,1645.00,1645.00,150,454800,1653.50,1640.20,1646.15
23.04.21 09:19:59,1628.00,1628.00,1628.00,1628.00,75,454800,1645.00,1618.60,1625.20
23.04.21 09:20:59,1611.00,1611.00,1611.00,1611.00,75,454650,1636.50,1607.75,1614.95
23.04.21 09:25:59,1635.00,1635.00,1635.00,1635.00,75,454500,1636.20,1638.35,1645.60
23.04.21 09:27:59,1640.00,1640.00,1640.00,1640.00,75,454500,1636.83,1635.05,1641.30
23.04.21 09:37:59,1658.00,1658.00,1658.00,1658.00,75,454350,1639.85,1663.30,1672.25
23.04.21 09:41:59,1665.85,1665.85,1665.05,1665.05,300,454275,1649.06,1658.35,1665.15
23.04.21 09:50:59,1652.00,1652.00,1652.00,1652.00,75,453975,1649.30,1654.65,1661.70
23.04.21 10:02:59,1628.50,1628.50,1628.50,1628.50,300,453900,1643.99,1620.40,1626.40
23.04.21 10:08:59,1632.50,1632.50,1632.50,1632.50,750,453600,1639.57,1625.15,1630.65
23.04.21 10:09:59,1631.80,1631.80,1631.80,1631.80,750,453600,1637.41,1628.55,1634.25
23.04.21 10:10:59,1630.00,1630.00,1630.00,1630.00,450,453600,1636.35,1612.55,1618.20
23.04.21 10:11:59,1617.75,1618.20,1614.60,1614.60,1350,450900,1630.40,1613.35,1619.25
23.04.21 10:15:59,1606.00,1606.00,1606.00,1606.00,75,450300,1630.00,1604.50,1610.55
23.04.21 10:16:59,1607.60,1607.60,1596.20,1596.20,975,450300,1625.63,1594.65,1601.40
23.04.21 10:17:59,1601.25,1601.25,1601.25,1601.25,750,449325,1622.72,1594.05,1601.05
23.04.21 10:18:59,1599.80,1599.80,1599.80,1599.80,750,449325,1620.27,1591.10,1595.60
23.04.21 10:19:59,1605.55,1605.55,1605.55,1605.55,75,449325,1620.11,1605.10,1613.70
23.04.21 10:20:59,1608.00,1608.00,1608.00,1608.00,750,449325,1618.96,1596.00,1600.60
23.04.21 10:21:59,1602.00,1604.50,1602.00,1604.50,1500,447375,1616.42,1597.75,1603.25
23.04.21 10:22:59,1607.00,1609.00,1607.00,1609.00,750,447375,1615.79,1607.15,1612.30
23.04.21 10:23:59,1620.00,1620.00,1620.00,1620.00,375,445125,1615.94,1612.80,1618.85
23.04.21 10:24:59,1618.75,1618.75,1611.90,1611.90,1500,445125,1615.84,1607.30,1613.10
23.04.21 10:25:59,1604.30,1604.30,1604.30,1604.30,750,445125,1615.17,1596.10,1602.15
23.04.21 10:26:59,1607.75,1607.75,1607.75,1607.75,375,445125,1614.95,1596.00,1601.05
23.04.21 10:27:59,1600.80,1600.80,1595.75,1596.80,1275,442425,1613.54,1592.05,1599.15
23.04.21 10:28:59,1593.75,1593.75,1591.00,1591.00,900,442425,1612.34,1586.25,1593.65
23.04.21 10:29:59,1592.50,1592.50,1592.50,1592.50,375,442425,1611.87,1581.00,1585.85
23.04.21 10:33:59,1585.70,1585.70,1585.70,1585.70,75,439875,1611.75,1582.20,1589.30
23.04.21 10:35:59,1596.30,1596.30,1596.30,1596.30,150,439875,1611.60,1595.35,1601.05
23.04.21 10:38:59,1599.00,1599.00,1599.00,1599.00,150,439875,1611.48,1591.20,1597.95
23.04.21 10:47:59,1598.85,1598.85,1598.85,1598.85,75,439725,1611.42,1596.25,1601.55
23.04.21 10:51:59,1592.45,1592.45,1592.45,1592.45,375,439650,1610.99,1581.80,1589.60
23.04.21 10:52:59,1586.35,1586.35,1586.35,1586.35,375,439650,1610.44,1580.15,1586.05
23.04.21 11:01:59,1587.00,1587.00,1587.00,1587.00,600,439575,1609.64,1585.40,1593.90
23.04.21 11:02:59,1591.75,1591.75,1583.60,1583.60,525,439575,1609.05,1582.55,1589.60
23.04.21 11:04:59,1585.00,1585.00,1577.00,1577.00,450,438825,1608.43,1572.10,1578.00
23.04.21 11:05:59,1572.00,1572.00,1572.00,1572.00,75,438825,1608.28,1568.95,1574.50
23.04.21 11:06:59,1574.70,1574.70,1572.00,1572.00,225,438450,1607.86,1568.10,1574.40
23.04.21 11:07:59,1575.00,1575.00,1575.00,1575.00,75,438450,1607.73,1566.95,1572.00
23.04.21 11:08:59,1565.00,1565.00,1565.00,1565.00,825,438150,1605.96,1562.10,1567.65
23.04.21 11:11:59,1560.70,1560.70,1555.00,1555.00,900,436725,1603.79,1550.70,1555.95
23.04.21 11:14:59,1557.55,1557.55,1550.00,1550.00,1350,435750,1600.73,1544.05,1549.45
23.04.21 11:15:59,1544.10,1544.10,1543.25,1544.10,750,435750,1598.85,1537.30,1544.20
23.04.21 11:16:59,1538.70,1541.85,1535.00,1541.85,225,435750,1598.26,1537.15,1541.90
23.04.21 11:18:59,1545.35,1545.35,1545.35,1545.35,75,434625,1598.09,1537.20,1542.60
23.04.21 11:19:59,1539.80,1539.80,1539.80,1539.80,150,434625,1597.71,1539.50,1544.50
23.04.21 11:20:59,1543.15,1543.15,1543.15,1543.15,75,434625,1597.53,1533.30,1540.25
23.04.21 11:21:59,1537.50,1542.00,1537.50,1542.00,825,434475,1595.61,1539.75,1542.00
23.04.21 11:22:59,1542.00,1547.00,1542.00,1547.00,525,434475,1594.50,1547.00,1548.95
23.04.21 11:23:59,1551.00,1551.00,1551.00,1551.00,525,434475,1593.59,1551.40,1556.10
23.04.21 11:24:59,1557.70,1557.70,1557.70,1557.70,600,432825,1592.75,1550.20,1555.45
23.04.21 11:25:59,1545.10,1545.10,1545.10,1545.10,75,432825,1592.61,1541.55,1548.70
23.04.21 11:29:59,1555.50,1555.50,1555.50,1555.50,150,432150,1592.40,1550.15,1555.50
23.04.21 11:31:59,1555.00,1555.00,1550.00,1550.00,225,432075,1592.04,1544.20,1547.45
23.04.21 11:32:59,1546.20,1546.20,1546.20,1546.20,150,432075,1591.78,1540.15,1543.60
23.04.21 11:34:59,1548.25,1548.25,1548.25,1548.25,150,431700,1591.53,1545.50,1550.00
23.04.21 11:35:59,1546.00,1546.00,1546.00,1546.00,300,431700,1591.02,1547.00,1550.00
23.04.21 11:37:59,1548.00,1550.05,1548.00,1550.05,600,431400,1590.10,1550.00,1552.80
23.04.21 11:38:59,1551.00,1552.50,1551.00,1552.50,450,431400,1589.48,1552.40,1559.45
23.04.21 11:39:59,1555.30,1555.30,1555.30,1555.30,300,430350,1589.11,1552.00,1555.35
23.04.21 11:40:59,1555.00,1561.10,1555.00,1560.00,900,430350,1588.17,1552.05,1557.85
23.04.21 11:41:59,1559.95,1560.00,1559.95,1560.00,375,430350,1587.81,1561.40,1566.30
23.04.21 11:42:59,1571.00,1571.00,1571.00,1571.00,750,429000,1587.39,1570.60,1579.35
23.04.21 11:43:59,1569.30,1569.30,1568.25,1568.25,675,429000,1586.98,1559.90,1564.75
23.04.21 11:44:59,1563.00,1563.00,1563.00,1563.00,150,429000,1586.86,1558.25,1562.15
23.04.21 11:45:59,1563.30,1563.30,1563.30,1563.30,450,427800,1586.52,1556.00,1560.95
23.04.21 11:48:59,1572.00,1572.00,1562.15,1562.15,3225,427650,1584.53,1562.10,1562.15
23.04.21 11:49:59,1562.15,1562.15,1560.00,1560.00,2700,427650,1582.79,1566.45,1570.20
23.04.21 11:51:59,1559.75,1561.40,1558.25,1561.40,1350,426075,1581.98,1558.65,1563.15
23.04.21 11:52:59,1561.40,1561.40,1561.40,1561.40,525,426075,1581.70,1556.20,1560.85
23.04.21 11:53:59,1563.15,1563.15,1563.15,1563.15,75,426075,1581.67,1562.20,1568.85
23.04.21 11:54:59,1573.55,1573.55,1573.55,1573.55,750,424425,1581.51,1568.25,1574.55
23.04.21 11:55:59,1576.00,1577.70,1576.00,1577.70,300,424425,1581.48,1575.65,1583.70
23.04.21 11:56:59,1586.75,1586.75,1586.75,1586.75,75,424425,1581.49,1577.05,1582.40
23.04.21 11:58:59,1582.80,1582.80,1582.80,1582.80,225,424050,1581.50,1576.40,1582.95
23.04.21 11:59:59,1583.10,1583.10,1583.10,1583.10,75,424050,1581.50,1576.90,1583.60
23.04.21 12:00:59,1574.35,1574.35,1574.35,1574.35,75,423750,1581.49,1571.10,1573.35
23.04.21 12:01:59,1571.10,1571.10,1570.00,1570.00,375,423750,1581.39,1559.75,1569.80
23.04.21 12:02:59,1565.25,1565.25,1565.25,1565.25,750,423750,1581.10,1559.50,1565.75
23.04.21 12:03:59,1565.55,1565.55,1565.55,1565.55,75,423375,1581.07,1561.70,1566.50
23.04.21 12:04:59,1563.30,1563.30,1562.30,1562.30,450,423375,1580.88,1565.00,1567.05
23.04.21 12:05:59,1565.00,1565.00,1565.00,1565.00,75,423375,1580.85,1559.20,1566.45
23.04.21 12:06:59,1565.00,1565.00,1565.00,1565.00,375,423300,1580.71,1561.80,1568.60
23.04.21 12:07:59,1566.00,1566.00,1566.00,1566.00,150,423300,1580.66,1563.00,1566.80
23.04.21 12:08:59,1567.00,1570.65,1567.00,1570.65,975,423300,1580.43,1566.30,1570.90
23.04.21 12:13:59,1568.00,1568.00,1568.00,1568.00,75,422700,1580.41,1566.25,1572.95
23.04.21 12:14:59,1568.00,1568.00,1568.00,1568.00,900,422700,1580.16,1566.00,1571.65
23.04.21 12:16:59,1592.00,1592.00,1592.00,1592.00,75,421725,1580.18,1590.20,1597.40
23.04.21 12:17:59,1604.85,1604.85,1604.85,1604.85,75,421725,1580.22,1599.95,1605.60
23.04.21 12:25:59,1615.00,1615.00,1615.00,1615.00,150,421575,1580.33,1612.55,1618.65
23.04.21 12:26:59,1615.00,1615.00,1615.00,1615.00,75,421575,1580.39,1608.05,1613.85
23.04.21 12:27:59,1608.00,1608.00,1608.00,1608.00,750,421500,1580.84,1603.55,1610.25
23.04.21 12:32:59,1595.00,1595.00,1595.00,1595.00,75,420750,1580.86,1592.85,1599.50
23.04.21 12:37:59,1622.80,1622.80,1610.10,1610.10,1200,420675,1581.76,1607.45,1614.35
23.04.21 12:41:59,1612.00,1612.00,1612.00,1612.00,75,419775,1581.81,1607.85,1612.50
23.04.21 12:48:59,1584.00,1584.00,1584.00,1584.00,75,419700,1581.81,1587.25,1593.10
23.04.21 12:49:59,1590.00,1590.00,1590.00,1590.00,75,419700,1581.83,1592.85,1597.85
23.04.21 12:51:59,1606.10,1606.10,1606.10,1606.10,75,419550,1581.87,1602.95,1609.65
23.04.21 12:55:59,1610.00,1610.00,1610.00,1610.00,75,419550,1581.91,1605.05,1610.00
23.04.21 12:59:59,1608.00,1610.00,1608.00,1610.00,225,419475,1582.04,1609.40,1616.50
23.04.21 13:02:59,1610.00,1610.00,1610.00,1610.00,600,419325,1582.38,1605.10,1610.00
23.04.21 13:03:59,1600.00,1600.00,1600.00,1600.00,75,418725,1582.41,1596.05,1602.45
23.04.21 13:04:59,1596.00,1597.05,1596.00,1597.05,675,418725,1582.61,1589.80,1597.05
23.04.21 13:07:59,1602.05,1605.80,1602.05,1605.80,750,418500,1582.90,1601.55,1608.45
23.04.21 13:27:59,1568.55,1568.55,1568.55,1568.55,75,418350,1582.88,1569.60,1576.75
23.04.21 13:37:59,1625.85,1625.85,1625.85,1625.85,75,418350,1582.95,1616.50,1624.10
23.04.21 13:47:59,1630.00,1630.00,1630.00,1630.00,75,418275,1583.02,1631.35,1635.00
23.04.21 13:53:59,1635.00,1635.00,1635.00,1635.00,75,418200,1583.10,1629.45,1638.90
23.04.21 13:54:59,1630.00,1630.00,1630.00,1630.00,150,418200,1583.23,1623.75,1631.10
23.04.21 14:03:59,1622.00,1622.00,1622.00,1622.00,675,418125,1583.75,1618.55,1623.55
23.04.21 14:04:59,1623.00,1623.00,1623.00,1623.00,300,418125,1583.97,1616.20,1624.00
23.04.21 14:06:59,1622.00,1622.00,1622.00,1622.00,300,417150,1584.20,1621.95,1629.10
23.04.21 14:08:59,1629.55,1629.55,1629.55,1629.55,75,417150,1584.26,1617.40,1623.80
23.04.21 14:09:59,1622.00,1622.00,1622.00,1622.00,75,417150,1584.32,1631.00,1637.80
23.04.21 14:10:59,1640.00,1640.00,1640.00,1640.00,225,416700,1584.56,1641.15,1648.20
23.04.21 14:17:59,1630.00,1630.00,1630.00,1630.00,75,416475,1584.62,1615.35,1623.05
23.04.21 14:20:59,1643.00,1643.00,1643.00,1643.00,75,416400,1584.70,1655.80,1663.25
23.04.21 14:28:59,1682.00,1682.00,1682.00,1682.00,300,416475,1585.26,1680.15,1687.40
23.04.21 14:30:59,1684.60,1684.60,1684.60,1684.60,75,416475,1585.40,1692.95,1699.95
23.04.21 14:33:59,1685.00,1685.00,1685.00,1685.00,300,416175,1585.97,1680.85,1688.20
23.04.21 14:34:59,1677.85,1677.85,1677.85,1677.85,75,416175,1586.10,1677.55,1685.05
23.04.21 14:38:59,1685.00,1685.00,1685.00,1685.00,75,416175,1586.24,1690.30,1695.60
23.04.21 14:42:59,1716.00,1716.00,1716.00,1716.00,150,416100,1586.60,1716.00,1719.20
23.04.21 14:43:59,1716.00,1722.50,1716.00,1722.50,150,416250,1586.97,1720.90,1726.30
23.04.21 14:44:59,1726.75,1726.75,1723.00,1723.00,375,416250,1587.93,1719.25,1724.15
23.04.21 14:45:59,1727.95,1727.95,1720.00,1720.00,300,415950,1588.68,1714.75,1720.65
23.04.21 14:47:59,1706.00,1706.00,1706.00,1706.00,225,415950,1589.16,1695.95,1702.65
23.04.21 14:48:59,1700.25,1700.25,1695.00,1695.00,375,415875,1589.91,1688.00,1695.45
23.04.21 14:53:59,1702.00,1702.00,1702.00,1702.00,75,415800,1590.06,1698.05,1704.30
23.04.21 14:55:59,1690.00,1690.00,1690.00,1690.00,225,415800,1590.47,1687.05,1693.25
23.04.21 14:58:59,1680.80,1680.80,1680.80,1680.80,75,415800,1590.60,1686.10,1690.05
23.04.21 14:59:59,1700.30,1700.30,1700.30,1700.30,75,415800,1590.74,1698.35,1703.15
23.04.21 15:01:59,1682.00,1682.00,1682.00,1682.00,75,415725,1590.87,1677.15,1683.85
23.04.21 15:03:59,1676.00,1676.00,1676.00,1676.00,75,415725,1590.98,1676.10,1681.05
23.04.21 15:04:59,1676.10,1676.10,1665.10,1665.10,150,415575,1591.20,1662.30,1667.85
23.04.21 15:05:59,1658.20,1658.20,1651.00,1651.00,150,415575,1591.37,1652.55,1657.50
23.04.21 15:06:59,1646.00,1646.00,1646.00,1646.00,150,415575,1591.52,1645.40,1651.30
23.04.21 15:09:59,1650.50,1653.70,1650.50,1653.70,225,415200,1591.76,1648.50,1652.60
23.04.21 15:10:59,1648.50,1648.50,1648.50,1648.50,75,415050,1591.84,1651.20,1657.10
23.04.21 15:12:59,1651.00,1651.00,1651.00,1651.00,75,414975,1591.92,1649.10,1653.55
23.04.21 15:15:59,1656.00,1656.00,1656.00,1656.00,150,414975,1592.09,1652.40,1657.65
23.04.21 15:17:59,1654.10,1658.05,1653.80,1658.05,1425,414750,1593.66,1657.30,1660.00
23.04.21 15:18:59,1661.95,1661.95,1657.80,1660.35,1050,414750,1594.86,1656.45,1662.35
23.04.21 15:21:59,1658.00,1658.00,1658.00,1658.00,225,413325,1595.10,1657.00,1658.30
23.04.21 15:22:59,1660.00,1660.00,1660.00,1660.00,75,413325,1595.18,1658.00,1661.15
23.04.21 15:23:59,1658.00,1658.05,1658.00,1658.05,225,413325,1595.42,1656.90,1659.00
23.04.21 15:25:59,1657.75,1657.75,1657.75,1657.75,75,413175,1595.50,1657.90,1660.00
23.04.21 15:27:59,1660.00,1660.00,1660.00,1660.00,75,413175,1595.58,1659.15,1662.60
23.04.21 15:28:59,1663.70,1665.50,1663.70,1665.50,750,413025,1596.44,1660.35,1665.25
26.04.21 09:15:59,1556.90,1560.00,1556.90,1560.00,150,412800,1558.45,1546.35,1556.60
26.04.21 09:16:59,1552.40,1552.40,1552.40,1552.40,300,412800,1554.41,1558.05,1565.65
26.04.21 09:20:59,1524.45,1524.45,1524.45,1524.45,75,412425,1550.13,1516.25,1524.75
26.04.21 09:22:59,1520.00,1520.00,1520.00,1520.00,75,412500,1546.36,1519.50,1527.20
26.04.21 09:30:59,1495.00,1495.00,1495.00,1495.00,150,412350,1536.09,1485.80,1494.45
26.04.21 09:32:59,1470.00,1477.85,1470.00,1477.85,450,412200,1511.89,1466.65,1476.00
26.04.21 09:33:59,1475.40,1478.85,1475.40,1478.85,150,412200,1508.03,1469.55,1476.15
26.04.21 09:34:59,1474.05,1474.05,1474.05,1474.05,75,412200,1506.24,1471.60,1480.10
26.04.21 09:35:59,1480.00,1480.00,1480.00,1480.00,150,411825,1503.74,1476.05,1481.60
26.04.21 09:37:59,1470.00,1470.00,1470.00,1470.00,75,411825,1502.20,1471.65,1480.15
26.04.21 09:38:59,1479.30,1479.30,1479.30,1479.30,75,411825,1501.21,1475.15,1483.70
26.04.21 09:39:59,1481.40,1481.40,1481.40,1481.40,150,411525,1499.62,1473.70,1479.45
26.04.21 09:42:59,1482.00,1482.00,1482.00,1482.00,75,411525,1498.95,1480.70,1489.05
26.04.21 09:51:59,1470.00,1470.00,1470.00,1470.00,225,411450,1496.11,1462.35,1468.25
26.04.21 09:52:59,1468.10,1472.55,1468.10,1472.55,375,411450,1492.43,1467.25,1472.25
26.04.21 09:55:59,1465.00,1465.00,1465.00,1465.00,75,410850,1491.65,1462.80,1468.20
26.04.21 09:56:59,1465.00,1465.00,1465.00,1465.00,225,410700,1489.55,1463.30,1468.65
26.04.21 09:57:59,1467.95,1468.40,1467.95,1468.40,300,410700,1487.58,1465.00,1468.80
26.04.21 09:58:59,1466.00,1466.00,1465.00,1465.00,225,410700,1486.10,1455.70,1462.75
26.04.21 09:59:59,1457.15,1463.75,1457.15,1463.75,1050,410100,1480.00,1459.20,1463.75
26.04.21 10:00:59,1463.75,1463.75,1454.00,1457.75,600,410100,1477.33,1453.25,1459.00
26.04.21 10:02:59,1461.95,1461.95,1461.95,1461.95,75,409425,1477.10,1454.90,1458.45
26.04.21 10:04:59,1454.05,1454.05,1454.05,1454.05,75,409425,1476.77,1452.15,1458.95
26.04.21 10:05:59,1456.00,1460.70,1456.00,1460.70,300,409275,1475.80,1456.70,1462.30
26.04.21 10:06:59,1457.95,1457.95,1457.95,1457.95,75,409275,1475.56,1453.10,1460.25
26.04.21 10:08:59,1456.00,1456.00,1456.00,1456.00,300,408975,1474.56,1460.35,1465.50
26.04.21 10:10:59,1458.00,1458.00,1458.00,1458.00,150,408975,1474.15,1450.85,1457.30
26.04.21 10:11:59,1460.00,1460.00,1460.00,1460.00,225,408900,1473.63,1458.10,1460.00
26.04.21 10:12:59,1460.00,1460.00,1460.00,1460.00,75,408900,1473.47,1460.05,1465.45
26.04.21 10:18:59,1472.30,1476.80,1472.10,1474.95,1200,408600,1473.73,1474.35,1479.40
26.04.21 10:19:59,1475.20,1479.35,1475.20,1478.20,525,408600,1473.98,1476.95,1482.50
26.04.21 10:20:59,1477.55,1477.55,1471.45,1476.05,525,408600,1474.08,1476.70,1481.80
26.04.21 10:21:59,1480.50,1480.50,1480.50,1480.50,75,407250,1474.13,1477.45,1482.70
26.04.21 10:22:59,1478.80,1481.15,1478.15,1480.75,675,407250,1474.52,1474.35,1481.10
26.04.21 10:23:59,1475.00,1476.60,1472.45,1476.50,3450,405225,1474.67,1470.15,1476.80
26.04.21 10:25:59,1475.85,1475.85,1470.00,1470.00,225,405225,1474.64,1469.05,1474.65
26.04.21 10:26:59,1479.95,1479.95,1479.95,1479.95,225,403500,1474.73,1472.25,1478.05
26.04.21 10:29:59,1472.00,1472.00,1472.00,1472.00,75,403500,1474.72,1469.05,1474.05
26.04.21 10:30:59,1475.90,1475.90,1475.90,1475.90,75,403500,1474.73,1473.55,1479.30
26.04.21 10:31:59,1475.00,1475.00,1475.00,1475.00,75,403500,1474.73,1471.60,1476.60
26.04.21 10:32:59,1474.00,1474.00,1472.00,1473.00,300,403200,1474.69,1467.85,1473.00
26.04.21 10:33:59,1471.00,1471.00,1471.00,1471.00,75,403200,1474.67,1467.70,1473.00
26.04.21 10:34:59,1473.00,1481.35,1473.00,1481.35,450,403200,1474.70,1481.35,1487.45
26.04.21 10:35:59,1485.00,1485.50,1484.85,1485.50,450,402600,1475.01,1490.00,1495.90
26.04.21 10:36:59,1485.60,1486.00,1485.60,1486.00,450,402600,1475.33,1483.85,1489.50
26.04.21 10:37:59,1483.25,1488.00,1482.05,1482.05,1125,402600,1476.03,1481.85,1487.00
26.04.21 10:38:59,1481.75,1489.60,1481.75,1485.10,1725,400275,1477.18,1481.80,1489.05
26.04.21 10:39:59,1481.85,1485.15,1481.85,1483.95,300,400275,1477.28,1479.50,1484.20
26.04.21 10:40:59,1480.30,1489.15,1480.30,1487.60,2175,400275,1478.31,1483.05,1490.10
26.04.21 10:41:59,1483.60,1483.60,1483.60,1483.60,75,400275,1478.33,1479.05,1484.95
26.04.21 10:42:59,1480.45,1483.60,1480.45,1483.60,600,398400,1478.40,1482.10,1487.10
26.04.21 10:43:59,1484.00,1484.00,1478.55,1478.55,450,398400,1478.47,1480.00,1485.95
26.04.21 10:45:59,1482.75,1482.75,1482.50,1482.50,150,397875,1478.50,1482.10,1488.65
26.04.21 10:47:59,1488.00,1490.00,1488.00,1490.00,600,397875,1478.80,1490.20,1497.45
26.04.21 10:48:59,1497.60,1497.60,1497.60,1497.60,150,397200,1478.93,1489.05,1495.25
26.04.21 10:51:59,1489.30,1490.25,1488.80,1490.25,2250,397050,1479.86,1490.20,1495.15
26.04.21 10:53:59,1494.85,1494.85,1491.70,1491.70,450,397050,1480.10,1489.55,1495.50
26.04.21 10:56:59,1493.45,1493.45,1493.45,1493.45,75,395025,1480.14,1492.00,1497.15
26.04.21 10:57:59,1501.00,1501.00,1501.00,1501.00,150,395025,1480.26,1496.65,1501.70
26.04.21 10:59:59,1495.70,1495.70,1492.00,1493.25,300,395025,1480.41,1487.15,1492.55
26.04.21 11:00:59,1491.25,1491.25,1491.25,1491.25,150,394725,1480.47,1480.60,1485.80
26.04.21 11:01:59,1478.35,1478.35,1478.35,1478.35,75,394725,1480.47,1472.90,1478.85
26.04.21 11:02:59,1473.00,1473.00,1463.00,1463.00,300,394575,1480.33,1463.00,1469.65
26.04.21 11:04:59,1469.25,1471.25,1467.00,1467.00,300,394575,1480.21,1458.30,1467.70
26.04.21 11:05:59,1462.00,1462.00,1462.00,1462.00,300,394575,1480.01,1460.20,1465.70
26.04.21 11:09:59,1472.00,1472.00,1472.00,1472.00,150,393750,1479.96,1468.10,1473.30
26.04.21 11:13:59,1472.00,1472.00,1472.00,1472.00,150,393600,1479.92,1469.90,1475.25
26.04.21 11:14:59,1469.00,1469.00,1469.00,1469.00,150,393600,1479.86,1464.95,1469.85
26.04.21 11:16:59,1466.35,1468.10,1466.35,1468.10,150,393300,1479.79,1470.50,1475.95
26.04.21 11:19:59,1469.50,1469.50,1469.50,1469.50,75,393150,1479.76,1469.15,1474.15
26.04.21 11:25:59,1484.00,1484.00,1484.00,1484.00,150,393075,1479.79,1481.65,1487.10
26.04.21 11:27:59,1480.60,1480.60,1480.60,1480.60,75,392925,1479.79,1479.40,1484.95
26.04.21 11:29:59,1488.75,1488.75,1488.75,1488.75,75,392925,1479.81,1484.90,1490.10
26.04.21 11:30:59,1490.10,1490.10,1485.95,1485.95,225,392850,1479.88,1480.50,1485.95
26.04.21 11:31:59,1480.00,1480.00,1480.00,1480.00,150,392850,1479.88,1477.85,1482.80
26.04.21 11:33:59,1478.00,1478.00,1478.00,1478.00,150,392475,1479.87,1478.65,1484.05
26.04.21 11:36:59,1491.15,1491.15,1491.15,1491.15,1425,392325,1480.39,1485.40,1491.20
26.04.21 11:40:59,1477.25,1478.50,1477.25,1478.50,375,391425,1480.36,1478.60,1483.70
26.04.21 11:41:59,1476.00,1476.00,1476.00,1476.00,75,391425,1480.35,1476.05,1480.70
26.04.21 11:43:59,1476.15,1476.35,1476.15,1476.35,225,391050,1480.32,1477.15,1482.30
26.04.21 11:45:59,1484.00,1485.70,1484.00,1485.70,450,390825,1480.39,1484.15,1490.05
26.04.21 11:46:59,1487.00,1487.00,1484.00,1484.00,300,390825,1480.44,1482.00,1485.35
26.04.21 11:47:59,1486.00,1486.00,1486.00,1486.00,75,390825,1480.45,1476.05,1481.35
26.04.21 11:56:59,1481.00,1482.75,1481.00,1482.75,225,389925,1480.46,1486.00,1488.70
26.04.21 11:57:59,1486.00,1486.00,1486.00,1486.00,1275,389925,1480.68,1485.35,1489.85
26.04.21 11:58:59,1487.00,1487.00,1487.00,1487.00,75,389925,1480.69,1484.20,1489.75
26.04.21 12:09:59,1484.05,1484.05,1484.05,1484.05,75,388650,1480.70,1486.95,1491.45
26.04.21 12:24:59,1500.00,1500.00,1500.00,1500.00,75,388650,1480.74,1500.60,1507.35
26.04.21 12:28:59,1507.00,1507.00,1507.00,1507.00,300,388575,1480.98,1505.70,1511.40
26.04.21 12:30:59,1513.00,1513.00,1513.00,1513.00,300,388275,1481.27,1507.35,1513.40
26.04.21 12:32:59,1518.00,1518.00,1518.00,1518.00,300,0,1481.59,1509.30,1515.10
26.04.21 12:36:59,1512.25,1512.25,1512.25,1512.25,300,387675,1481.86,1507.15,1510.00
26.04.21 12:37:59,1510.00,1510.00,1510.00,1510.00,450,387675,1482.23,1507.10,1512.25
26.04.21 12:45:59,1496.00,1496.00,1496.00,1496.00,75,386925,1482.26,1488.80,1493.50
26.04.21 12:55:59,1495.65,1495.65,1495.65,1495.65,150,386850,1482.31,1494.70,1500.00
26.04.21 12:56:59,1497.00,1497.00,1491.65,1491.65,525,386850,1482.50,1491.30,1494.50
26.04.21 12:57:59,1492.00,1492.00,1492.00,1492.00,300,386925,1482.58,1490.80,1496.40
26.04.21 13:01:59,1490.00,1490.00,1490.00,1490.00,300,387000,1482.64,1490.00,1494.00
26.04.21 13:02:59,1493.00,1493.00,1493.00,1493.00,300,387000,1482.72,1489.25,1493.95
26.04.21 13:03:59,1491.00,1491.00,1491.00,1491.00,300,386400,1482.79,1488.00,1491.60
26.04.21 13:04:59,1491.00,1491.00,1491.00,1491.00,300,386400,1482.86,1485.00,1489.20
26.04.21 13:05:59,1485.00,1485.00,1485.00,1485.00,750,386400,1482.90,1480.80,1486.70
26.04.21 13:06:59,1483.85,1483.85,1483.85,1483.85,225,386400,1482.91,1486.35,1490.35
26.04.21 13:07:59,1493.00,1493.00,1492.00,1492.00,675,385050,1483.07,1488.35,1493.05
26.04.21 13:08:59,1493.00,1493.00,1493.00,1493.00,150,385050,1483.11,1489.60,1494.25
26.04.21 13:09:59,1494.20,1495.00,1494.20,1495.00,375,384225,1483.22,1496.75,1500.95
26.04.21 13:15:59,1498.00,1498.00,1498.00,1498.00,75,383850,1483.25,1499.95,1505.80
26.04.21 13:30:59,1502.00,1502.00,1502.00,1502.00,75,383775,1483.29,1505.05,1510.15
26.04.21 13:31:59,1513.00,1513.00,1513.00,1513.00,75,383775,1483.35,1512.40,1517.10
26.04.21 13:35:59,1524.05,1524.05,1524.05,1524.05,75,383775,1483.42,1521.25,1526.60
26.04.21 13:40:59,1513.80,1513.80,1513.80,1513.80,75,383775,1483.48,1521.15,1526.35
26.04.21 13:44:59,1529.00,1529.00,1529.00,1529.00,1050,383775,1484.66,1522.80,1527.70
26.04.21 13:45:59,1528.00,1528.00,1528.00,1528.00,75,383775,1484.74,1526.30,1531.70
26.04.21 13:53:59,1494.00,1494.00,1494.00,1494.00,75,382725,1484.76,1485.35,1495.05
26.04.21 13:59:59,1498.95,1499.00,1498.95,1499.00,1500,382650,1485.26,1494.90,1499.65
26.04.21 14:00:59,1497.00,1497.00,1497.00,1497.00,825,382650,1485.49,1483.50,1488.50
26.04.21 14:01:59,1481.00,1481.00,1481.00,1481.00,75,380400,1485.48,1480.25,1485.95
26.04.21 14:06:59,1502.35,1502.35,1502.35,1502.35,75,380325,1485.51,1500.00,1501.85
26.04.21 14:11:59,1510.00,1514.00,1510.00,1514.00,1125,380250,1486.20,1514.80,1519.80
26.04.21 14:12:59,1519.00,1519.00,1519.00,1519.00,75,379875,1486.25,1514.50,1519.60
26.04.21 14:21:59,1524.90,1524.90,1524.90,1524.90,75,379800,1486.32,1521.05,1526.45
26.04.21 14:23:59,1523.30,1523.30,1523.30,1523.30,150,379800,1486.45,1520.15,1525.70
26.04.21 14:25:59,1543.85,1543.90,1543.85,1543.90,150,379875,1486.64,1549.45,1554.30
26.04.21 14:31:59,1529.00,1529.00,1529.00,1529.00,75,379800,1486.71,1522.90,1529.65
26.04.21 14:33:59,1540.70,1540.70,1540.70,1540.70,75,379800,1486.80,1536.00,1541.05
26.04.21 14:37:59,1546.15,1546.15,1536.85,1536.85,300,379650,1487.16,1536.10,1541.25
26.04.21 14:41:59,1532.15,1532.15,1532.15,1532.15,150,379500,1487.31,1529.20,1534.70
26.04.21 14:44:59,1532.00,1532.00,1532.00,1532.00,75,379350,1487.39,1529.00,1534.00
26.04.21 14:46:59,1520.00,1520.00,1509.00,1509.00,300,379275,1487.57,1509.45,1514.60
26.04.21 14:56:59,1534.50,1534.50,1534.50,1534.50,150,378975,1487.72,1532.00,1536.65
26.04.21 14:58:59,1534.20,1534.20,1534.20,1534.20,75,378825,1487.80,1528.95,1534.15
26.04.21 15:01:59,1517.35,1517.35,1517.35,1517.35,75,378750,1487.85,1517.85,1522.95
26.04.21 15:07:59,1522.20,1522.20,1522.20,1522.20,75,378750,1487.90,1515.70,1520.00
26.04.21 15:08:59,1515.65,1515.65,1515.65,1515.65,75,378750,1487.95,1513.00,1516.70
26.04.21 15:09:59,1515.10,1515.10,1515.10,1515.10,300,378750,1488.12,1510.00,1514.15
26.04.21 15:10:59,1517.50,1517.50,1517.50,1517.50,150,378300,1488.22,1517.40,1521.70
26.04.21 15:11:59,1518.20,1523.25,1518.20,1520.05,975,378300,1488.87,1518.75,1524.50
26.04.21 15:12:59,1519.15,1519.15,1515.90,1515.90,225,378300,1489.00,1512.35,1517.75
26.04.21 15:13:59,1513.80,1513.80,1513.80,1513.80,75,377700,1489.04,1513.00,1518.10
26.04.21 15:17:59,1510.00,1510.00,1510.00,1510.00,150,377700,1489.10,1510.00,1513.65
26.04.21 15:18:59,1510.00,1510.75,1510.00,1510.75,375,377700,1489.27,1509.40,1513.75
26.04.21 15:22:59,1512.50,1512.50,1511.00,1511.80,900,377700,1489.68,1510.00,1514.20
26.04.21 15:25:59,1512.15,1512.15,1510.00,1510.00,300,377700,1489.80,1505.90,1509.90
26.04.21 15:27:59,1507.00,1507.00,1507.00,1507.00,150,377700,1489.86,1503.95,1508.70
26.04.21 15:30:00,1511.00,1511.00,1511.00,1511.00,300,377325,1489.98,1508.15,1511.00
27.04.21 09:15:59,1475.05,1477.10,1475.05,1477.10,225,377325,1475.73,1468.30,1476.70
27.04.21 09:16:59,1460.00,1460.00,1460.00,1460.00,75,377325,1471.80,1460.75,1465.85
27.04.21 09:18:59,1475.00,1475.00,1475.00,1475.00,75,377250,1472.44,1469.85,1476.20
27.04.21 09:19:59,1470.00,1470.00,1470.00,1470.00,75,377250,1472.03,1467.40,1472.90
27.04.21 09:20:59,1485.85,1485.85,1485.85,1485.85,75,377100,1474.00,1483.25,1485.85
27.04.21 09:21:59,1485.85,1485.85,1485.85,1485.85,75,377100,1475.48,1475.10,1483.20
27.04.21 09:28:59,1480.10,1480.10,1480.10,1480.10,375,377025,1477.12,1472.75,1479.95
27.04.21 09:29:59,1484.00,1484.00,1484.00,1484.00,375,376650,1479.03,1480.40,1486.25
27.04.21 09:31:59,1470.00,1470.00,1470.00,1470.00,75,376650,1478.55,1470.05,1476.80
27.04.21 09:32:59,1478.15,1478.15,1478.15,1478.15,375,376200,1478.46,1471.80,1477.55
27.04.21 09:33:59,1479.65,1479.65,1479.65,1479.65,150,376200,1478.55,1471.00,1476.85
27.04.21 09:34:59,1479.05,1479.05,1479.05,1479.05,300,376200,1478.62,1477.35,1483.65
27.04.21 09:35:59,1478.00,1478.00,1478.00,1478.00,150,375375,1478.58,1470.40,1475.85
27.04.21 09:39:59,1460.95,1460.95,1460.95,1460.95,225,375225,1477.07,1456.15,1461.30
27.04.21 09:41:59,1465.05,1465.05,1465.05,1465.05,75,375000,1476.74,1459.00,1464.60
27.04.21 09:42:59,1465.25,1465.85,1465.25,1465.85,150,375000,1476.15,1462.85,1468.25
27.04.21 09:50:59,1456.80,1456.80,1456.60,1456.80,150,374775,1475.17,1452.70,1456.50
27.04.21 09:51:59,1457.85,1457.85,1457.60,1457.60,225,374775,1473.95,1448.45,1453.35
27.04.21 09:52:59,1453.60,1454.25,1453.60,1454.25,150,374775,1473.06,1451.05,1454.55
27.04.21 09:53:59,1451.00,1451.00,1450.00,1450.00,150,374400,1472.10,1446.00,1449.40
27.04.21 09:54:59,1446.00,1446.00,1440.00,1440.00,300,374400,1469.75,1441.00,1443.20
27.04.21 09:55:59,1441.00,1441.00,1432.00,1432.00,225,374400,1467.97,1429.60,1434.70
27.04.21 09:56:59,1431.00,1431.00,1426.80,1426.80,150,373650,1466.57,1427.30,1432.65
27.04.21 10:02:59,1419.85,1419.85,1419.85,1419.85,75,373650,1465.75,1422.50,1427.30
27.04.21 10:04:59,1424.80,1426.00,1424.80,1426.00,825,373575,1459.31,1421.70,1426.80
27.04.21 10:06:59,1435.60,1435.60,1435.60,1435.60,825,372750,1456.00,1431.35,1436.20
27.04.21 10:13:59,1430.00,1430.00,1430.00,1430.00,75,372600,1455.68,1428.25,1433.35
27.04.21 10:16:59,1432.35,1432.35,1432.35,1432.35,75,372525,1455.39,1432.10,1437.55
27.04.21 10:29:59,1438.85,1438.85,1438.85,1438.85,75,372450,1455.19,1435.25,1439.35
27.04.21 10:30:59,1432.00,1432.00,1432.00,1432.00,75,372450,1454.91,1433.00,1437.35
27.04.21 10:50:59,1432.00,1432.00,1432.00,1432.00,75,372375,1454.64,1432.00,1435.20
27.04.21 10:51:59,1432.00,1432.00,1432.00,1432.00,150,372375,1454.11,1433.95,1437.30
27.04.21 10:54:59,1432.00,1432.00,1432.00,1432.00,225,372150,1453.36,1429.80,1433.40
27.04.21 10:56:59,1430.00,1430.00,1430.00,1430.00,300,371925,1452.36,1430.00,1430.75
27.04.21 10:57:59,1430.00,1430.00,1430.00,1430.00,1200,371925,1449.08,1427.00,1429.25
27.04.21 10:58:59,1429.00,1429.00,1429.00,1429.00,1500,371925,1445.96,1425.10,1429.00
27.04.21 11:02:59,1436.10,1436.10,1436.10,1436.10,75,368925,1445.89,1428.75,1433.30
27.04.21 11:04:59,1431.00,1431.00,1431.00,1431.00,1500,368850,1443.90,1425.20,1429.10
27.04.21 11:08:59,1422.00,1423.00,1422.00,1423.00,600,367350,1442.80,1420.00,1422.35
27.04.21 11:09:59,1420.00,1420.00,1420.00,1420.00,1200,366750,1440.85,1412.50,1417.90
27.04.21 11:14:59,1414.00,1414.00,1414.00,1414.00,75,366525,1440.70,1414.00,1417.55
27.04.21 11:16:59,1418.30,1420.30,1418.30,1420.30,150,366450,1440.46,1419.90,1425.35
27.04.21 11:18:59,1426.95,1427.60,1426.95,1427.60,150,366450,1440.31,1422.70,1427.10
27.04.21 11:19:59,1427.05,1427.05,1427.05,1427.05,75,366450,1440.24,1419.70,1425.30
27.04.21 11:24:59,1429.20,1429.20,1429.20,1429.20,75,366375,1440.18,1430.00,1430.40
27.04.21 11:25:59,1430.00,1430.00,1430.00,1430.00,150,366375,1440.06,1428.30,1433.20
27.04.21 11:27:59,1433.00,1433.00,1430.00,1430.00,150,366150,1439.97,1427.00,1429.65
27.04.21 11:28:59,1427.00,1427.00,1426.00,1426.00,150,366150,1439.83,1423.55,1427.25
27.04.21 11:29:59,1426.50,1426.50,1426.50,1426.50,75,366150,1439.76,1423.40,1425.80
27.04.21 11:30:59,1424.45,1425.00,1422.45,1425.00,300,365775,1439.43,1422.30,1426.65
27.04.21 11:31:59,1426.00,1426.00,1426.00,1426.00,75,365775,1439.36,1423.95,1427.50
27.04.21 11:37:59,1423.90,1424.05,1423.90,1424.05,150,365400,1439.20,1421.00,1424.05
27.04.21 11:40:59,1420.00,1420.00,1419.05,1419.10,300,365250,1438.80,1415.55,1419.00
27.04.21 11:42:59,1416.00,1416.00,1416.00,1416.00,75,364950,1438.68,1415.00,1417.35
27.04.21 11:43:59,1414.35,1414.35,1413.30,1413.30,450,364950,1437.98,1411.75,1415.55
27.04.21 11:44:59,1416.65,1416.65,1416.25,1416.25,225,364950,1437.67,1412.70,1417.30
27.04.21 11:47:59,1420.00,1420.00,1418.00,1418.00,600,364200,1437.01,1416.25,1419.50
27.04.21 11:48:59,1416.20,1416.20,1414.55,1414.55,300,363675,1436.61,1412.00,1415.10
27.04.21 11:50:59,1412.00,1412.00,1410.15,1410.15,225,363675,1436.27,1408.90,1413.30
27.04.21 11:57:59,1404.95,1404.95,1398.95,1399.45,1800,363150,1432.94,1395.85,1399.85
27.04.21 11:58:59,1399.45,1399.45,1398.30,1398.30,450,363150,1432.14,1395.85,1401.00
27.04.21 11:59:59,1394.45,1394.45,1394.45,1394.45,150,363150,1431.84,1393.10,1396.40
27.04.21 12:00:59,1392.90,1392.90,1392.30,1392.30,150,361050,1431.54,1386.45,1389.40
27.04.21 12:01:59,1384.20,1384.20,1384.20,1384.20,75,361050,1431.36,1383.45,1387.85
27.04.21 12:04:59,1388.50,1388.50,1388.50,1388.50,150,360825,1431.03,1391.30,1395.25
27.04.21 12:06:59,1393.05,1393.05,1393.05,1393.05,75,360675,1430.88,1393.00,1395.10
27.04.21 12:07:59,1393.00,1393.00,1393.00,1393.00,75,360675,1430.74,1391.75,1396.30
27.04.21 12:10:59,1387.95,1387.95,1386.70,1386.70,225,360525,1430.25,1386.10,1389.15
27.04.21 12:13:59,1385.00,1385.00,1383.35,1383.35,600,360450,1428.90,1382.95,1385.90
27.04.21 12:14:59,1382.55,1382.55,1382.55,1382.55,75,360450,1428.73,1380.70,1384.15
27.04.21 12:15:59,1382.00,1382.00,1379.00,1379.00,750,359775,1427.03,1378.85,1381.50
27.04.21 12:16:59,1379.50,1379.50,1378.75,1378.90,375,359775,1426.20,1380.30,1383.00
27.04.21 12:23:59,1395.80,1395.80,1395.80,1395.80,3375,358650,1422.08,1391.30,1395.80
27.04.21 12:35:59,1398.00,1398.00,1398.00,1398.00,75,356325,1422.01,1397.00,1401.60
27.04.21 12:36:59,1400.00,1400.00,1400.00,1400.00,150,356325,1421.88,1398.00,1402.25
27.04.21 12:37:59,1398.00,1398.00,1393.30,1393.30,450,356325,1421.41,1390.05,1394.20
27.04.21 12:43:59,1392.95,1392.95,1392.95,1392.95,150,355725,1421.25,1391.10,1394.80
27.04.21 12:45:59,1395.00,1395.00,1395.00,1395.00,750,355725,1420.51,1391.00,1392.95
27.04.21 12:46:59,1391.00,1391.00,1391.00,1391.00,75,355575,1420.43,1388.90,1392.10
27.04.21 12:50:59,1393.00,1393.00,1391.00,1391.00,825,354750,1419.60,1388.00,1392.20
27.04.21 12:51:59,1388.50,1388.50,1388.50,1388.50,150,353925,1419.44,1388.00,1389.80
27.04.21 12:53:59,1393.00,1393.00,1393.00,1393.00,750,353925,1418.74,1391.00,1393.95
27.04.21 12:56:59,1405.75,1408.00,1405.75,1408.00,225,353025,1418.65,1405.70,1409.90
27.04.21 12:58:59,1410.00,1410.00,1410.00,1410.00,375,352875,1418.54,1405.50,1410.10
27.04.21 13:00:59,1410.05,1410.05,1410.05,1410.05,375,352500,1418.43,1404.00,1408.75
27.04.21 13:01:59,1409.75,1409.75,1409.75,1409.75,375,352500,1418.32,1404.00,1407.85
27.04.21 13:02:59,1408.75,1408.75,1408.75,1408.75,375,352500,1418.20,1407.05,1412.60
27.04.21 13:04:59,1407.00,1407.00,1404.00,1404.00,225,351525,1418.10,1400.05,1405.00
27.04.21 13:06:59,1400.00,1400.00,1397.15,1397.15,150,351300,1418.01,1394.90,1398.90
27.04.21 13:08:59,1399.00,1399.00,1399.00,1399.00,375,351300,1417.78,1399.35,1404.70
27.04.21 13:19:59,1405.00,1405.00,1405.00,1405.00,75,350775,1417.74,1397.90,1402.85
27.04.21 13:22:59,1402.40,1404.75,1402.40,1404.75,750,350700,1417.41,1399.60,1404.60
27.04.21 13:23:59,1404.95,1404.95,1404.95,1404.95,450,350700,1417.22,1400.35,1404.85
27.04.21 13:24:59,1406.55,1406.55,1406.55,1406.55,150,350700,1417.17,1402.90,1407.00
27.04.21 13:25:59,1405.55,1405.55,1405.55,1405.55,300,349425,1417.06,1401.25,1404.20
27.04.21 13:33:59,1405.65,1405.65,1405.65,1405.65,75,349425,1417.04,1407.45,1411.75
27.04.21 13:34:59,1408.40,1408.40,1408.40,1408.40,75,349425,1417.02,1405.40,1410.55
27.04.21 13:45:59,1409.05,1409.05,1384.00,1384.00,375,349275,1416.77,1381.95,1387.40
27.04.21 13:46:59,1380.00,1380.00,1375.70,1379.30,375,349275,1416.35,1376.75,1380.85
27.04.21 13:47:59,1382.00,1382.00,1382.00,1382.00,300,349275,1416.05,1378.00,1381.55
27.04.21 13:48:59,1384.20,1384.20,1384.20,1384.20,75,349275,1415.98,1382.15,1384.25
27.04.21 13:49:59,1383.00,1383.00,1382.70,1382.70,225,348300,1415.76,1381.20,1386.25
27.04.21 13:50:59,1381.00,1381.00,1381.00,1381.00,75,348300,1415.69,1381.15,1385.25
27.04.21 13:54:59,1386.00,1386.00,1386.00,1386.00,450,348000,1415.30,1382.05,1386.85
27.04.21 13:57:59,1384.50,1386.90,1384.50,1386.90,300,347475,1415.05,1384.95,1389.05
27.04.21 13:58:59,1383.00,1383.00,1383.00,1383.00,300,347475,1414.78,1382.00,1385.70
27.04.21 13:59:59,1382.00,1382.00,1378.20,1378.20,600,347475,1414.20,1374.80,1380.25
27.04.21 14:01:59,1373.00,1373.00,1369.00,1369.00,525,346650,1413.60,1365.65,1370.30
27.04.21 14:03:59,1367.00,1367.00,1367.00,1367.00,300,346650,1413.22,1367.45,1371.70
27.04.21 14:05:59,1373.65,1374.50,1373.65,1374.50,150,345825,1413.06,1370.95,1374.35
27.04.21 14:06:59,1375.60,1375.60,1372.20,1372.35,600,345825,1412.42,1370.15,1375.00
27.04.21 14:07:59,1375.80,1375.80,1375.80,1375.80,75,345075,1412.35,1373.50,1377.10
27.04.21 14:09:59,1375.00,1375.00,1375.00,1375.00,375,345075,1411.98,1368.30,1372.70
27.04.21 14:10:59,1368.70,1368.70,1368.70,1368.70,75,344625,1411.89,1365.35,1370.10
27.04.21 14:11:59,1370.10,1370.10,1370.10,1370.10,75,344625,1411.81,1365.50,1369.75
27.04.21 14:13:59,1374.75,1374.75,1374.75,1374.75,75,344475,1411.74,1370.80,1376.00
27.04.21 14:16:59,1380.45,1380.45,1379.00,1380.20,600,344400,1411.24,1375.00,1379.75
27.04.21 14:17:59,1380.45,1380.45,1379.70,1379.70,150,344400,1411.12,1373.95,1378.75
27.04.21 14:23:59,1374.00,1374.00,1374.00,1374.00,75,343650,1411.05,1371.70,1375.60
27.04.21 14:25:59,1376.00,1376.00,1376.00,1376.00,300,343575,1410.78,1372.85,1377.35
27.04.21 14:26:59,1374.00,1374.00,1374.00,1374.00,75,343575,1410.71,1367.75,1370.75
27.04.21 14:29:59,1361.55,1361.55,1361.55,1361.55,225,343200,1410.44,1361.55,1364.55
27.04.21 14:30:59,1367.10,1367.10,1367.10,1367.10,375,342975,1410.04,1363.00,1368.05
27.04.21 14:32:59,1367.00,1367.00,1367.00,1367.00,75,342975,1409.96,1365.00,1368.50
27.04.21 14:33:59,1365.00,1365.00,1360.80,1360.80,825,341925,1409.03,1355.25,1360.90
27.04.21 14:34:59,1359.15,1359.80,1355.00,1355.00,825,341925,1408.02,1355.00,1357.05
27.04.21 14:35:59,1354.15,1357.85,1352.30,1355.05,1950,341925,1405.64,1352.35,1354.50
27.04.21 14:36:59,1354.00,1354.00,1349.25,1352.05,900,338400,1404.53,1347.70,1351.75
27.04.21 14:40:59,1350.00,1350.00,1350.00,1350.00,150,338100,1404.35,1346.95,1351.80
27.04.21 14:41:59,1348.85,1348.85,1348.80,1348.85,150,338100,1404.16,1345.65,1350.60
27.04.21 14:42:59,1345.00,1345.00,1345.00,1345.00,75,338100,1404.06,1344.90,1349.80
27.04.21 14:46:59,1352.00,1352.00,1352.00,1352.00,300,337725,1403.71,1348.25,1351.80
27.04.21 14:49:59,1356.20,1358.20,1356.20,1358.20,1650,337425,1402.08,1358.55,1363.70
27.04.21 14:50:59,1355.00,1355.00,1355.00,1355.00,75,337425,1402.00,1353.75,1358.30
27.04.21 14:51:59,1356.40,1356.40,1356.40,1356.40,75,337425,1401.93,1355.30,1360.40
27.04.21 14:55:59,1363.80,1363.80,1363.80,1363.80,225,336525,1401.75,1357.60,1361.10
27.04.21 14:56:59,1360.20,1360.20,1360.20,1360.20,150,336525,1401.61,1357.35,1360.80
27.04.21 14:57:59,1360.45,1361.45,1360.45,1361.45,150,336525,1401.49,1361.75,1366.40
27.04.21 14:58:59,1364.60,1369.70,1363.65,1369.70,1050,336600,1400.72,1366.15,1370.50
27.04.21 14:59:59,1365.55,1366.15,1362.90,1362.90,450,336600,1400.39,1363.50,1367.35
27.04.21 15:00:59,1365.85,1365.85,1365.40,1365.40,5100,336600,1397.33,1361.15,1365.95
27.04.21 15:01:59,1366.25,1366.70,1366.25,1366.70,225,333150,1397.21,1364.55,1369.20
27.04.21 15:02:59,1364.75,1364.75,1364.75,1364.75,150,333150,1397.12,1362.30,1365.60
27.04.21 15:03:59,1361.45,1361.45,1361.45,1361.45,75,333150,1397.07,1361.05,1364.45
27.04.21 15:04:59,1362.90,1362.90,1362.90,1362.90,150,332700,1396.97,1361.65,1364.90
27.04.21 15:05:59,1362.05,1362.05,1358.10,1359.00,1125,332700,1396.22,1352.20,1356.65
27.04.21 15:06:59,1357.30,1357.55,1357.30,1357.55,150,332700,1396.12,1353.30,1357.65
27.04.21 15:09:59,1354.15,1354.15,1354.05,1354.05,1050,331800,1395.35,1353.95,1357.30
27.04.21 15:12:59,1358.00,1358.00,1358.00,1358.00,300,331050,1395.15,1353.75,1358.50
27.04.21 15:20:59,1349.50,1349.50,1349.50,1349.50,75,330750,1395.09,1349.60,1354.35
27.04.21 15:23:59,1351.15,1352.20,1351.15,1352.20,750,330825,1394.53,1350.25,1354.85
27.04.21 15:24:59,1351.00,1355.35,1350.95,1350.95,2850,330825,1392.52,1350.85,1355.65
27.04.21 15:25:59,1355.75,1359.45,1355.75,1359.45,450,329325,1392.27,1354.75,1359.80
27.04.21 15:26:59,1360.00,1360.00,1360.00,1360.00,375,329325,1392.08,1356.00,1360.85
27.04.21 15:27:59,1355.00,1355.00,1355.00,1355.00,300,329325,1391.90,1351.95,1358.00
27.04.21 15:30:00,1355.00,1355.00,1355.00,1355.00,75,328275,1391.85,1353.10,1357.80
28.04.21 09:19:59,1277.35,1277.35,1277.35,1277.35,150,328275,1277.35,1269.10,1275.15
28.04.21 09:20:59,1277.30,1277.30,1277.20,1277.30,150,328275,1277.30,1268.95,1275.05
28.04.21 09:24:59,1260.00,1260.00,1260.00,1260.00,75,328200,1273.84,1255.05,1259.80
28.04.21 09:26:59,1263.00,1263.00,1263.00,1263.00,600,328125,1267.16,1260.05,1264.00
28.04.21 09:27:59,1264.00,1265.00,1264.00,1265.00,750,328125,1266.05,1264.00,1269.10
28.04.21 09:28:59,1265.00,1265.00,1264.00,1264.00,900,328125,1265.46,1260.05,1265.65
28.04.21 09:29:59,1260.00,1260.00,1255.30,1255.30,375,326100,1264.58,1246.35,1256.40
28.04.21 09:33:59,1255.00,1255.00,1255.00,1255.00,300,325950,1263.71,1255.50,1261.90
28.04.21 09:37:59,1265.00,1265.00,1265.00,1265.00,75,325425,1263.74,1265.00,1267.95
28.04.21 09:39:59,1266.45,1266.45,1266.45,1266.45,1350,325425,1264.49,1267.75,1272.50
28.04.21 09:41:59,1265.00,1265.00,1265.00,1265.00,300,326025,1264.52,1260.00,1262.70
28.04.21 09:42:59,1260.00,1260.00,1260.00,1260.00,225,326025,1264.33,1260.00,1261.40
28.04.21 09:43:59,1260.00,1260.00,1257.00,1257.00,150,326025,1264.17,1260.00,1264.00
28.04.21 09:44:59,1260.00,1260.00,1260.00,1260.00,150,323925,1264.05,1260.00,1263.60
28.04.21 09:45:59,1262.85,1262.85,1260.00,1262.00,300,323925,1263.91,1252.55,1257.00
28.04.21 09:46:59,1257.00,1257.00,1257.00,1257.00,750,323925,1263.12,1250.10,1255.00
28.04.21 09:47:59,1255.00,1255.00,1250.00,1250.00,825,322200,1262.13,1244.95,1249.00
28.04.21 09:48:59,1248.00,1248.00,1248.00,1248.00,900,322200,1260.60,1243.80,1247.90
28.04.21 09:49:59,1243.90,1246.25,1243.90,1246.25,150,322200,1260.32,1245.75,1250.05
28.04.21 09:50:59,1249.65,1249.65,1246.20,1248.00,300,322200,1259.89,1246.00,1247.60
28.04.21 09:53:59,1249.80,1249.80,1246.00,1246.00,225,320775,1259.59,1243.45,1248.50
28.04.21 09:55:59,1253.30,1253.30,1253.30,1253.30,75,320775,1259.54,1250.00,1252.20
28.04.21 09:56:59,1254.10,1255.70,1254.10,1255.70,750,320025,1259.18,1251.20,1257.15
28.04.21 09:57:59,1257.90,1260.05,1257.90,1260.05,450,320025,1259.19,1255.40,1259.30
28.04.21 09:58:59,1260.05,1260.05,1257.00,1257.00,750,320025,1259.14,1256.10,1261.50
28.04.21 09:59:59,1262.30,1262.30,1260.00,1260.00,375,318375,1259.23,1256.50,1261.55
28.04.21 10:00:59,1257.00,1257.25,1256.00,1257.25,300,318375,1259.17,1252.40,1257.15
28.04.21 10:01:59,1257.00,1257.95,1255.00,1255.00,1200,318375,1259.00,1255.00,1257.35
28.04.21 10:02:59,1255.00,1258.70,1255.00,1258.70,1725,317625,1258.87,1256.00,1258.25
28.04.21 10:03:59,1258.00,1258.00,1256.00,1257.20,1050,317625,1258.77,1253.90,1258.05
28.04.21 10:05:59,1253.95,1253.95,1252.70,1252.70,150,314775,1258.71,1247.25,1251.45
28.04.21 10:07:59,1254.45,1254.45,1254.45,1254.45,750,314775,1258.52,1247.50,1252.90
28.04.21 10:08:59,1252.00,1253.45,1252.00,1252.00,1575,313125,1257.96,1248.75,1253.30
28.04.21 10:09:59,1248.05,1248.05,1248.05,1248.05,75,313125,1257.92,1247.65,1252.30
28.04.21 10:10:59,1250.25,1250.25,1247.00,1247.00,975,313125,1257.48,1244.20,1249.55
28.04.21 10:11:59,1249.00,1249.00,1249.00,1249.00,300,311400,1257.35,1247.35,1252.00
28.04.21 10:14:59,1256.00,1256.00,1256.00,1256.00,375,311175,1257.32,1252.40,1254.00
28.04.21 10:18:59,1247.50,1247.50,1247.50,1247.50,375,310800,1257.14,1247.90,1252.30
28.04.21 10:20:59,1259.00,1259.00,1257.55,1257.55,750,310500,1257.17,1251.65,1257.20
28.04.21 10:21:59,1259.45,1259.55,1259.45,1259.55,1500,310500,1257.32,1256.15,1259.00
28.04.21 10:24:59,1261.95,1265.30,1261.95,1264.10,1575,308550,1257.68,1259.70,1264.10
28.04.21 10:25:59,1260.00,1262.10,1259.85,1262.10,900,308550,1257.83,1258.05,1262.15
28.04.21 10:26:59,1257.00,1262.00,1257.00,1261.15,1050,305925,1257.95,1261.20,1264.80
28.04.21 10:27:59,1264.00,1266.55,1264.00,1266.55,375,305925,1258.04,1266.60,1271.80
28.04.21 10:28:59,1265.00,1268.35,1265.00,1265.00,375,305925,1258.15,1263.85,1267.40
28.04.21 10:29:59,1264.25,1269.90,1264.25,1264.60,750,305925,1258.35,1264.65,1268.40
28.04.21 10:30:59,1265.00,1265.00,1265.00,1265.00,300,304950,1258.42,1263.50,1267.85
28.04.21 10:31:59,1262.60,1262.60,1258.25,1258.25,375,304950,1258.44,1256.25,1261.70
28.04.21 10:33:59,1256.00,1256.00,1256.00,1256.00,675,304200,1258.38,1254.70,1260.40
28.04.21 10:36:59,1253.00,1253.00,1253.00,1253.00,75,303525,1258.36,1249.80,1254.65
28.04.21 10:42:59,1247.00,1247.00,1242.00,1242.00,900,303450,1257.93,1237.00,1241.35
28.04.21 10:46:59,1233.20,1233.20,1233.20,1233.20,150,302550,1257.81,1233.55,1237.00
28.04.21 10:47:59,1237.05,1237.05,1237.05,1237.05,75,302325,1257.76,1235.00,1236.60
28.04.21 10:48:59,1235.00,1235.00,1235.00,1235.00,75,0,1257.70,1231.50,1236.00
28.04.21 10:50:59,1234.95,1234.95,1234.95,1234.95,75,302325,1257.65,1235.80,1239.85
28.04.21 10:53:59,1235.25,1235.25,1235.25,1235.25,300,302325,1257.43,1233.65,1237.60
28.04.21 10:54:59,1232.65,1232.65,1232.65,1232.65,150,302250,1257.30,1229.85,1234.25
28.04.21 10:58:59,1233.45,1233.75,1233.10,1233.55,675,302250,1256.79,1233.50,1237.15
28.04.21 11:01:59,1233.75,1236.20,1233.75,1235.35,375,301575,1256.53,1236.05,1239.00
28.04.21 11:02:59,1239.00,1239.00,1239.00,1239.00,1050,300750,1255.97,1235.75,1239.90
28.04.21 11:03:59,1239.00,1239.00,1239.00,1239.00,525,300750,1255.70,1236.00,1238.75
28.04.21 11:04:59,1236.00,1236.00,1236.00,1236.00,75,300750,1255.66,1232.40,1236.00
28.04.21 11:05:59,1238.20,1238.20,1238.20,1238.20,525,300750,1255.37,1232.00,1234.95
28.04.21 11:06:59,1232.45,1233.80,1232.45,1233.80,300,299475,1255.18,1232.75,1237.50
28.04.21 11:07:59,1232.00,1232.00,1225.05,1225.05,375,299475,1254.87,1225.60,1229.55
28.04.21 11:08:59,1225.05,1225.05,1225.05,1225.05,75,298950,1254.80,1225.05,1228.85
28.04.21 11:10:59,1230.00,1230.00,1230.00,1230.00,75,298950,1254.75,1226.20,1229.95
28.04.21 11:11:59,1228.25,1228.25,1228.25,1228.25,150,298950,1254.64,1228.80,1233.05
28.04.21 11:18:59,1231.35,1231.35,1228.50,1228.50,150,298875,1254.53,1230.85,1236.15
28.04.21 11:21:59,1232.75,1232.75,1232.75,1232.75,300,298875,1254.34,1228.25,1232.50
28.04.21 11:22:59,1227.45,1231.40,1226.95,1226.95,525,298875,1253.96,1227.15,1230.40
28.04.21 11:23:59,1226.25,1226.25,1226.25,1226.25,75,298875,1253.90,1227.05,1231.20
28.04.21 11:24:59,1228.30,1230.80,1228.30,1230.80,975,298800,1253.24,1230.80,1234.95
28.04.21 11:25:59,1232.70,1232.70,1232.70,1232.70,75,298800,1253.20,1232.50,1236.90
28.04.21 11:26:59,1233.00,1233.00,1230.80,1230.80,300,298575,1253.03,1227.35,1231.95
28.04.21 11:27:59,1230.00,1230.00,1230.00,1230.00,75,298575,1252.99,1225.20,1232.95
28.04.21 11:28:59,1229.25,1229.25,1229.25,1229.25,300,298575,1252.80,1230.35,1235.35
28.04.21 11:29:59,1231.25,1231.25,1231.25,1231.25,150,298575,1252.71,1233.85,1239.75
28.04.21 11:30:59,1235.45,1236.90,1235.45,1236.90,1275,298500,1252.18,1235.65,1239.85
28.04.21 11:31:59,1237.30,1241.00,1235.55,1239.90,750,298500,1251.90,1234.95,1239.80
28.04.21 11:32:59,1236.05,1236.05,1236.05,1236.05,150,298500,1251.84,1234.15,1238.95
28.04.21 11:34:59,1231.00,1231.00,1231.00,1231.00,75,298350,1251.80,1231.00,1234.70
28.04.21 11:35:59,1233.85,1234.30,1233.85,1234.30,150,298350,1251.74,1234.55,1238.95
28.04.21 11:37:59,1232.45,1240.00,1232.45,1240.00,3900,298200,1250.54,1233.00,1237.30
28.04.21 11:38:59,1237.50,1238.75,1236.20,1238.75,2550,298200,1249.82,1236.20,1240.00
28.04.21 11:39:59,1236.20,1238.45,1236.20,1238.45,150,292650,1249.78,1233.70,1238.40
28.04.21 11:40:59,1238.35,1238.35,1235.50,1237.65,5925,292650,1248.52,1237.40,1241.85
28.04.21 11:41:59,1236.55,1240.80,1231.80,1231.80,225,292650,1248.47,1231.55,1235.90
28.04.21 11:43:59,1232.00,1233.00,1232.00,1233.00,225,286875,1248.41,1232.40,1236.05
28.04.21 11:45:59,1231.00,1231.00,1230.00,1230.00,150,286650,1248.36,1231.40,1234.90
28.04.21 11:46:59,1232.00,1232.00,1232.00,1232.00,75,286650,1248.33,1229.90,1233.00
28.04.21 11:47:59,1230.00,1230.00,1230.00,1230.00,75,286650,1248.31,1225.05,1228.15
28.04.21 11:48:59,1225.00,1225.00,1225.00,1225.00,150,286425,1248.24,1223.00,1226.65
28.04.21 11:55:59,1224.25,1224.25,1224.25,1224.25,150,286350,1248.17,1223.05,1226.60
28.04.21 11:57:59,1224.25,1224.25,1224.25,1224.25,75,286350,1248.14,1223.45,1227.10
28.04.21 12:02:59,1228.20,1228.20,1228.20,1228.20,75,286275,1248.11,1227.65,1230.95
28.04.21 12:03:59,1228.80,1228.80,1228.80,1228.80,75,286275,1248.09,1228.85,1232.80
28.04.21 12:05:59,1228.80,1229.50,1228.80,1229.50,150,286275,1248.03,1225.55,1229.45
28.04.21 12:06:59,1225.00,1225.00,1222.00,1222.00,675,286125,1247.72,1216.70,1219.95
28.04.21 12:09:59,1215.05,1215.05,1215.05,1215.05,75,285450,1247.67,1214.45,1218.30
28.04.21 12:10:59,1213.70,1213.70,1213.20,1213.20,375,285450,1247.44,1213.30,1216.80
28.04.21 12:11:59,1216.55,1216.55,1215.00,1215.00,375,285450,1247.22,1212.25,1216.10
28.04.21 12:17:59,1216.85,1216.85,1216.85,1216.85,150,284925,1247.14,1214.00,1218.80
28.04.21 12:19:59,1213.40,1213.40,1210.00,1210.00,300,284925,1246.95,1206.35,1210.95
28.04.21 12:20:59,1201.60,1201.60,1195.55,1195.55,675,284925,1246.38,1194.55,1198.90
28.04.21 12:21:59,1198.00,1198.00,1198.00,1198.00,75,284400,1246.32,1196.45,1201.40
28.04.21 12:24:59,1192.70,1192.70,1192.70,1192.70,300,284400,1246.04,1181.65,1188.10
28.04.21 12:25:59,1186.75,1186.75,1186.50,1186.50,225,284475,1245.80,1182.20,1186.20
28.04.21 12:26:59,1186.50,1186.50,1185.40,1185.40,225,284475,1245.57,1188.25,1191.65
28.04.21 12:27:59,1185.35,1187.45,1184.85,1184.85,825,284175,1244.74,1185.15,1189.35
28.04.21 12:28:59,1186.65,1186.65,1186.65,1186.65,75,284175,1244.66,1184.25,1188.75
28.04.21 12:29:59,1183.30,1183.30,1183.30,1183.30,75,284175,1244.59,1178.50,1183.55
28.04.21 12:30:59,1182.65,1182.65,1182.65,1182.65,150,283875,1244.43,1179.50,1183.60
28.04.21 12:31:59,1177.80,1181.95,1177.20,1177.95,1725,283875,1242.53,1177.65,1179.70
28.04.21 12:32:59,1177.55,1177.55,1174.05,1174.05,300,283875,1242.21,1178.65,1184.10
28.04.21 12:34:59,1185.00,1185.00,1185.00,1185.00,75,283875,1242.13,1183.10,1187.40
28.04.21 12:37:59,1179.00,1179.00,1179.00,1179.00,75,283800,1242.06,1177.55,1182.90
28.04.21 12:39:59,1185.00,1185.00,1185.00,1185.00,75,283725,1241.99,1182.00,1184.10
28.04.21 12:40:59,1182.00,1182.00,1173.00,1173.00,150,283725,1241.83,1170.25,1175.20
28.04.21 12:42:59,1170.00,1170.00,1170.00,1170.00,75,283575,1241.74,1167.05,1171.45
28.04.21 12:44:59,1171.00,1171.00,1168.30,1168.30,225,283575,1241.48,1166.40,1170.90
28.04.21 12:45:59,1170.85,1170.85,1170.85,1170.85,75,283275,1241.39,1166.40,1170.30
28.04.21 12:46:59,1167.80,1167.80,1167.40,1167.80,300,283275,1241.03,1168.35,1172.50
28.04.21 12:47:59,1168.70,1169.00,1168.70,1169.00,225,283275,1240.77,1169.15,1172.80
28.04.21 12:48:59,1170.50,1170.50,1170.35,1170.35,1725,283125,1238.87,1167.80,1170.80
28.04.21 12:49:59,1167.80,1167.80,1167.80,1167.80,150,283125,1238.70,1161.30,1165.75
28.04.21 12:50:59,1162.40,1163.20,1162.40,1163.20,900,283125,1237.65,1162.40,1166.45
28.04.21 12:51:59,1162.25,1165.30,1162.25,1165.30,2400,283125,1235.02,1165.45,1169.55
28.04.21 12:52:59,1166.20,1166.45,1165.10,1165.10,900,283125,1234.10,1162.95,1169.85
28.04.21 12:53:59,1165.80,1165.80,1165.80,1165.80,225,283125,1233.88,1162.95,1167.40
28.04.21 12:54:59,1162.85,1162.85,1162.85,1162.85,150,283125,1233.72,1155.95,1161.05
28.04.21 12:55:59,1159.45,1160.50,1159.45,1160.50,150,283200,1233.56,1160.95,1165.35
28.04.21 12:57:59,1158.30,1159.35,1158.30,1159.35,300,283050,1233.23,1160.10,1164.85
28.04.21 12:58:59,1160.35,1160.35,1160.35,1160.35,150,0,1233.08,1162.00,1163.45
28.04.21 12:59:59,1162.00,1162.00,1154.80,1157.40,1275,283050,1231.67,1158.90,1163.90
28.04.21 13:00:59,1161.45,1164.10,1161.45,1164.10,1500,282975,1230.23,1163.00,1167.35
28.04.21 13:01:59,1163.90,1171.35,1163.90,1169.00,1425,282975,1229.01,1164.45,1168.85
28.04.21 13:05:59,1164.50,1164.50,1163.90,1163.90,600,282075,1228.48,1156.15,1160.65
28.04.21 13:09:59,1157.75,1157.75,1157.75,1157.75,150,281550,1228.34,1156.00,1158.60
28.04.21 13:10:59,1158.50,1161.80,1158.00,1161.80,300,281400,1228.06,1157.75,1162.10
28.04.21 13:11:59,1160.30,1160.30,1151.00,1151.00,1050,281400,1227.06,1148.15,1152.70
28.04.21 13:17:59,1140.00,1140.00,1138.70,1138.70,300,280050,1226.71,1139.05,1142.65
28.04.21 13:18:59,1137.00,1137.00,1136.85,1136.85,225,279750,1226.44,1131.35,1135.95
28.04.21 13:20:59,1135.00,1135.00,1135.00,1135.00,150,279750,1226.26,1135.90,1140.05
28.04.21 13:21:59,1136.00,1136.00,1136.00,1136.00,600,279375,1225.56,1134.10,1138.65
28.04.21 13:22:59,1138.50,1138.50,1138.50,1138.50,150,279375,1225.39,1137.00,1140.60
28.04.21 13:24:59,1139.00,1139.00,1139.00,1139.00,75,279375,1225.30,1138.55,1142.90
28.04.21 13:28:59,1149.80,1149.80,1149.80,1149.80,75,278550,1225.23,1148.00,1151.55
28.04.21 13:29:59,1149.55,1149.55,1149.55,1149.55,75,278550,1225.15,1149.00,1151.90
28.04.21 13:31:59,1152.00,1152.00,1152.00,1152.00,300,278475,1224.87,1143.60,1149.45
28.04.21 13:33:59,1147.00,1147.00,1147.00,1147.00,600,278475,1224.27,1145.95,1150.20
28.04.21 13:36:59,1151.95,1151.95,1151.95,1151.95,75,277575,1224.20,1152.85,1157.95
28.04.21 13:37:59,1157.00,1157.00,1155.05,1155.05,300,277500,1223.94,1155.00,1156.30
28.04.21 13:39:59,1157.00,1157.00,1154.85,1154.85,825,276750,1223.22,1150.95,1155.60
28.04.21 13:41:59,1152.50,1153.45,1152.50,1153.45,300,276750,1222.96,1154.20,1158.80
28.04.21 13:44:59,1156.00,1158.00,1156.00,1158.00,300,276075,1222.71,1153.70,1158.00
28.04.21 13:45:59,1154.40,1154.40,1154.40,1154.40,525,276075,1222.26,1160.25,1163.90
28.04.21 13:47:59,1162.00,1162.00,1162.00,1162.00,225,276225,1222.09,1156.00,1160.45
28.04.21 13:49:59,1163.00,1166.00,1163.00,1166.00,675,275475,1221.61,1164.00,1167.40
28.04.21 13:50:59,1164.00,1164.00,1164.00,1164.00,300,275475,1221.40,1160.40,1164.90
28.04.21 13:52:59,1144.65,1144.65,1144.65,1144.65,75,274875,1221.33,1142.75,1148.00
28.04.21 13:53:59,1143.75,1144.55,1142.85,1143.70,525,274875,1220.83,1141.05,1145.30
28.04.21 13:54:59,1142.00,1142.00,1142.00,1142.00,75,274350,1220.76,1141.90,1146.35
28.04.21 13:56:59,1136.65,1136.65,1136.65,1136.65,75,274350,1220.68,1132.80,1137.50
28.04.21 13:57:59,1131.25,1131.25,1131.25,1131.25,75,274200,1220.60,1126.60,1129.85
28.04.21 13:58:59,1130.80,1130.80,1130.80,1130.80,75,274200,1220.52,1131.20,1135.45
28.04.21 13:59:59,1133.75,1133.75,1132.00,1132.00,150,274200,1220.36,1127.55,1131.75
28.04.21 14:01:59,1131.00,1131.00,1131.00,1131.00,75,273900,1220.28,1136.15,1140.35
28.04.21 14:02:59,1137.40,1137.40,1137.40,1137.40,525,273900,1219.75,1139.90,1144.25
28.04.21 14:03:59,1143.35,1143.40,1143.35,1143.40,1125,273750,1218.73,1142.85,1147.45
28.04.21 14:04:59,1143.40,1143.40,1143.40,1143.40,75,273750,1218.67,1135.00,1141.10
28.04.21 14:06:59,1133.00,1133.00,1131.50,1131.50,225,273750,1218.44,1134.70,1138.75
28.04.21 14:09:59,1132.80,1132.80,1132.80,1132.80,900,273600,1217.54,1136.10,1140.75
28.04.21 14:10:59,1131.20,1135.90,1131.20,1135.90,150,273600,1217.39,1132.30,1137.25
28.04.21 14:11:59,1125.80,1126.10,1125.80,1126.10,1800,273600,1215.51,1123.40,1130.90
28.04.21 14:14:59,1132.00,1132.75,1130.40,1130.40,1875,273600,1213.73,1128.75,1133.10
28.04.21 14:15:59,1131.95,1131.95,1131.95,1131.95,150,272925,1213.60,1134.20,1138.55
28.04.21 14:18:59,1119.05,1119.05,1119.00,1119.00,525,272925,1213.04,1116.15,1120.00
28.04.21 14:19:59,1116.60,1117.05,1116.60,1117.05,150,273000,1212.88,1118.50,1122.40
28.04.21 14:20:59,1119.90,1119.90,1119.90,1119.90,1125,273000,1211.73,1115.95,1119.40
28.04.21 14:21:59,1120.05,1120.05,1120.05,1120.05,75,273000,1211.66,1111.70,1116.15
28.04.21 14:23:59,1114.20,1114.20,1113.70,1114.20,675,272850,1210.94,1116.35,1120.25
28.04.21 14:24:59,1121.45,1121.45,1118.85,1118.85,225,272850,1210.72,1116.30,1120.05
28.04.21 14:25:59,1115.40,1115.40,1115.40,1115.40,1125,272700,1209.57,1116.25,1119.75
28.04.21 14:27:59,1121.00,1121.45,1116.40,1116.40,4050,271575,1205.75,1117.80,1120.30
28.04.21 14:28:59,1120.30,1120.30,1119.75,1119.75,975,271575,1204.90,1120.05,1123.90
28.04.21 14:30:59,1123.65,1123.95,1123.50,1123.50,2400,271575,1202.97,1121.50,1125.55
28.04.21 14:32:59,1126.40,1127.55,1126.40,1127.55,375,271500,1202.68,1126.40,1128.60
28.04.21 14:33:59,1126.50,1126.50,1126.50,1126.50,450,271500,1202.35,1131.90,1135.60
28.04.21 14:35:59,1126.40,1126.40,1126.40,1126.40,150,271500,1202.23,1120.00,1124.00
28.04.21 14:36:59,1120.00,1120.00,1120.00,1120.00,750,271500,1201.63,1115.75,1119.40
28.04.21 14:37:59,1119.35,1119.50,1119.35,1119.50,2550,270750,1199.63,1121.40,1124.60
28.04.21 14:41:59,1125.00,1125.00,1125.00,1125.00,2775,270750,1197.71,1125.65,1128.60
28.04.21 14:42:59,1127.95,1130.65,1127.95,1130.65,975,268425,1197.10,1130.30,1134.40
28.04.21 14:43:59,1132.45,1134.15,1131.80,1133.00,900,268425,1196.57,1125.80,1129.65
28.04.21 14:44:59,1132.80,1132.80,1132.80,1132.80,300,268425,1196.40,1126.25,1129.60
28.04.21 14:45:59,1130.85,1130.85,1130.85,1130.85,150,268425,1196.31,1129.95,1133.90
28.04.21 14:48:59,1134.00,1134.00,1134.00,1134.00,225,267375,1196.18,1138.55,1142.05
28.04.21 14:49:59,1138.00,1138.00,1138.00,1138.00,750,267375,1195.79,1133.00,1136.85
28.04.21 14:51:59,1128.00,1128.00,1128.00,1128.00,300,267375,1195.60,1127.00,1131.85
28.04.21 14:53:59,1132.00,1134.10,1132.00,1134.10,2325,266400,1194.34,1129.40,1133.00
28.04.21 14:54:59,1128.00,1128.00,1128.00,1128.00,75,264075,1194.29,1126.60,1130.25
28.04.21 14:57:59,1121.65,1121.65,1121.65,1121.65,75,264075,1194.25,1121.15,1124.75
28.04.21 14:58:59,1121.60,1121.60,1121.60,1121.60,1950,264225,1193.03,1123.05,1127.45
28.04.21 15:01:59,1127.60,1132.95,1127.60,1132.95,450,264225,1192.78,1127.25,1131.00
28.04.21 15:02:59,1129.45,1132.60,1129.45,1132.60,450,264225,1192.55,1127.55,1131.10
28.04.21 15:04:59,1127.00,1127.00,1127.00,1127.00,225,264150,1192.42,1121.90,1125.25
28.04.21 15:06:59,1127.80,1130.00,1127.80,1130.00,600,264150,1192.10,1126.65,1130.30
28.04.21 15:09:59,1130.30,1131.35,1130.25,1130.25,375,264150,1191.91,1128.35,1131.40
28.04.21 15:11:59,1137.25,1141.00,1137.25,1141.00,450,263325,1191.70,1142.80,1146.60
28.04.21 15:12:59,1144.85,1144.85,1144.05,1144.05,150,263325,1191.64,1140.35,1143.85
28.04.21 15:13:59,1145.50,1145.50,1144.85,1144.85,150,263100,1191.58,1137.75,1141.45
28.04.21 15:14:59,1142.80,1142.80,1142.35,1142.35,300,263100,1191.46,1143.30,1146.00
28.04.21 15:16:59,1146.00,1146.00,1146.00,1146.00,75,263100,1191.43,1145.10,1149.15
28.04.21 15:17:59,1148.65,1148.65,1148.65,1148.65,225,263100,1191.35,1145.85,1149.30
28.04.21 15:18:59,1148.90,1148.90,1148.90,1148.90,75,263100,1191.32,1151.30,1155.05
28.04.21 15:19:59,1154.65,1154.65,1150.00,1150.00,225,262875,1191.25,1145.10,1148.80
28.04.21 15:20:59,1148.00,1148.00,1148.00,1148.00,75,262875,1191.22,1148.45,1152.25
28.04.21 15:22:59,1150.00,1150.00,1150.00,1150.00,75,262725,1191.20,1148.60,1152.50
28.04.21 15:25:59,1150.00,1150.00,1148.55,1148.55,150,262650,1191.14,1147.10,1151.05
28.04.21 15:26:59,1150.00,1150.00,1150.00,1150.00,75,262650,1191.12,1149.80,1153.40
28.04.21 15:28:59,1153.85,1154.30,1153.85,1154.30,150,262425,1191.07,1152.05,1156.25
29.04.21 09:15:59,1028.00,1028.00,1028.00,1028.00,225,262275,1028.00,1000.40,1007.55
29.04.21 09:16:59,1007.40,1007.40,1007.30,1007.40,225,262275,1017.67,985.05,989.15
29.04.21 09:17:59,985.00,985.00,981.25,981.25,2400,262050,990.04,978.30,981.80
29.04.21 09:18:59,984.15,984.15,984.15,984.15,75,262050,989.89,979.30,984.95
29.04.21 09:19:59,981.00,981.00,975.00,975.00,1350,262050,985.61,973.30,976.20
29.04.21 09:21:59,974.30,976.00,974.30,976.00,300,261825,984.89,972.40,976.85
29.04.21 09:23:59,971.90,974.10,971.90,974.10,300,261000,984.21,967.50,973.10
29.04.21 09:25:59,975.00,975.00,975.00,975.00,150,261000,983.93,969.75,973.35
29.04.21 09:27:59,976.45,976.45,976.45,976.45,75,260700,983.82,983.25,986.05
29.04.21 09:28:59,982.50,988.25,982.50,988.25,225,260700,983.90,991.60,995.30
29.04.21 09:29:59,990.95,990.95,990.95,990.95,150,260700,984.09,985.55,990.10
29.04.21 09:30:59,985.05,985.05,982.75,984.00,375,260550,984.07,982.10,986.10
29.04.21 09:31:59,982.00,984.00,982.00,982.00,750,260550,983.93,980.10,984.15
29.04.21 09:32:59,982.20,985.00,982.20,985.00,1050,260100,983.89,981.25,984.60
29.04.21 09:33:59,977.50,977.50,977.50,977.50,75,260100,983.83,975.05,978.60
29.04.21 09:35:59,979.00,979.00,979.00,979.00,75,260100,983.78,976.65,980.40
29.04.21 09:36:59,975.00,975.00,975.00,975.00,75,258975,983.70,972.90,975.00
29.04.21 09:37:59,973.00,975.00,973.00,975.00,3075,258975,981.24,973.60,977.25
29.04.21 09:38:59,975.15,978.50,974.70,974.70,825,258675,981.00,974.60,978.00
29.04.21 09:39:59,977.50,979.00,977.50,979.00,300,258675,980.93,977.00,979.00
29.04.21 09:40:59,977.15,979.00,977.00,977.00,225,258675,980.87,976.10,977.85
29.04.21 09:41:59,976.10,977.55,975.45,977.55,525,258675,980.68,976.80,979.90
29.04.21 09:42:59,981.20,986.00,981.20,986.00,375,257400,980.76,984.20,987.75
29.04.21 09:43:59,987.15,989.00,986.55,986.55,750,257400,981.10,988.90,993.00
29.04.21 09:44:59,990.20,994.30,990.20,994.30,225,257625,981.27,992.10,994.80
29.04.21 09:45:59,993.00,993.00,993.00,993.00,150,257625,981.39,986.15,988.95
29.04.21 09:46:59,994.90,1009.30,994.90,1009.30,150,257625,981.60,1008.20,1011.65
29.04.21 09:47:59,1028.00,1028.00,1027.25,1027.25,375,256725,982.76,1033.85,1040.65
29.04.21 09:48:59,1047.20,1050.00,1028.85,1028.85,600,256725,984.97,1037.25,1040.45
29.04.21 09:49:59,1044.60,1044.60,1044.60,1044.60,300,256725,986.10,1038.25,1046.20
29.04.21 09:50:59,1050.00,1050.00,1050.00,1050.00,150,256575,986.70,1046.85,1052.00
29.04.21 09:53:59,1042.15,1042.15,1042.15,1042.15,75,256575,986.96,1040.50,1043.80
29.04.21 10:00:59,1097.55,1097.55,1095.00,1095.00,2400,256650,1001.20,1084.80,1089.80
29.04.21 10:01:59,1085.45,1085.45,1085.45,1085.45,75,256650,1001.54,1088.85,1091.75
29.04.21 10:04:59,1072.00,1072.00,1072.00,1072.00,150,256350,1002.11,1056.25,1062.20
29.04.21 10:06:59,1053.80,1053.80,1053.80,1053.80,375,256350,1003.13,1055.65,1061.10
29.04.21 10:10:59,1080.00,1080.00,1080.00,1080.00,75,256350,1003.43,1083.25,1086.40
29.04.21 10:15:59,1091.05,1091.05,1091.05,1091.05,75,253650,1003.78,1085.55,1089.65
29.04.21 10:19:59,1083.10,1083.10,1083.10,1083.10,150,253650,1004.39,1080.90,1083.70
29.04.21 10:20:59,1080.60,1080.60,1080.60,1080.60,300,253650,1005.56,1068.35,1070.15
29.04.21 10:22:59,1080.00,1080.00,1080.00,1080.00,600,253650,1007.77,1083.15,1086.05
29.04.21 10:23:59,1081.55,1081.55,1081.55,1081.55,75,253650,1008.05,1076.00,1080.00
29.04.21 10:25:59,1073.35,1073.35,1073.35,1073.35,300,253575,1009.00,1073.00,1075.70
29.04.21 10:26:59,1083.20,1086.10,1081.85,1083.55,6750,253575,1027.41,1080.00,1082.75
29.04.21 10:27:59,1084.10,1085.20,1081.00,1083.30,9150,253575,1041.54,1080.50,1083.80
29.04.21 10:28:59,1083.85,1085.65,1082.00,1085.65,2475,253575,1044.30,1080.05,1083.65
29.04.21 10:29:59,1084.80,1089.95,1084.55,1089.95,6750,253500,1050.41,1085.15,1088.20
29.04.21 10:30:59,1090.00,1091.45,1086.10,1086.10,4125,253500,1053.60,1083.20,1087.05
29.04.21 10:31:59,1082.00,1082.00,1079.20,1079.20,150,253500,1053.68,1081.40,1085.15
29.04.21 10:32:59,1085.20,1086.60,1081.70,1082.60,4575,253350,1056.18,1078.40,1080.70
29.04.21 10:33:59,1082.30,1082.30,1082.30,1082.30,825,253350,1056.56,1081.20,1084.80
29.04.21 10:34:59,1085.00,1085.00,1083.70,1083.70,825,253350,1056.96,1082.35,1085.10
29.04.21 10:35:59,1084.65,1084.80,1084.65,1084.75,2250,253350,1058.02,1082.10,1085.35
29.04.21 10:36:59,1087.65,1117.05,1087.65,1114.25,2325,253350,1059.56,1112.95,1116.30
29.04.21 10:37:59,1119.10,1119.10,1110.75,1118.05,3225,253350,1062.25,1117.10,1122.25
29.04.21 10:38:59,1126.00,1126.00,1118.35,1118.35,2250,253350,1064.22,1113.65,1118.55
29.04.21 10:39:59,1125.75,1129.50,1125.75,1129.50,3075,251850,1067.05,1125.50,1128.60
29.04.21 10:40:59,1133.25,1142.55,1132.40,1142.55,1725,251850,1068.72,1133.05,1138.95
29.04.21 10:41:59,1137.00,1140.05,1126.10,1126.10,3000,251850,1071.30,1123.05,1126.75
29.04.21 10:42:59,1122.40,1122.90,1122.40,1122.40,1125,232350,1072.06,1123.90,1127.20
29.04.21 10:43:59,1133.60,1133.60,1133.60,1133.60,375,232350,1072.36,1126.85,1129.55
29.04.21 10:44:59,1132.30,1132.30,1129.80,1130.55,525,232350,1072.76,1132.80,1134.75
29.04.21 10:45:59,1138.10,1142.85,1138.10,1142.40,2325,226950,1074.76,1130.65,1136.20
29.04.21 10:46:59,1129.55,1129.55,1129.55,1129.55,375,226950,1075.02,1127.30,1131.40
29.04.21 10:47:59,1133.00,1145.10,1133.00,1145.10,2100,222525,1076.63,1134.45,1137.80
29.04.21 10:48:59,1148.90,1151.15,1148.90,1151.15,450,222525,1077.03,1146.15,1150.65
29.04.21 10:49:59,1147.85,1147.85,1147.85,1147.85,75,222525,1077.10,1155.80,1158.95
29.04.21 10:50:59,1159.40,1159.40,1159.40,1159.40,225,222525,1077.32,1167.85,1172.30
29.04.21 10:51:59,1167.45,1167.45,1167.45,1167.45,375,218850,1077.74,1161.45,1164.10
29.04.21 10:52:59,1167.30,1176.25,1167.30,1171.90,1650,218850,1079.63,1169.95,1177.05
29.04.21 10:53:59,1183.50,1183.50,1183.50,1183.50,750,214575,1080.54,1183.75,1186.90
29.04.21 10:54:59,1180.00,1180.00,1180.00,1180.00,150,214575,1080.72,1174.00,1177.10
29.04.21 10:55:59,1166.65,1166.65,1161.65,1164.00,3150,214575,1083.76,1156.90,1160.20
29.04.21 10:56:59,1166.60,1166.60,1152.25,1152.25,825,211950,1084.49,1153.90,1157.45
29.04.21 10:57:59,1162.05,1167.00,1162.05,1167.00,150,211950,1084.62,1155.65,1162.20
29.04.21 10:58:59,1162.40,1162.40,1162.40,1162.40,750,0,1085.28,1155.15,1157.90
29.04.21 10:59:59,1167.45,1167.45,1167.45,1167.45,1200,211950,1086.35,1163.05,1169.00
29.04.21 11:00:59,1163.10,1163.10,1163.10,1163.10,150,209550,1086.48,1155.20,1159.05
29.04.21 11:02:59,1160.00,1160.00,1155.00,1155.00,1500,209550,1087.64,1151.90,1154.50
29.04.21 11:03:59,1158.00,1160.00,1158.00,1160.00,375,207600,1087.92,1168.80,1173.10
29.04.21 11:04:59,1183.35,1183.35,1179.50,1180.00,1350,207600,1089.27,1176.60,1180.25
29.04.21 11:05:59,1175.00,1175.00,1175.00,1175.00,300,207600,1089.54,1172.90,1175.30
29.04.21 11:06:59,1178.40,1179.00,1178.40,1179.00,300,207000,1089.82,1175.15,1178.10
29.04.21 11:07:59,1177.00,1177.00,1173.45,1174.60,900,207000,1090.63,1173.60,1177.20
29.04.21 11:08:59,1175.00,1175.00,1175.00,1175.00,1350,207000,1091.80,1172.15,1175.50
29.04.21 11:09:59,1176.00,1179.20,1176.00,1177.60,3000,204975,1094.37,1174.15,1177.15
29.04.21 11:10:59,1176.20,1176.20,1165.90,1165.90,1725,204975,1095.61,1157.30,1164.35
29.04.21 11:12:59,1171.00,1171.00,1171.00,1171.00,750,202425,1096.16,1163.00,1165.60
29.04.21 11:13:59,1168.35,1168.35,1168.35,1168.35,750,202425,1096.68,1162.65,1166.35
29.04.21 11:14:59,1163.00,1163.00,1163.00,1163.00,1500,202425,1097.64,1159.40,1162.70
29.04.21 11:16:59,1157.00,1157.00,1140.00,1142.15,1125,201600,1098.15,1134.05,1141.60
29.04.21 11:17:59,1131.00,1132.30,1130.80,1130.80,1800,201600,1098.71,1131.55,1135.50
29.04.21 11:18:59,1126.00,1126.00,1123.80,1123.80,1725,200775,1099.11,1123.35,1126.30
29.04.21 11:21:59,1122.00,1125.70,1113.00,1113.00,3000,200550,1099.71,1107.60,1111.35
29.04.21 11:22:59,1106.60,1106.60,1106.60,1106.60,1500,200550,1099.80,1106.00,1109.50
29.04.21 11:24:59,1105.00,1106.00,1105.00,1106.00,1125,200025,1099.86,1102.50,1105.90
29.04.21 11:25:59,1101.25,1101.25,1101.25,1101.25,75,200025,1099.86,1106.40,1109.10
29.04.21 11:27:59,1075.00,1075.00,1075.00,1075.00,75,199725,1099.84,1084.15,1087.80
29.04.21 11:28:59,1096.80,1100.15,1096.80,1100.15,825,199725,1099.84,1097.65,1101.30
29.04.21 11:30:59,1112.45,1137.95,1112.45,1137.95,525,198150,1099.97,1128.70,1132.10
29.04.21 11:35:59,1105.65,1105.65,1105.65,1105.65,750,197550,1100.01,1113.35,1117.40
29.04.21 11:36:59,1115.00,1115.00,1112.05,1112.05,1125,197475,1100.15,1111.05,1114.95
29.04.21 11:37:59,1119.00,1132.45,1119.00,1132.45,150,197475,1100.18,1126.55,1129.45
29.04.21 11:38:59,1122.95,1125.50,1122.95,1125.50,825,197475,1100.35,1121.35,1125.05
29.04.21 11:39:59,1125.05,1126.95,1125.05,1125.05,1200,196950,1100.60,1126.05,1128.55
29.04.21 11:40:59,1130.50,1132.10,1120.00,1120.00,2175,196950,1101.02,1118.05,1120.85
29.04.21 11:41:59,1125.20,1125.20,1125.20,1125.20,75,196950,1101.03,1123.00,1124.90
29.04.21 11:42:59,1125.00,1125.00,1123.00,1123.00,225,195825,1101.08,1121.05,1123.25
29.04.21 11:43:59,1121.00,1121.00,1120.00,1120.00,750,195825,1101.19,1113.60,1115.55
29.04.21 11:44:59,1115.00,1118.80,1115.00,1118.75,7650,195825,1102.24,1108.60,1113.65
29.04.21 11:45:59,1112.90,1112.90,1108.00,1108.00,1800,195150,1102.37,1105.30,1108.40
29.04.21 11:46:59,1104.65,1108.85,1104.65,1108.85,10650,195150,1102.73,1105.65,1108.80
29.04.21 11:47:59,1113.00,1116.15,1110.15,1112.60,9225,195150,1103.36,1112.55,1115.75
29.04.21 11:48:59,1108.00,1108.00,1108.00,1108.00,150,195075,1103.37,1106.15,1110.00
29.04.21 11:49:59,1106.00,1110.35,1106.00,1110.35,900,195075,1103.40,1106.65,1109.30
29.04.21 11:50:59,1105.00,1105.25,1103.95,1103.95,900,195075,1103.41,1098.85,1102.45
29.04.21 11:53:59,1092.35,1092.35,1092.35,1092.35,75,194775,1103.41,1089.10,1096.45
29.04.21 11:54:59,1095.55,1101.70,1092.95,1097.30,18975,194400,1102.46,1095.75,1099.40
29.04.21 11:55:59,1092.00,1092.00,1092.00,1092.00,75,194400,1102.46,1095.50,1099.00
29.04.21 11:56:59,1098.50,1100.10,1098.45,1099.90,11700,194400,1102.26,1097.05,1100.95
29.04.21 11:57:59,1112.50,1115.25,1110.35,1113.10,7575,194400,1102.66,1110.05,1113.05
29.04.21 11:58:59,1113.85,1113.85,1110.00,1112.65,750,194400,1102.70,1108.40,1111.75
29.04.21 11:59:59,1126.40,1126.40,1126.40,1126.40,225,194400,1102.73,1120.00,1124.30
29.04.21 12:01:59,1119.00,1119.00,1119.00,1119.00,2925,194025,1102.96,1116.45,1119.85
29.04.21 12:04:59,1114.00,1114.00,1114.00,1114.00,75,193275,1102.97,1111.65,1114.65
29.04.21 12:05:59,1110.00,1110.00,1107.00,1107.00,300,193275,1102.98,1098.20,1101.75
29.04.21 12:06:59,1102.85,1103.05,1102.85,1103.05,675,193125,1102.98,1105.20,1105.90
29.04.21 12:07:59,1105.20,1105.20,1104.00,1104.00,375,193125,1102.98,1099.30,1103.25
29.04.21 12:08:59,1104.00,1104.00,1104.00,1104.00,75,193125,1102.98,1102.15,1104.80
29.04.21 12:10:59,1101.20,1101.20,1101.20,1101.20,150,190200,1102.98,1107.65,1109.90
29.04.21 12:14:59,1112.00,1112.00,1111.00,1111.00,150,189975,1102.99,1090.60,1096.70
29.04.21 12:17:59,1102.75,1102.75,1102.75,1102.75,75,188550,1102.99,1103.40,1105.45
29.04.21 12:18:59,1108.10,1108.10,1108.10,1108.10,150,186825,1102.99,1102.15,1104.45
29.04.21 12:20:59,1103.00,1103.00,1103.00,1103.00,75,186825,1102.99,1098.45,1101.40
29.04.21 12:22:59,1111.10,1111.10,1111.10,1111.10,75,186600,1102.99,1110.10,1112.75
29.04.21 12:24:59,1106.90,1106.90,1106.90,1106.90,225,186600,1103.00,1104.30,1106.70
29.04.21 12:25:59,1104.75,1104.75,1104.75,1104.75,75,186600,1103.00,1106.70,1108.90
29.04.21 12:26:59,1103.70,1103.70,1103.70,1103.70,75,186600,1103.00,1098.70,1100.90
29.04.21 12:27:59,1099.65,1099.65,1099.65,1099.65,75,186600,1103.00,1093.25,1095.95
29.04.21 12:32:59,1086.45,1086.45,1086.45,1086.45,75,185625,1102.99,1103.05,1105.70
29.04.21 12:35:59,1094.70,1097.10,1094.70,1097.10,1725,185625,1102.94,1091.20,1094.70
29.04.21 12:40:59,1105.80,1105.80,1105.80,1105.80,225,185325,1102.94,1100.15,1102.80
29.04.21 12:43:59,1097.75,1097.75,1097.75,1097.75,300,185250,1102.93,1095.10,1097.65
29.04.21 12:45:59,1100.05,1100.05,1096.00,1096.00,675,185250,1102.92,1091.40,1093.85
29.04.21 12:46:59,1093.00,1095.10,1093.00,1095.10,375,185250,1102.90,1097.20,1099.30
29.04.21 12:51:59,1075.00,1075.00,1075.00,1075.00,75,184725,1102.89,1058.80,1062.00
29.04.21 12:53:59,1067.35,1067.35,1067.30,1067.30,150,184725,1102.87,1063.85,1066.55
29.04.21 12:55:59,1070.30,1072.00,1070.30,1072.00,375,184575,1102.81,1070.90,1073.35
29.04.21 13:00:59,1065.00,1065.00,1065.00,1065.00,225,184575,1102.77,1063.65,1066.00
29.04.21 13:03:59,1064.55,1064.55,1060.10,1060.10,375,184575,1102.69,1060.00,1062.50
29.04.21 13:04:59,1060.00,1060.00,1059.25,1059.25,2100,184575,1102.26,1055.85,1058.40
29.04.21 13:05:59,1052.00,1054.35,1048.15,1048.15,1200,184575,1101.96,1047.95,1051.20
29.04.21 13:06:59,1052.20,1052.20,1052.15,1052.15,150,184575,1101.93,1053.45,1056.15
29.04.21 13:07:59,1054.60,1054.60,1054.60,1054.60,150,184575,1101.89,1050.30,1052.60
29.04.21 13:08:59,1054.55,1054.55,1054.55,1054.55,150,184575,1101.86,1048.20,1050.95
29.04.21 13:09:59,1051.80,1052.95,1051.80,1052.95,300,184500,1101.79,1052.65,1055.35
29.04.21 13:10:59,1057.35,1069.35,1057.35,1065.25,975,184500,1101.61,1063.90,1066.65
29.04.21 13:11:59,1074.45,1099.90,1074.45,1099.90,1725,184500,1101.45,1099.55,1103.90
29.04.21 13:12:59,1093.35,1093.35,1093.35,1093.35,375,184500,1101.43,1084.50,1089.65
29.04.21 13:13:59,1080.00,1080.00,1080.00,1080.00,600,184500,1101.37,1082.45,1084.85
29.04.21 13:15:59,1085.00,1085.00,1080.00,1080.00,1575,184275,1101.23,1082.45,1085.00
29.04.21 13:16:59,1084.85,1084.85,1084.85,1084.85,75,184275,1101.22,1082.30,1085.35
29.04.21 13:19:59,1075.00,1075.00,1075.00,1075.00,600,183900,1101.15,1071.50,1073.45
29.04.21 13:20:59,1066.15,1066.60,1066.15,1066.60,225,183900,1101.11,1056.05,1058.80
29.04.21 13:23:59,1058.00,1058.00,1058.00,1058.00,600,181950,1100.99,1062.05,1064.05
29.04.21 13:24:59,1065.90,1065.90,1065.90,1065.90,75,181950,1100.98,1067.95,1069.30
29.04.21 13:28:59,1068.35,1068.35,1068.35,1068.35,150,181575,1100.96,1063.90,1065.70
29.04.21 13:32:59,1069.55,1069.55,1069.55,1069.55,75,181350,1100.95,1060.95,1064.30
29.04.21 13:35:59,1062.45,1062.45,1062.45,1062.45,75,181350,1100.93,1062.00,1064.30
29.04.21 13:39:59,1063.80,1063.80,1063.80,1063.80,75,181350,1100.92,1062.35,1064.55
29.04.21 13:41:59,1058.90,1060.05,1058.90,1060.05,1650,181350,1100.61,1061.20,1063.30
29.04.21 13:42:59,1063.00,1063.00,1050.00,1050.00,2550,181275,1100.11,1045.50,1048.50
29.04.21 13:44:59,1052.45,1055.50,1052.45,1055.50,1350,181275,1099.83,1055.90,1058.55
29.04.21 13:45:59,1061.40,1084.20,1061.40,1066.25,1650,181200,1099.65,1063.80,1066.35
29.04.21 13:46:59,1071.15,1071.15,1071.15,1071.15,75,181200,1099.64,1074.15,1078.60
29.04.21 13:47:59,1076.25,1080.85,1073.80,1073.80,525,181200,1099.59,1077.40,1080.05
29.04.21 13:48:59,1078.70,1079.60,1078.70,1079.60,150,181200,1099.57,1072.25,1074.80
29.04.21 13:49:59,1073.80,1073.85,1073.80,1073.85,450,181200,1099.52,1075.05,1076.95
29.04.21 13:50:59,1073.25,1073.25,1073.25,1073.25,150,181200,1099.50,1070.55,1074.45
29.04.21 13:51:59,1071.60,1072.55,1071.60,1072.55,600,177825,1099.43,1073.30,1074.90
29.04.21 13:52:59,1073.25,1073.25,1071.40,1071.40,450,177825,1099.38,1067.15,1069.75
29.04.21 13:53:59,1069.65,1071.75,1069.65,1071.75,600,177825,1099.30,1069.10,1070.80
29.04.21 13:54:59,1071.20,1071.20,1071.20,1071.20,75,177825,1099.29,1075.85,1078.20
29.04.21 13:56:59,1092.20,1099.90,1092.20,1099.90,150,175350,1099.29,1094.50,1096.20
29.04.21 13:57:59,1102.70,1102.70,1102.70,1102.70,150,174675,1099.29,1104.90,1107.90
29.04.21 13:59:59,1106.45,1111.50,1106.45,1111.50,225,174675,1099.30,1111.30,1113.80
29.04.21 14:00:59,1112.10,1112.10,1112.10,1112.10,75,174675,1099.31,1108.95,1110.10
29.04.21 14:01:59,1117.75,1117.80,1117.75,1117.80,750,174000,1099.37,1117.30,1121.30
29.04.21 14:02:59,1120.00,1120.30,1120.00,1120.30,225,174000,1099.39,1116.35,1119.75
29.04.21 14:05:59,1122.85,1122.85,1115.00,1115.00,300,172875,1099.42,1119.25,1124.80
29.04.21 14:06:59,1116.15,1116.15,1116.15,1116.15,75,172875,1099.42,1116.00,1118.10
29.04.21 14:07:59,1119.00,1128.15,1119.00,1125.00,1275,172725,1099.55,1123.05,1125.35
29.04.21 14:08:59,1122.30,1122.30,1118.20,1118.20,375,172725,1099.58,1116.05,1117.75
29.04.21 14:10:59,1115.00,1115.00,1100.00,1100.00,300,172725,1099.60,1083.75,1090.60
29.04.21 14:11:59,1090.85,1093.85,1090.85,1093.85,150,172725,1099.59,1092.70,1094.95
29.04.21 14:12:59,1093.35,1093.35,1093.35,1093.35,300,172725,1099.58,1092.00,1096.40
29.04.21 14:13:59,1097.90,1097.90,1095.15,1095.15,300,172650,1099.58,1094.30,1096.90
29.04.21 14:14:59,1097.45,1097.45,1094.15,1094.15,300,172650,1099.57,1097.80,1101.30
29.04.21 14:15:59,1102.20,1102.20,1102.20,1102.20,75,172650,1099.57,1102.75,1108.15
29.04.21 14:16:59,1112.15,1112.15,1108.40,1108.40,375,172425,1099.59,1107.30,1110.35
29.04.21 14:17:59,1105.00,1105.00,1105.00,1105.00,150,172425,1099.60,1103.00,1107.00
29.04.21 14:18:59,1100.00,1100.00,1095.00,1095.00,225,172575,1099.59,1094.40,1098.75
29.04.21 14:19:59,1096.55,1096.55,1094.30,1094.30,300,172575,1099.59,1091.55,1095.60
29.04.21 14:20:59,1091.30,1091.30,1091.30,1091.30,150,172575,1099.58,1091.45,1095.35
29.04.21 14:25:59,1092.00,1092.00,1091.30,1091.30,1575,172425,1099.53,1087.65,1090.35
29.04.21 14:26:59,1088.00,1096.95,1088.00,1096.95,1350,172425,1099.47,1094.60,1098.05
29.04.21 14:27:59,1099.10,1099.10,1097.00,1097.45,2700,172275,1099.46,1096.20,1099.25
29.04.21 14:34:59,1102.25,1102.25,1101.25,1101.25,225,171450,1099.46,1098.00,1100.40
29.04.21 14:35:59,1095.00,1095.00,1095.00,1095.00,75,171450,1099.46,1095.65,1099.75
29.04.21 14:36:59,1093.25,1093.25,1085.00,1085.00,300,171450,1099.45,1078.90,1081.85
29.04.21 14:37:59,1080.00,1080.00,1080.00,1080.00,150,171450,1099.44,1075.25,1079.85
29.04.21 14:39:59,1084.85,1084.85,1084.85,1084.85,75,171450,1099.43,1083.70,1086.05
29.04.21 14:40:59,1083.70,1083.70,1081.25,1081.25,300,171225,1099.41,1085.25,1087.80
29.04.21 14:41:59,1094.70,1094.70,1094.70,1094.70,225,171225,1099.41,1087.60,1090.10
29.04.21 14:43:59,1090.00,1090.00,1087.60,1087.60,225,171000,1099.40,1091.05,1094.10
29.04.21 14:46:59,1096.40,1096.40,1088.20,1088.20,900,171000,1099.38,1085.30,1088.00
29.04.21 14:47:59,1092.00,1092.00,1092.00,1092.00,75,171000,1099.38,1092.15,1095.75
29.04.21 14:48:59,1096.00,1096.00,1092.00,1092.00,150,171000,1099.37,1088.10,1091.50
29.04.21 14:50:59,1085.00,1086.05,1085.00,1086.05,150,171000,1099.36,1086.10,1088.75
29.04.21 14:56:59,1110.00,1117.05,1110.00,1117.05,300,171000,1099.38,1098.70,1103.30
29.04.21 14:57:59,1099.65,1099.65,1099.65,1099.65,75,171000,1099.38,1095.40,1098.65
29.04.21 14:59:59,1095.00,1095.00,1090.00,1090.00,150,171000,1099.37,1092.05,1095.90
29.04.21 15:03:59,1085.00,1085.00,1085.00,1085.00,75,171000,1099.37,1082.25,1085.60
29.04.21 15:04:59,1080.00,1080.00,1080.00,1080.00,75,171000,1099.36,1084.20,1087.15
29.04.21 15:06:59,1099.30,1099.30,1099.30,1099.30,75,171000,1099.36,1097.30,1100.40
29.04.21 15:07:59,1095.00,1095.00,1095.00,1095.00,75,170925,1099.36,1095.00,1096.35
29.04.21 15:08:59,1095.00,1095.75,1095.00,1095.75,150,170925,1099.36,1095.55,1098.30
29.04.21 15:09:59,1100.00,1100.00,1100.00,1100.00,75,170625,1099.36,1098.25,1101.30
29.04.21 15:10:59,1097.50,1102.05,1097.50,1102.05,150,170625,1099.36,1100.65,1102.90
29.04.21 15:11:59,1105.00,1105.00,1101.00,1101.00,600,170625,1099.37,1099.50,1102.00
29.04.21 15:12:59,1101.20,1101.20,1101.20,1101.20,75,170625,1099.37,1103.10,1106.10
29.04.21 15:14:59,1104.00,1104.00,1104.00,1104.00,75,170700,1099.37,1102.65,1104.95
29.04.21 15:16:59,1104.00,1104.00,1104.00,1104.00,150,170550,1099.37,1103.80,1105.85
29.04.21 15:18:59,1107.90,1107.90,1107.90,1107.90,300,170550,1099.39,1104.80,1106.85
29.04.21 15:20:59,1105.00,1106.35,1104.00,1106.35,2250,170625,1099.43,1105.50,1107.60
29.04.21 15:23:59,1107.00,1107.00,1107.00,1107.00,2250,170400,1099.50,1107.00,1108.00
29.04.21 15:25:59,1107.00,1107.00,1107.00,1107.00,2700,170400,1099.58,1106.00,1107.10
29.04.21 15:27:59,1106.90,1109.45,1106.90,1107.90,1875,170400,1099.65,1107.00,1107.35
29.04.21 15:28:59,1107.40,1107.40,1107.40,1107.40,3600,168225,1099.76,1106.00,1106.75
29.04.21 15:30:00,1106.00,1106.75,1105.50,1105.50,450,168225,1099.77,1105.50,1106.50
