0,1,2,3,4,5,6,7,8,9
13.04.21 09:15:59,22.60,22.75,22.60,22.75,50,0,22.67,19.25,28.75
13.04.21 09:16:59,24.15,29.80,18.00,19.00,2300,0,20.68,18.60,19.30
13.04.21 09:17:59,18.45,20.00,17.35,18.10,1250,900,19.94,19.00,19.10
13.04.21 09:18:59,18.75,20.15,18.75,19.85,2175,900,19.76,19.75,20.00
13.04.21 09:19:59,19.80,21.85,19.80,20.80,3325,900,20.09,21.25,21.55
13.04.21 09:20:59,21.25,23.40,21.25,22.65,2175,2475,20.57,22.55,22.65
13.04.21 09:21:59,22.65,22.65,18.50,19.05,3575,2475,20.47,19.00,19.25
13.04.21 09:22:59,18.70,19.55,17.60,18.85,1125,2475,20.36,18.95,19.10
13.04.21 09:23:59,18.20,18.80,16.95,16.95,1475,4525,20.17,16.80,17.10
13.04.21 09:24:59,16.90,17.50,16.65,17.45,1250,4525,19.95,17.40,17.55
13.04.21 09:25:59,17.55,18.60,16.95,18.60,9700,4525,19.07,18.40,18.60
13.04.21 09:26:59,18.65,19.00,18.50,19.00,7500,4400,19.02,18.45,18.65
13.04.21 09:27:59,18.65,18.75,18.00,18.35,1175,4400,19.00,18.20,18.35
13.04.21 09:28:59,18.20,19.25,18.00,18.85,1825,4400,18.98,18.70,18.85
13.04.21 09:29:59,18.55,19.05,18.55,18.80,1300,10925,18.98,18.80,19.00
13.04.21 09:30:59,18.80,20.05,18.50,20.00,1900,10925,18.99,19.90,20.05
13.04.21 09:31:59,19.85,20.65,19.45,20.35,950,10925,19.02,20.70,20.90
13.04.21 09:32:59,20.90,20.90,20.05,20.35,875,11750,19.04,20.35,20.65
13.04.21 09:33:59,20.25,20.75,20.25,20.45,425,11750,19.06,19.85,20.15
13.04.21 09:34:59,19.70,22.95,19.70,22.75,1300,11750,19.12,22.25,22.40
13.04.21 09:35:59,22.15,22.90,21.55,22.05,950,11675,19.18,22.20,22.35
13.04.21 09:36:59,22.30,22.30,20.95,21.75,1575,11675,19.26,21.60,21.80
13.04.21 09:37:59,21.50,21.80,21.35,21.65,1100,11675,19.31,21.25,21.40
13.04.21 09:38:59,21.40,21.40,21.20,21.20,175,12525,19.31,21.30,21.50
13.04.21 09:39:59,21.10,21.55,20.65,20.75,1275,12525,19.36,20.55,20.80
13.04.21 09:40:59,20.50,21.50,20.50,21.10,875,12525,19.38,20.70,20.85
13.04.21 09:41:59,20.45,21.75,20.45,20.80,1000,13025,19.41,20.60,20.80
13.04.21 09:42:59,20.60,21.25,20.45,20.60,375,13025,19.42,20.30,20.45
13.04.21 09:43:59,20.20,20.50,19.55,20.15,1700,13025,19.44,20.05,20.20
13.04.21 09:44:59,20.25,20.60,19.55,19.90,575,13100,19.45,19.95,20.10
13.04.21 09:45:59,19.85,19.90,19.35,19.85,725,13100,19.45,20.45,20.65
13.04.21 09:46:59,20.25,20.50,19.45,19.45,300,13100,19.45,19.70,20.05
13.04.21 09:47:59,19.90,20.10,19.70,20.10,275,12700,19.45,19.75,19.90
13.04.21 09:48:59,19.90,20.05,19.45,19.45,925,12700,19.46,19.05,19.35
13.04.21 09:49:59,19.00,19.55,17.95,18.25,500,12700,19.45,18.35,18.55
13.04.21 09:50:59,18.30,18.90,17.95,18.45,1050,12500,19.43,18.40,18.55
13.04.21 09:51:59,18.25,18.65,17.95,17.95,1075,12500,19.41,17.80,17.90
13.04.21 09:52:59,17.80,17.90,17.20,17.35,1050,12500,19.38,17.30,17.45
13.04.21 09:53:59,17.30,17.90,16.60,17.85,2275,13450,19.30,17.70,17.85
13.04.21 09:54:59,17.45,18.00,17.45,18.00,750,13450,19.28,17.90,18.05
13.04.21 09:55:59,18.15,18.35,17.85,18.35,1050,13450,19.26,18.15,18.30
13.04.21 09:56:59,18.30,18.60,18.15,18.35,250,13825,19.26,18.20,18.40
13.04.21 09:57:59,18.10,18.10,17.05,17.10,1150,13825,19.22,17.00,17.15
13.04.21 09:58:59,17.30,17.35,16.55,16.55,775,13825,19.20,16.50,16.65
13.04.21 09:59:59,16.30,16.60,16.30,16.40,875,13450,19.16,16.45,16.60
13.04.21 10:00:59,16.30,16.30,15.25,16.00,4450,13450,18.96,16.20,16.35
13.04.21 10:01:59,16.45,17.75,16.45,17.15,2225,13450,18.90,17.30,17.40
13.04.21 10:02:59,16.75,17.55,16.40,17.10,1225,14750,18.87,17.05,17.15
13.04.21 10:03:59,17.40,17.65,17.00,17.05,1950,14750,18.83,17.25,17.40
13.04.21 10:04:59,16.90,17.55,16.35,17.40,525,14750,18.82,17.20,17.50
13.04.21 10:05:59,17.30,17.65,17.15,17.65,825,14150,18.80,17.40,17.55
13.04.21 10:06:59,17.40,17.50,17.15,17.40,775,14150,18.79,17.40,17.55
13.04.21 10:07:59,17.20,17.40,17.00,17.05,325,14150,18.78,16.85,17.00
13.04.21 10:08:59,16.90,16.90,16.60,16.70,925,14150,18.76,16.55,16.75
13.04.21 10:09:59,16.70,16.70,16.70,16.70,25,14150,18.76,16.65,16.80
13.04.21 10:10:59,16.70,17.30,16.50,17.00,1725,14150,18.72,16.75,16.95
13.04.21 10:11:59,16.55,19.20,16.55,19.15,2000,14325,18.71,19.10,19.30
13.04.21 10:12:59,19.10,19.10,17.70,18.00,1550,14325,18.70,17.95,18.10
13.04.21 10:13:59,17.70,18.15,17.60,17.70,1100,14325,18.69,17.70,17.85
13.04.21 10:14:59,17.70,18.00,17.50,17.50,575,14050,18.68,17.45,17.60
13.04.21 10:15:59,17.55,17.95,17.25,17.40,450,14050,18.68,17.25,17.35
13.04.21 10:16:59,17.40,17.40,16.80,16.80,600,14050,18.66,16.90,17.05
13.04.21 10:17:59,16.90,17.10,16.60,16.60,425,13400,18.66,16.65,16.80
13.04.21 10:18:59,16.90,17.25,16.90,17.15,250,13400,18.65,17.20,17.35
13.04.21 10:19:59,17.30,17.60,17.30,17.35,375,13400,18.65,17.40,17.60
13.04.21 10:20:59,17.65,17.90,17.20,17.45,925,13525,18.64,17.35,17.55
13.04.21 10:21:59,18.00,18.05,17.60,18.05,150,13525,18.63,17.90,18.10
13.04.21 10:22:59,17.85,17.85,17.65,17.65,175,13525,18.63,17.65,17.80
13.04.21 10:23:59,17.75,17.75,17.05,17.05,1150,13375,18.62,16.85,17.00
13.04.21 10:24:59,16.80,16.80,16.45,16.75,2500,13375,18.56,16.75,16.90
13.04.21 10:25:59,16.65,17.05,16.45,16.50,925,13375,18.54,16.35,16.45
13.04.21 10:26:59,16.45,16.70,16.30,16.50,1550,15775,18.51,16.55,16.70
13.04.21 10:27:59,16.60,17.00,16.55,17.00,175,15775,18.51,16.90,17.10
13.04.21 10:28:59,17.20,17.45,17.15,17.35,500,15775,18.50,17.20,17.35
13.04.21 10:29:59,17.20,17.55,17.10,17.40,2175,16125,18.47,17.35,17.55
13.04.21 10:30:59,17.90,18.35,17.60,17.85,525,16125,18.47,17.65,17.80
13.04.21 10:31:59,17.85,18.00,17.75,17.85,1350,16125,18.46,17.65,17.80
13.04.21 10:32:59,17.80,18.40,17.70,17.70,1025,15450,18.46,17.75,17.90
13.04.21 10:33:59,17.95,18.20,17.55,17.90,1100,15450,18.45,17.75,17.90
13.04.21 10:34:59,17.75,18.50,17.75,18.15,725,15450,18.45,18.00,18.25
13.04.21 10:35:59,18.05,18.15,17.10,17.50,1050,15200,18.44,17.75,17.90
13.04.21 10:36:59,17.75,17.75,16.80,17.15,900,15200,18.43,17.05,17.20
13.04.21 10:37:59,17.15,17.75,16.80,17.55,575,15200,18.43,17.25,17.40
13.04.21 10:38:59,17.35,19.15,17.35,18.10,1450,15800,18.43,18.20,18.35
13.04.21 10:39:59,18.45,19.95,18.45,18.85,1500,15800,18.44,18.65,18.85
13.04.21 10:40:59,18.55,20.65,18.20,20.65,3275,15800,18.47,20.60,20.80
13.04.21 10:41:59,20.65,21.55,19.60,19.60,3500,16325,18.54,19.40,19.65
13.04.21 10:42:59,19.75,19.75,19.25,19.25,800,16325,18.55,18.75,18.90
13.04.21 10:43:59,18.65,19.30,18.65,18.95,1725,16325,18.55,19.00,19.15
13.04.21 10:44:59,19.15,19.15,19.00,19.15,350,16375,18.55,19.20,19.35
13.04.21 10:45:59,19.40,19.85,19.05,19.70,600,16375,18.56,19.45,19.65
13.04.21 10:46:59,19.25,19.35,18.90,19.30,400,16375,18.56,19.10,19.30
13.04.21 10:47:59,19.05,19.35,18.75,19.35,1400,16175,18.57,19.10,19.25
13.04.21 10:48:59,19.25,19.65,19.25,19.45,500,16175,18.57,19.45,19.60
13.04.21 10:49:59,19.15,19.35,18.75,18.80,250,16175,18.57,18.55,18.75
13.04.21 10:50:59,19.00,19.30,18.80,18.95,675,16175,18.58,18.65,18.80
13.04.21 10:51:59,18.55,19.10,18.35,19.00,1200,15675,18.58,18.85,19.00
13.04.21 10:52:59,19.00,19.15,18.75,18.75,175,15675,18.58,18.40,18.55
13.04.21 10:53:59,18.75,19.25,18.75,19.20,800,15950,18.58,19.15,19.30
13.04.21 10:54:59,19.40,19.65,19.30,19.30,650,15950,18.58,19.30,19.45
13.04.21 10:55:59,19.45,19.60,18.90,18.90,825,15950,18.59,18.90,19.05
13.04.21 10:56:59,19.05,19.60,19.05,19.30,750,15950,18.59,19.40,19.50
13.04.21 10:57:59,19.45,19.70,19.40,19.50,250,16075,18.59,19.30,19.45
13.04.21 10:58:59,19.50,19.50,18.80,18.90,925,16075,18.60,18.80,19.00
13.04.21 10:59:59,19.35,19.60,19.05,19.60,850,16775,18.60,19.30,19.45
13.04.21 11:00:59,19.40,19.90,19.25,19.90,1350,16775,18.61,19.60,19.75
13.04.21 11:01:59,19.45,19.75,19.25,19.75,700,16775,18.62,19.60,19.80
13.04.21 11:02:59,19.50,19.80,19.50,19.80,900,16775,18.63,19.55,19.70
13.04.21 11:03:59,19.70,20.05,19.40,19.40,1600,16700,18.64,19.40,19.60
13.04.21 11:04:59,19.40,19.40,19.25,19.35,350,16700,18.64,19.10,19.30
13.04.21 11:05:59,19.50,19.85,19.50,19.55,1650,18025,18.65,19.45,19.60
13.04.21 11:06:59,19.85,19.85,19.60,19.70,875,18025,18.66,19.30,19.45
13.04.21 11:07:59,19.45,19.50,19.40,19.40,325,18025,18.66,19.50,19.65
13.04.21 11:08:59,19.30,19.55,19.20,19.55,275,17975,18.66,19.60,19.80
13.04.21 11:09:59,19.60,19.60,19.40,19.60,1500,17975,18.67,19.50,19.60
13.04.21 11:10:59,19.40,19.70,19.05,19.55,1075,17975,18.68,19.35,19.50
13.04.21 11:11:59,19.25,19.85,19.25,19.75,1725,18125,18.69,19.80,19.95
13.04.21 11:12:59,19.80,20.75,19.80,20.00,450,18125,18.70,19.70,19.85
13.04.21 11:13:59,19.85,20.10,19.85,19.95,550,18125,18.70,19.65,19.80
13.04.21 11:14:59,19.70,20.00,19.50,20.00,900,18600,18.71,19.75,19.90
13.04.21 11:15:59,19.85,20.65,19.85,20.30,1900,18600,18.73,20.25,20.45
13.04.21 11:16:59,20.85,21.05,20.45,20.90,1425,18600,18.75,20.65,20.85
13.04.21 11:17:59,20.90,20.90,19.70,20.10,925,18725,18.76,20.10,20.25
13.04.21 11:18:59,20.30,20.45,19.15,19.15,1075,18725,18.76,19.05,19.20
13.04.21 11:19:59,18.95,19.30,18.70,19.25,1825,18725,18.77,19.10,19.30
13.04.21 11:20:59,19.15,19.40,18.95,18.95,200,18175,18.77,18.90,19.00
13.04.21 11:21:59,19.15,19.30,19.15,19.30,375,18175,18.77,19.20,19.35
13.04.21 11:22:59,19.15,19.25,18.90,19.20,325,18175,18.77,19.05,19.20
13.04.21 11:23:59,19.25,19.25,18.25,18.25,1100,18175,18.77,18.10,18.30
13.04.21 11:24:59,18.05,18.60,18.05,18.40,975,18175,18.76,18.55,18.70
13.04.21 11:25:59,18.60,18.70,18.25,18.70,800,18175,18.76,18.60,18.80
13.04.21 11:26:59,18.55,19.00,18.55,19.00,200,19225,18.76,18.90,19.05
13.04.21 11:27:59,18.90,18.90,18.35,18.35,350,19225,18.76,18.25,18.45
13.04.21 11:28:59,18.45,18.75,18.45,18.65,250,19225,18.76,18.45,18.65
13.04.21 11:29:59,18.45,18.75,18.40,18.40,200,19225,18.76,18.50,18.65
13.04.21 11:30:59,18.65,19.15,18.65,19.10,275,18500,18.76,18.95,19.25
13.04.21 11:31:59,19.35,19.90,19.35,19.90,400,18500,18.76,19.75,19.85
13.04.21 11:32:59,19.95,20.10,19.65,19.95,350,18650,18.77,19.75,20.05
13.04.21 11:33:59,19.90,19.95,19.15,19.30,600,18650,18.77,19.15,19.50
13.04.21 11:34:59,19.10,19.55,19.10,19.55,100,18650,18.77,19.20,19.40
13.04.21 11:35:59,19.05,19.30,18.65,19.00,650,18650,18.77,19.20,19.55
13.04.21 11:36:59,19.65,20.35,19.60,20.20,800,18300,18.78,19.50,19.70
13.04.21 11:37:59,19.30,19.85,19.05,19.65,850,18300,18.78,19.95,20.20
13.04.21 11:38:59,20.25,20.40,19.55,19.55,925,18300,18.79,19.50,19.65
13.04.21 11:39:59,20.15,20.15,19.55,19.95,975,18350,18.80,19.80,20.00
13.04.21 11:40:59,20.25,20.90,19.75,20.70,1175,18350,18.81,20.30,20.50
13.04.21 11:41:59,20.40,20.85,19.90,20.30,350,18350,18.81,20.50,20.70
13.04.21 11:42:59,20.35,21.35,20.20,21.25,1700,18475,18.83,21.05,21.25
13.04.21 11:43:59,21.05,21.25,20.10,20.45,1750,18475,18.85,20.40,20.60
13.04.21 11:44:59,20.50,20.50,19.85,20.25,1000,19025,18.86,20.20,20.40
13.04.21 11:45:59,20.35,20.35,19.15,19.15,1225,19025,18.86,19.25,19.45
13.04.21 11:46:59,19.35,19.45,19.20,19.45,1275,19025,18.87,19.35,19.55
13.04.21 11:47:59,19.95,20.30,19.55,20.20,1400,19025,18.88,20.10,20.30
13.04.21 11:48:59,20.05,20.05,19.65,19.65,450,20275,18.88,19.75,19.95
13.04.21 11:49:59,20.15,20.25,20.00,20.25,375,20275,18.88,20.05,20.25
13.04.21 11:50:59,20.30,20.30,20.10,20.10,450,20275,18.89,20.00,20.25
13.04.21 11:51:59,20.10,20.20,19.80,19.80,150,20675,18.89,19.95,20.15
13.04.21 11:52:59,20.25,20.45,20.10,20.10,375,20675,18.89,19.75,19.90
13.04.21 11:53:59,19.85,20.30,19.85,20.20,700,20675,18.90,19.85,20.05
13.04.21 11:54:59,20.20,20.75,20.05,20.40,350,20150,18.90,19.95,20.25
13.04.21 11:55:59,20.15,20.20,19.90,20.20,500,20150,18.90,20.00,20.20
13.04.21 11:56:59,20.35,20.35,19.45,19.80,1475,20150,18.91,19.55,19.75
13.04.21 11:57:59,19.95,19.95,19.65,19.70,700,20950,18.91,19.65,19.85
13.04.21 11:59:59,19.35,19.85,19.35,19.70,1275,20950,18.92,19.70,19.90
13.04.21 12:00:59,19.55,19.85,19.50,19.85,325,20425,18.92,19.65,19.85
13.04.21 12:01:59,19.75,19.75,19.20,19.45,250,20425,18.92,19.35,19.50
13.04.21 12:02:59,19.25,19.35,18.65,18.85,350,20425,18.92,18.85,19.10
13.04.21 12:03:59,19.05,19.40,19.00,19.20,450,20700,18.92,18.95,19.45
13.04.21 12:04:59,19.15,19.15,18.75,18.85,75,20700,18.92,18.75,19.15
13.04.21 12:05:59,18.80,19.00,18.65,19.00,800,20700,18.92,19.20,19.40
13.04.21 12:06:59,18.95,19.25,18.70,19.05,450,20575,18.92,18.90,19.10
13.04.21 12:07:59,19.15,19.55,19.15,19.40,675,20575,18.92,19.40,19.50
13.04.21 12:08:59,19.45,19.75,19.45,19.50,475,20575,18.92,19.35,19.50
13.04.21 12:09:59,19.60,19.75,19.60,19.75,125,20975,18.92,19.95,20.30
13.04.21 12:10:59,19.65,20.20,19.65,20.20,200,20975,18.93,20.05,20.20
13.04.21 12:11:59,20.20,20.70,20.20,20.30,475,20975,18.93,20.25,20.45
13.04.21 12:12:59,20.45,20.45,19.65,19.65,75,21175,18.93,19.45,19.90
13.04.21 12:13:59,19.90,19.90,19.65,19.65,275,21175,18.93,19.70,20.05
13.04.21 12:14:59,19.70,19.80,19.00,19.05,700,21175,18.93,18.70,18.85
13.04.21 12:15:59,18.70,18.90,18.70,18.85,1450,21200,18.93,19.00,19.15
13.04.21 12:16:59,18.90,18.90,18.50,18.70,475,21200,18.93,18.80,18.95
13.04.21 12:17:59,18.30,18.90,18.20,18.55,800,21200,18.93,18.30,18.50
13.04.21 12:18:59,18.30,18.65,18.05,18.05,575,22075,18.93,18.00,18.20
13.04.21 12:19:59,17.90,18.25,17.80,17.80,250,22075,18.93,17.75,17.90
13.04.21 12:20:59,18.00,18.15,17.80,18.15,225,22075,18.93,17.80,17.95
13.04.21 12:21:59,18.05,18.10,17.65,18.00,400,22300,18.93,18.10,18.25
13.04.21 12:22:59,18.10,18.60,18.10,18.60,250,22300,18.92,18.20,18.40
13.04.21 12:23:59,18.30,18.35,17.85,17.90,350,22300,18.92,18.00,18.15
13.04.21 12:24:59,18.10,18.30,17.85,18.15,550,22275,18.92,18.05,18.25
13.04.21 12:25:59,18.05,18.25,18.05,18.25,125,22275,18.92,17.90,18.05
13.04.21 12:26:59,17.90,18.15,17.90,18.15,200,22275,18.92,17.80,17.95
13.04.21 12:27:59,18.05,18.10,17.80,17.80,100,22075,18.92,17.75,17.90
13.04.21 12:28:59,17.90,17.90,17.40,17.50,425,22075,18.92,17.45,17.90
13.04.21 12:29:59,17.50,18.20,17.45,17.95,1275,22075,18.91,17.80,18.10
13.04.21 12:30:59,17.85,17.85,16.60,16.60,1150,22050,18.90,16.55,16.80
13.04.21 12:31:59,16.70,17.00,15.60,15.90,2850,22050,18.86,15.85,15.95
13.04.21 12:32:59,15.95,15.95,15.75,15.95,275,22050,18.85,15.80,15.95
13.04.21 12:33:59,15.95,16.30,15.95,16.00,775,22575,18.84,15.85,16.05
13.04.21 12:34:59,16.25,16.25,15.90,15.90,400,22575,18.84,15.90,16.15
13.04.21 12:35:59,16.00,16.25,15.95,16.25,575,22575,18.83,16.05,16.25
13.04.21 12:36:59,15.90,16.50,15.85,16.45,575,22650,18.82,16.50,16.65
13.04.21 12:37:59,16.50,16.55,16.30,16.55,625,22650,18.81,16.35,16.50
13.04.21 12:38:59,16.65,16.65,16.60,16.60,200,22650,18.81,16.35,16.50
13.04.21 12:39:59,16.50,16.75,16.40,16.40,400,22075,18.81,16.25,16.40
13.04.21 12:40:59,16.30,16.30,15.90,15.90,200,22075,18.80,16.00,16.15
13.04.21 12:41:59,16.20,16.20,15.75,15.80,375,22075,18.80,15.75,15.90
13.04.21 12:42:59,15.40,15.40,15.20,15.30,250,22025,18.79,15.30,15.50
13.04.21 12:43:59,15.25,15.30,15.05,15.25,575,22025,18.78,15.15,15.30
13.04.21 12:44:59,15.05,15.45,15.05,15.30,1300,22025,18.76,15.35,15.60
13.04.21 12:45:59,15.55,15.80,15.55,15.65,850,21900,18.75,15.45,15.65
13.04.21 12:46:59,15.30,15.55,14.75,15.15,1225,21900,18.73,15.10,15.35
13.04.21 12:47:59,15.20,15.20,14.80,14.90,500,21900,18.72,14.90,15.00
13.04.21 12:48:59,14.90,14.90,14.15,14.60,1850,22625,18.68,14.55,14.70
13.04.21 12:49:59,14.35,14.60,13.85,14.15,950,22625,18.66,14.00,14.15
13.04.21 12:50:59,13.90,14.50,13.45,14.15,3425,22625,18.58,14.10,14.25
13.04.21 12:51:59,14.10,14.10,13.75,13.95,1000,21475,18.56,13.85,14.00
13.04.21 12:52:59,14.00,14.25,13.90,14.15,1650,21475,18.53,14.20,14.40
13.04.21 12:53:59,14.20,14.45,14.20,14.40,575,21475,18.52,14.25,14.55
13.04.21 12:54:59,14.30,14.80,14.30,14.80,400,21375,18.51,14.65,14.80
13.04.21 12:55:59,14.60,14.75,14.50,14.70,900,21375,18.49,14.50,14.65
13.04.21 12:56:59,14.65,15.00,14.65,14.95,525,21375,18.48,14.70,14.85
13.04.21 12:57:59,14.55,15.00,14.55,14.85,875,21650,18.47,14.70,14.85
13.04.21 12:58:59,14.85,14.85,14.50,14.50,350,21650,18.46,14.45,14.60
13.04.21 12:59:59,14.50,14.60,14.10,14.10,125,21650,18.46,13.80,13.90
13.04.21 13:00:59,14.00,14.05,13.90,13.90,125,21375,18.46,13.80,13.95
13.04.21 13:01:59,14.05,14.25,13.95,13.95,825,21375,18.44,13.80,13.95
13.04.21 13:02:59,14.00,14.15,13.85,13.95,525,21375,18.43,13.85,14.00
13.04.21 13:03:59,14.00,14.35,14.00,14.35,850,21725,18.42,14.20,14.35
13.04.21 13:04:59,14.10,14.10,14.00,14.00,400,21725,18.41,13.95,14.05
13.04.21 13:05:59,14.00,14.30,14.00,14.25,425,21725,18.40,14.25,14.40
13.04.21 13:06:59,14.45,14.85,14.45,14.75,600,21600,18.39,14.65,14.80
13.04.21 13:07:59,14.75,14.75,14.75,14.75,25,21600,18.39,14.55,14.75
13.04.21 13:08:59,14.75,15.05,14.65,15.00,450,21600,18.38,14.70,14.85
13.04.21 13:09:59,14.80,14.80,14.25,14.50,400,21675,18.37,14.45,14.60
13.04.21 13:10:59,14.55,14.55,14.25,14.25,75,21675,18.37,14.45,14.65
13.04.21 13:11:59,14.50,14.75,14.40,14.65,525,21675,18.36,14.50,14.65
13.04.21 13:12:59,14.70,14.75,14.65,14.65,100,21625,18.36,14.60,14.75
13.04.21 13:13:59,14.75,14.90,14.50,14.50,650,21625,18.35,14.55,14.70
13.04.21 13:14:59,14.30,14.65,14.30,14.60,225,21625,18.35,14.25,14.40
13.04.21 13:15:59,14.45,14.60,14.45,14.45,125,21725,18.35,14.40,14.60
13.04.21 13:16:59,14.25,14.35,14.10,14.15,350,21725,18.34,14.05,14.30
13.04.21 13:17:59,14.00,14.20,13.75,13.75,700,21725,18.33,13.45,13.60
13.04.21 13:18:59,13.70,13.70,13.50,13.55,525,21575,18.32,13.55,13.70
13.04.21 13:19:59,13.65,13.65,13.40,13.55,725,21575,18.30,13.40,13.55
13.04.21 13:20:59,13.45,13.45,13.30,13.30,550,21575,18.29,13.25,13.35
13.04.21 13:21:59,13.35,13.35,12.90,12.90,400,21325,18.28,12.85,12.95
13.04.21 13:22:59,12.85,12.90,12.55,12.75,375,21325,18.27,12.70,12.85
13.04.21 13:23:59,12.90,13.00,12.55,12.55,1350,21325,18.24,12.45,12.55
13.04.21 13:24:59,12.50,12.60,12.20,12.25,1300,21625,18.21,12.15,12.30
13.04.21 13:25:59,12.15,12.20,11.90,12.10,450,21625,18.19,12.00,12.10
13.04.21 13:26:59,11.95,11.95,11.75,11.90,325,21625,18.18,11.75,11.90
13.04.21 13:27:59,11.95,12.15,11.95,12.15,325,22000,18.18,12.15,12.30
13.04.21 13:28:59,12.15,12.60,12.15,12.55,1475,22000,18.14,12.45,12.55
13.04.21 13:29:59,12.70,12.90,12.60,12.85,525,22000,18.13,13.15,13.30
13.04.21 13:30:59,13.40,13.85,13.20,13.35,1375,22200,18.10,13.30,13.45
13.04.21 13:31:59,13.40,13.70,13.40,13.40,700,22200,18.09,13.30,13.45
13.04.21 13:32:59,13.30,13.40,13.20,13.25,425,22200,18.08,13.20,13.30
13.04.21 13:33:59,13.35,13.35,12.55,12.55,875,22600,18.06,12.70,12.80
13.04.21 13:34:59,12.75,12.95,12.60,12.70,250,22600,18.05,12.55,12.70
13.04.21 13:35:59,12.55,12.60,11.45,11.45,875,22600,18.03,11.45,11.60
13.04.21 13:36:59,11.35,11.45,10.55,10.65,2625,23200,17.95,10.60,10.80
13.04.21 13:37:59,10.65,10.65,10.30,10.45,2100,23200,17.89,10.35,10.55
13.04.21 13:38:59,10.65,10.75,10.50,10.75,625,23200,17.87,10.60,10.75
13.04.21 13:39:59,10.80,11.35,10.75,11.35,1200,24000,17.84,11.35,11.50
13.04.21 13:40:59,11.35,11.35,10.95,10.95,375,24000,17.83,10.95,11.10
13.04.21 13:41:59,11.10,11.25,11.00,11.00,2075,24000,17.77,10.95,11.10
13.04.21 13:42:59,10.95,11.00,10.50,10.50,1550,23875,17.73,10.45,10.55
13.04.21 13:43:59,10.55,10.65,10.35,10.55,1525,23875,17.68,10.55,10.65
13.04.21 13:44:59,10.55,10.85,10.55,10.60,250,23875,17.68,10.55,10.65
13.04.21 13:45:59,10.60,10.80,10.45,10.45,1025,23550,17.65,10.45,10.60
13.04.21 13:46:59,10.45,10.45,10.20,10.45,575,23550,17.63,10.45,10.60
13.04.21 13:47:59,10.50,10.50,10.35,10.40,200,23550,17.63,10.35,10.50
13.04.21 13:48:59,10.15,10.40,9.65,9.95,3925,23150,17.51,9.80,9.95
13.04.21 13:49:59,10.20,10.20,9.50,9.70,3175,23150,17.42,9.65,9.80
13.04.21 13:50:59,9.65,9.90,9.35,9.55,2950,23150,17.33,9.50,9.60
13.04.21 13:51:59,9.65,10.25,9.50,10.00,10125,22350,17.13,9.95,10.10
13.04.21 13:52:59,9.95,10.05,9.70,9.80,1675,22350,17.09,9.70,9.85
13.04.21 13:53:59,10.00,10.00,9.65,9.70,1925,22350,17.04,9.60,9.75
13.04.21 13:54:59,9.65,10.20,9.65,10.10,1225,21450,17.01,10.10,10.25
13.04.21 13:55:59,10.15,10.25,9.70,9.75,1900,21450,16.96,9.80,9.95
13.04.21 13:56:59,9.95,10.00,8.65,9.60,2100,21450,16.90,9.60,9.70
13.04.21 13:57:59,9.70,9.95,9.40,9.60,4075,20975,16.80,9.50,9.65
13.04.21 13:58:59,9.55,9.65,9.05,9.10,1825,20975,16.75,8.95,9.15
13.04.21 13:59:59,9.30,9.40,9.10,9.25,1525,20975,16.71,9.20,9.30
13.04.21 14:00:59,9.10,9.20,8.95,9.05,1000,21100,16.69,9.15,9.30
13.04.21 14:01:59,9.10,9.25,9.05,9.25,275,21100,16.68,9.05,9.20
13.04.21 14:02:59,9.15,9.25,9.05,9.05,400,21100,16.67,9.15,9.35
13.04.21 14:03:59,9.15,9.50,9.15,9.25,1950,20950,16.62,9.20,9.35
13.04.21 14:04:59,9.15,9.65,9.10,9.25,2225,20950,16.57,9.25,9.35
13.04.21 14:05:59,9.25,9.25,8.75,9.05,1375,20950,16.53,9.05,9.15
13.04.21 14:06:59,9.05,9.05,8.85,9.05,1425,20875,16.50,8.95,9.10
13.04.21 14:07:59,8.95,9.25,8.80,9.05,1575,20875,16.46,8.95,9.10
13.04.21 14:08:59,8.95,9.10,8.30,8.45,2325,20875,16.40,8.35,8.50
13.04.21 14:09:59,8.50,8.60,8.15,8.50,2875,20475,16.32,8.45,8.55
13.04.21 14:10:59,8.35,8.60,8.20,8.35,3500,20475,16.23,8.30,8.45
13.04.21 14:11:59,8.50,8.60,8.25,8.50,3275,20475,16.15,8.40,8.50
13.04.21 14:12:59,8.45,8.80,8.40,8.40,1350,19350,16.12,8.45,8.60
13.04.21 14:13:59,8.50,8.65,8.25,8.60,1800,19350,16.07,8.55,8.70
13.04.21 14:14:59,8.60,8.75,8.40,8.60,1350,19350,16.04,8.50,8.60
13.04.21 14:15:59,8.65,8.65,8.10,8.25,1800,20350,15.99,8.15,8.30
13.04.21 14:16:59,8.05,8.65,8.05,8.35,1875,20350,15.95,8.35,8.50
13.04.21 14:17:59,8.50,8.80,8.50,8.50,925,20350,15.93,8.50,8.65
13.04.21 14:18:59,8.50,8.95,8.50,8.85,575,19375,15.92,8.75,8.90
13.04.21 14:19:59,8.75,8.85,8.55,8.55,350,19375,15.91,8.50,8.55
13.04.21 14:20:59,8.50,8.80,8.30,8.70,900,19375,15.89,8.70,8.80
13.04.21 14:21:59,8.65,8.90,8.60,8.70,1275,18050,15.86,8.70,8.80
13.04.21 14:22:59,8.65,8.75,8.65,8.70,1075,18050,15.84,8.60,8.70
13.04.21 14:23:59,8.75,8.75,8.55,8.70,725,18050,15.82,8.60,8.75
13.04.21 14:24:59,8.65,8.70,8.30,8.30,1200,17800,15.79,8.35,8.45
13.04.21 14:25:59,8.45,8.50,8.25,8.35,1075,17800,15.77,8.30,8.40
13.04.21 14:26:59,8.35,8.35,8.35,8.35,50,17800,15.77,8.35,8.45
13.04.21 14:27:59,8.40,8.40,8.00,8.25,4425,16100,15.67,8.25,8.35
13.04.21 14:28:59,8.30,8.50,7.75,8.45,4075,16100,15.58,8.30,8.50
13.04.21 14:29:59,8.35,8.40,8.20,8.20,2300,16100,15.53,8.10,8.25
13.04.21 14:30:59,8.20,8.30,8.00,8.00,2375,14825,15.47,7.90,8.05
13.04.21 14:31:59,8.05,8.10,7.90,8.05,475,14825,15.46,8.00,8.15
13.04.21 14:32:59,8.00,8.25,7.95,8.10,600,14825,15.45,8.10,8.25
13.04.21 14:33:59,8.10,8.20,8.00,8.00,1425,13325,15.42,8.00,8.15
13.04.21 14:34:59,8.15,8.40,8.15,8.25,1425,13325,15.39,8.25,8.30
13.04.21 14:35:59,8.25,8.30,8.20,8.25,525,13325,15.38,8.10,8.20
13.04.21 14:36:59,8.20,8.25,8.10,8.20,1150,12350,15.36,8.05,8.15
13.04.21 14:37:59,8.15,8.25,8.10,8.20,850,12350,15.34,8.10,8.25
13.04.21 14:38:59,8.10,8.30,8.10,8.25,1825,12350,15.30,8.15,8.35
13.04.21 14:39:59,8.20,8.55,8.05,8.50,4800,13550,15.21,8.45,8.60
13.04.21 14:40:59,8.50,8.60,8.20,8.20,4300,13550,15.13,8.15,8.30
13.04.21 14:41:59,8.10,8.25,8.10,8.20,1025,13550,15.11,8.10,8.20
13.04.21 14:42:59,8.20,8.45,8.20,8.40,900,13600,15.09,8.40,8.50
13.04.21 14:43:59,8.40,8.45,8.05,8.35,2325,13600,15.05,8.15,8.35
13.04.21 14:44:59,8.20,8.35,8.15,8.25,600,13600,15.03,8.15,8.30
13.04.21 14:45:59,8.25,8.35,8.20,8.25,1850,13175,15.00,8.20,8.35
13.04.21 14:46:59,8.30,8.30,8.20,8.20,350,13175,14.99,8.15,8.25
13.04.21 14:47:59,8.25,8.55,8.15,8.15,2000,13175,14.96,7.95,8.10
13.04.21 14:48:59,8.05,8.20,8.00,8.20,1375,12650,14.93,8.25,8.35
13.04.21 14:49:59,8.15,8.30,8.10,8.30,1200,12650,14.91,8.35,8.45
13.04.21 14:50:59,8.40,8.80,8.40,8.80,525,12650,14.90,8.65,8.80
13.04.21 14:51:59,8.70,8.95,8.65,8.95,775,12225,14.89,9.00,9.15
13.04.21 14:52:59,9.00,9.00,8.25,8.30,875,12225,14.87,8.20,8.35
13.04.21 14:53:59,8.15,8.55,8.15,8.55,150,12225,14.87,8.50,8.60
13.04.21 14:54:59,8.55,8.55,8.20,8.20,675,12225,14.86,8.15,8.30
13.04.21 14:55:59,8.10,8.10,7.90,8.00,950,12100,14.84,8.00,8.10
13.04.21 14:56:59,8.10,8.10,8.05,8.05,250,12100,14.84,8.00,8.10
13.04.21 14:57:59,8.00,8.00,7.95,8.00,225,12100,14.83,8.00,8.05
13.04.21 14:58:59,8.05,8.15,8.00,8.15,825,11825,14.82,8.10,8.25
13.04.21 14:59:59,8.20,8.50,8.20,8.45,1050,11825,14.80,8.40,8.50
13.04.21 15:00:59,8.45,8.45,8.10,8.10,1300,12975,14.78,8.05,8.25
13.04.21 15:01:59,8.05,8.35,8.00,8.20,975,12975,14.76,8.10,8.25
13.04.21 15:02:59,8.20,8.30,8.20,8.25,450,12975,14.75,8.20,8.35
13.04.21 15:03:59,8.30,8.85,8.30,8.85,725,13125,14.74,8.80,8.90
13.04.21 15:04:59,8.85,9.50,8.85,9.50,2300,13125,14.71,9.40,9.50
13.04.21 15:05:59,9.40,9.50,9.40,9.40,550,13125,14.70,9.40,9.50
13.04.21 15:06:59,9.50,9.55,9.30,9.50,1400,13350,14.68,9.45,9.55
13.04.21 15:07:59,9.60,9.60,9.25,9.45,475,13350,14.67,9.25,9.40
13.04.21 15:08:59,9.45,9.60,9.40,9.55,400,13350,14.67,9.50,9.70
13.04.21 15:09:59,9.60,9.80,9.55,9.65,350,13750,14.66,9.60,9.75
13.04.21 15:10:59,9.65,9.80,9.50,9.80,1100,13750,14.65,9.75,9.85
13.04.21 15:11:59,9.75,10.00,9.60,9.90,2975,13750,14.61,9.90,10.05
13.04.21 15:12:59,9.90,10.05,9.80,9.80,1175,13050,14.60,9.75,9.90
13.04.21 15:13:59,9.85,9.85,8.50,8.50,2050,13050,14.57,8.40,8.50
13.04.21 15:14:59,8.45,8.85,8.45,8.85,150,13050,14.57,8.80,8.95
13.04.21 15:15:59,9.00,9.35,9.00,9.35,575,13150,14.56,9.30,9.40
13.04.21 15:16:59,9.25,9.55,9.25,9.40,525,13150,14.55,9.30,9.40
13.04.21 15:17:59,9.40,9.50,9.35,9.40,300,13150,14.55,9.40,9.50
13.04.21 15:18:59,9.45,9.45,8.90,9.00,4500,13675,14.49,8.90,9.00
13.04.21 15:19:59,9.00,9.00,8.70,8.90,900,13675,14.48,8.85,8.95
13.04.21 15:20:59,8.95,9.45,8.90,9.40,1700,13675,14.45,9.25,9.35
13.04.21 15:21:59,9.40,9.80,9.05,9.80,1875,15100,14.43,9.85,9.95
13.04.21 15:22:59,9.85,10.10,9.80,10.10,2200,15100,14.40,10.10,10.25
13.04.21 15:23:59,10.25,11.10,10.15,11.05,2825,15100,14.38,10.85,11.00
13.04.21 15:24:59,11.00,11.00,10.00,10.00,1100,15850,14.37,10.00,10.10
13.04.21 15:25:59,10.20,10.40,9.80,9.80,3225,15850,14.34,9.70,9.85
13.04.21 15:26:59,9.85,10.20,9.80,10.20,4675,15850,14.29,10.10,10.25
13.04.21 15:27:59,10.30,10.60,10.15,10.20,4375,15850,14.25,10.15,10.35
13.04.21 15:28:59,10.20,10.45,10.00,10.00,1750,21725,14.23,10.00,10.20
13.04.21 15:30:00,10.15,10.35,9.65,9.65,2150,21725,14.21,5.30,10.95
15.04.21 09:15:59,6.70,6.70,4.90,4.90,425,22525,5.59,0.00,3.80
15.04.21 09:16:59,3.75,3.80,2.25,3.20,1650,22525,3.59,2.95,3.40
15.04.21 09:17:59,3.35,3.35,2.60,2.90,2875,22925,3.15,2.75,2.95
15.04.21 09:18:59,2.85,2.95,2.40,2.70,9600,22925,2.88,2.65,2.70
15.04.21 09:19:59,2.70,2.95,2.65,2.90,14075,22925,2.82,2.85,2.90
15.04.21 09:20:59,2.90,3.20,2.80,2.85,8100,26550,2.87,2.80,2.90
15.04.21 09:21:59,2.85,2.90,2.65,2.85,2725,26550,2.86,2.80,2.90
15.04.21 09:22:59,2.80,2.95,2.75,2.90,7000,26550,2.86,2.85,2.90
15.04.21 09:23:59,2.90,2.95,2.85,2.90,775,25175,2.86,2.90,2.95
15.04.21 09:24:59,2.95,3.00,2.85,2.85,3850,25175,2.86,2.85,2.90
15.04.21 09:25:59,2.95,3.40,2.95,3.05,4775,25175,2.88,3.00,3.10
15.04.21 09:26:59,3.00,3.15,2.80,3.10,2475,24425,2.88,3.00,3.10
15.04.21 09:27:59,2.95,3.20,2.85,3.20,2800,24425,2.89,3.05,3.15
15.04.21 09:28:59,3.10,3.35,3.05,3.15,4650,24425,2.91,3.10,3.20
15.04.21 09:29:59,3.20,3.20,3.00,3.10,2300,19875,2.92,3.05,3.10
15.04.21 09:30:59,3.05,3.10,3.00,3.10,1500,19875,2.92,3.10,3.15
15.04.21 09:31:59,3.15,3.15,3.00,3.10,4000,19875,2.93,3.05,3.15
15.04.21 09:32:59,3.15,3.15,3.05,3.15,2650,20175,2.93,3.10,3.20
15.04.21 09:33:59,3.20,3.50,3.20,3.45,4600,20175,2.96,3.40,3.50
15.04.21 09:34:59,3.60,3.75,3.35,3.60,8750,20175,3.02,3.45,3.55
15.04.21 09:35:59,3.65,3.95,3.45,3.90,8925,21575,3.08,3.70,3.85
15.04.21 09:36:59,3.70,4.20,3.40,3.55,8200,21575,3.13,3.50,3.60
15.04.21 09:37:59,3.50,3.80,3.50,3.55,4000,21575,3.15,3.55,3.65
15.04.21 09:38:59,3.60,3.75,3.45,3.60,1650,23000,3.16,3.55,3.65
15.04.21 09:39:59,3.75,3.90,3.45,3.55,5675,23000,3.18,3.45,3.55
15.04.21 09:40:59,3.55,3.85,3.50,3.55,2125,23000,3.19,3.50,3.60
15.04.21 09:41:59,3.50,3.50,3.25,3.45,2725,22825,3.20,3.25,3.35
15.04.21 09:42:59,3.25,3.40,3.20,3.25,3000,22825,3.20,3.20,3.25
15.04.21 09:43:59,3.25,3.25,3.05,3.15,3850,22825,3.19,3.05,3.15
15.04.21 09:44:59,3.10,3.15,3.05,3.10,1950,23325,3.19,3.10,3.15
15.04.21 09:45:59,3.15,3.25,3.15,3.20,2050,23325,3.19,3.15,3.25
15.04.21 09:46:59,3.30,3.45,3.25,3.40,3050,23325,3.20,3.25,3.30
15.04.21 09:47:59,3.30,3.45,3.20,3.35,1000,22250,3.20,3.30,3.40
15.04.21 09:48:59,3.40,3.40,3.10,3.30,3100,22250,3.20,3.30,3.40
15.04.21 09:49:59,3.35,3.45,3.25,3.45,875,22250,3.20,3.25,3.50
15.04.21 09:50:59,3.50,3.50,3.35,3.45,1175,21175,3.20,3.40,3.50
15.04.21 09:51:59,3.50,3.55,3.35,3.35,2425,21175,3.20,3.30,3.40
15.04.21 09:52:59,3.30,3.40,3.20,3.25,3200,21175,3.21,3.15,3.25
15.04.21 09:53:59,3.15,3.15,3.10,3.10,950,23000,3.21,3.05,3.15
15.04.21 09:54:59,3.15,3.30,3.05,3.15,2825,23000,3.20,3.05,3.15
15.04.21 09:55:59,3.15,3.25,3.05,3.10,1850,23000,3.20,3.10,3.15
15.04.21 09:56:59,3.10,3.15,3.00,3.10,1450,23500,3.20,3.05,3.15
15.04.21 09:57:59,3.05,3.15,3.05,3.05,675,23500,3.20,3.00,3.10
15.04.21 09:58:59,3.05,3.10,3.00,3.00,375,23500,3.20,2.95,3.05
15.04.21 09:59:59,2.95,3.00,2.90,2.90,1275,23575,3.20,2.90,3.00
15.04.21 10:00:59,2.95,3.10,2.85,2.85,2575,23575,3.20,2.80,2.90
15.04.21 10:01:59,3.00,3.05,2.65,2.70,2525,23575,3.19,2.65,2.75
15.04.21 10:02:59,2.70,2.75,2.60,2.65,2425,24125,3.18,2.60,2.70
15.04.21 10:03:59,2.60,2.75,2.60,2.75,900,24125,3.18,2.70,2.80
15.04.21 10:04:59,2.80,2.80,2.70,2.75,1150,24125,3.18,2.70,2.80
15.04.21 10:05:59,2.80,2.90,2.80,2.90,1275,23750,3.18,2.85,2.95
15.04.21 10:06:59,2.80,3.15,2.80,3.05,2925,23750,3.17,3.05,3.15
15.04.21 10:07:59,3.05,3.30,3.00,3.25,2325,23750,3.17,3.20,3.30
15.04.21 10:08:59,3.20,3.35,3.10,3.20,2800,23950,3.17,3.20,3.35
15.04.21 10:09:59,3.30,3.55,3.20,3.30,4475,23950,3.18,3.20,3.30
15.04.21 10:10:59,3.30,3.35,3.05,3.10,5375,23950,3.18,3.15,3.20
15.04.21 10:11:59,3.20,3.35,3.05,3.10,2425,25775,3.18,3.00,3.10
15.04.21 10:12:59,3.10,3.10,3.00,3.10,550,25775,3.18,3.00,3.10
15.04.21 10:13:59,3.00,3.05,2.90,2.95,925,25775,3.18,2.90,3.00
15.04.21 10:14:59,2.95,3.00,2.85,2.85,1075,25575,3.17,2.80,2.90
15.04.21 10:15:59,2.85,3.00,2.75,2.85,1700,25575,3.17,2.85,2.95
15.04.21 10:16:59,3.00,3.10,2.90,3.05,2600,25575,3.17,2.95,3.05
15.04.21 10:17:59,3.00,3.15,2.95,3.15,1675,25925,3.17,3.05,3.15
15.04.21 10:18:59,3.10,3.10,2.95,3.00,1375,25925,3.17,2.90,3.00
15.04.21 10:19:59,3.05,3.20,2.95,3.15,1675,25925,3.17,3.00,3.15
15.04.21 10:20:59,3.10,3.15,2.95,3.10,3125,26050,3.17,3.05,3.20
15.04.21 10:21:59,3.15,3.15,3.00,3.05,2150,26050,3.16,2.95,3.05
15.04.21 10:22:59,3.00,3.00,2.90,2.90,775,26050,3.16,2.85,2.95
15.04.21 10:23:59,2.90,2.90,2.80,2.80,425,26275,3.16,2.75,2.80
15.04.21 10:24:59,2.85,2.85,2.75,2.75,425,26275,3.16,2.70,2.80
15.04.21 10:25:59,2.70,2.75,2.65,2.65,400,26275,3.16,2.60,2.70
15.04.21 10:26:59,2.60,2.60,2.55,2.55,250,26400,3.16,2.50,2.60
15.04.21 10:27:59,2.60,2.60,2.35,2.50,2025,26400,3.15,2.40,2.50
15.04.21 10:28:59,2.45,2.45,2.30,2.35,2200,26400,3.15,2.35,2.45
15.04.21 10:29:59,2.35,2.40,2.25,2.25,2925,25425,3.13,2.20,2.30
15.04.21 10:30:59,2.25,2.40,2.20,2.25,2125,25425,3.13,2.25,2.35
15.04.21 10:31:59,2.25,2.35,2.15,2.25,1000,25425,3.12,2.25,2.40
15.04.21 10:32:59,2.35,2.35,2.25,2.30,1450,26175,3.12,2.30,2.40
15.04.21 10:33:59,2.30,2.30,2.10,2.15,3600,26175,3.10,2.10,2.15
15.04.21 10:34:59,2.10,2.20,1.85,1.90,4775,26175,3.08,1.85,1.90
15.04.21 10:35:59,1.90,2.05,1.80,1.95,4250,24750,3.06,1.85,1.95
15.04.21 10:36:59,1.90,1.95,1.85,1.90,2925,24750,3.04,1.85,1.90
15.04.21 10:37:59,1.85,1.90,1.80,1.85,875,24750,3.04,1.80,1.90
15.04.21 10:38:59,1.80,1.85,1.70,1.75,1975,23050,3.03,1.65,1.75
15.04.21 10:39:59,1.70,1.70,1.50,1.65,2050,23050,3.02,1.65,1.70
15.04.21 10:40:59,1.65,1.75,1.65,1.65,1100,23050,3.01,1.60,1.70
15.04.21 10:41:59,1.60,1.70,1.60,1.60,2200,22175,3.00,1.65,1.70
15.04.21 10:42:59,1.65,1.75,1.65,1.70,1350,22175,2.99,1.60,1.70
15.04.21 10:43:59,1.65,1.70,1.65,1.65,1125,22175,2.99,1.60,1.65
15.04.21 10:44:59,1.60,1.70,1.60,1.65,925,22500,2.98,1.60,1.65
15.04.21 10:45:59,1.65,1.75,1.55,1.60,1575,22500,2.97,1.60,1.70
15.04.21 10:46:59,1.60,1.80,1.60,1.70,850,22500,2.97,1.70,1.75
15.04.21 10:47:59,1.75,1.85,1.55,1.85,1150,22175,2.96,1.65,1.75
15.04.21 10:48:59,1.60,1.70,1.55,1.70,175,22175,2.96,1.65,1.70
15.04.21 10:49:59,1.65,1.75,1.60,1.75,325,22175,2.96,1.70,1.80
15.04.21 10:50:59,1.70,1.75,1.60,1.65,2150,21900,2.95,1.70,1.80
15.04.21 10:51:59,1.75,1.75,1.65,1.70,1550,21900,2.94,1.70,1.80
15.04.21 10:52:59,1.80,1.85,1.75,1.75,2925,21900,2.93,1.70,1.75
15.04.21 10:53:59,1.75,1.95,1.75,1.85,2750,21725,2.92,1.80,1.85
15.04.21 10:54:59,1.90,1.95,1.80,1.90,2325,21725,2.91,1.90,1.95
15.04.21 10:55:59,1.85,1.95,1.75,1.75,1625,21725,2.90,1.70,1.80
15.04.21 10:56:59,1.75,1.95,1.70,1.90,3150,23150,2.89,1.75,2.05
15.04.21 10:57:59,1.80,1.80,1.70,1.75,1150,23150,2.88,1.70,1.75
15.04.21 10:58:59,1.80,1.85,1.75,1.80,875,23150,2.88,1.70,1.75
15.04.21 10:59:59,1.70,1.85,1.70,1.75,2500,22800,2.87,1.65,1.80
15.04.21 11:00:59,1.65,1.90,1.65,1.80,2350,22800,2.86,1.70,1.80
15.04.21 11:01:59,1.75,1.90,1.65,1.75,2200,22800,2.85,1.75,1.85
15.04.21 11:02:59,1.80,1.80,1.60,1.65,1100,22800,2.85,1.60,1.70
15.04.21 11:03:59,1.60,1.70,1.55,1.70,1500,23000,2.84,1.60,1.70
15.04.21 11:04:59,1.65,1.75,1.55,1.65,2900,23000,2.83,1.65,1.75
15.04.21 11:05:59,1.70,1.90,1.65,1.65,4850,23100,2.81,1.65,1.70
15.04.21 11:06:59,1.70,1.95,1.65,1.70,6400,23100,2.79,1.70,1.75
15.04.21 11:07:59,1.75,1.80,1.65,1.80,1975,23100,2.78,1.75,1.85
15.04.21 11:08:59,1.80,1.90,1.70,1.75,2375,22800,2.77,1.70,1.80
15.04.21 11:09:59,1.75,1.85,1.60,1.65,2325,22800,2.77,1.65,1.75
15.04.21 11:10:59,1.80,1.80,1.55,1.55,3225,22800,2.75,1.55,1.65
15.04.21 11:11:59,1.65,1.70,1.45,1.55,2600,22675,2.74,1.50,1.60
15.04.21 11:12:59,1.55,1.75,1.35,1.50,5925,22675,2.72,1.45,1.55
15.04.21 11:13:59,1.45,1.60,1.40,1.40,2725,22675,2.71,1.35,1.55
15.04.21 11:14:59,1.50,1.70,1.40,1.65,3350,23325,2.70,1.55,1.60
15.04.21 11:15:59,1.65,1.65,1.45,1.60,3925,23325,2.68,1.50,1.55
15.04.21 11:16:59,1.50,1.65,1.45,1.65,2275,23325,2.68,1.55,1.60
15.04.21 11:17:59,1.55,1.60,1.45,1.55,1550,24525,2.67,1.50,1.55
15.04.21 11:18:59,1.55,1.55,1.45,1.55,875,24525,2.67,1.50,1.55
15.04.21 11:19:59,1.50,1.70,1.45,1.55,2400,24525,2.66,1.55,1.60
15.04.21 11:20:59,1.60,1.75,1.55,1.75,2000,24875,2.65,1.70,1.75
15.04.21 11:21:59,1.65,1.65,1.65,1.65,500,24875,2.65,1.65,1.70
15.04.21 11:22:59,1.55,1.70,1.55,1.65,2450,24875,2.64,1.60,1.70
15.04.21 11:23:59,1.70,1.75,1.60,1.70,1775,24525,2.64,1.65,1.75
15.04.21 11:24:59,1.65,1.80,1.65,1.70,2050,24525,2.63,1.70,1.85
15.04.21 11:25:59,1.70,1.90,1.65,1.90,2100,24525,2.63,1.90,1.95
15.04.21 11:26:59,2.00,2.00,1.85,1.85,1125,24525,2.63,1.80,1.90
15.04.21 11:27:59,1.85,2.10,1.85,2.05,1650,24275,2.62,2.00,2.10
15.04.21 11:28:59,2.00,2.10,1.90,1.95,1200,24275,2.62,1.95,2.05
15.04.21 11:29:59,2.00,2.05,1.85,2.00,2350,24200,2.62,2.00,2.05
15.04.21 11:30:59,1.95,2.05,1.95,2.00,825,24200,2.62,1.95,2.00
15.04.21 11:31:59,2.00,2.10,1.90,2.00,2900,24200,2.61,1.95,2.00
15.04.21 11:32:59,1.90,2.00,1.85,1.90,2775,24000,2.60,1.85,1.95
15.04.21 11:33:59,1.95,2.15,1.70,1.75,4600,24000,2.59,1.70,1.85
15.04.21 11:34:59,1.80,1.90,1.75,1.75,700,24000,2.59,1.75,1.85
15.04.21 11:35:59,1.75,1.95,1.75,1.85,800,24000,2.59,1.75,1.85
15.04.21 11:36:59,1.85,2.00,1.80,1.90,1500,24000,2.59,1.90,2.00
15.04.21 11:37:59,1.95,2.10,1.85,1.90,2575,24000,2.58,1.80,1.90
15.04.21 11:38:59,2.00,2.10,1.90,2.00,6000,24025,2.58,1.90,2.00
15.04.21 11:39:59,1.95,2.10,1.95,1.95,5275,24025,2.57,1.90,2.00
15.04.21 11:40:59,1.95,2.00,1.90,2.00,3025,24025,2.56,1.95,2.00
15.04.21 11:41:59,1.95,2.05,1.90,1.90,625,24025,2.56,1.90,1.95
15.04.21 11:42:59,1.90,2.10,1.85,1.85,7475,23625,2.55,1.60,1.90
15.04.21 11:43:59,1.80,2.00,1.75,1.80,7100,23625,2.54,1.75,1.85
15.04.21 11:44:59,1.85,1.95,1.65,1.70,8250,23450,2.52,1.65,1.75
15.04.21 11:45:59,1.70,2.00,1.70,1.85,4600,23450,2.52,1.80,1.85
15.04.21 11:46:59,1.85,2.00,1.70,1.95,4625,23450,2.51,1.90,2.00
15.04.21 11:47:59,1.80,2.00,1.70,1.75,7350,22875,2.50,1.75,1.80
15.04.21 11:48:59,1.85,2.05,1.75,1.90,6925,22875,2.49,1.90,2.00
15.04.21 11:49:59,1.95,2.05,1.80,1.85,5200,22875,2.48,1.85,2.05
15.04.21 11:50:59,2.00,2.00,1.75,1.85,11250,23325,2.46,1.80,1.85
15.04.21 11:51:59,1.90,2.05,1.80,1.85,13175,23325,2.45,1.85,1.95
15.04.21 11:52:59,1.90,1.95,1.75,1.75,3475,23325,2.44,1.65,1.75
15.04.21 11:53:59,1.75,1.75,1.60,1.65,3225,22600,2.44,1.60,1.65
15.04.21 11:54:59,1.80,1.95,1.60,1.85,1100,22600,2.44,1.85,1.95
15.04.21 11:55:59,1.85,2.00,1.80,1.80,3675,22600,2.43,1.80,1.90
15.04.21 11:56:59,1.75,1.95,1.70,1.80,4850,22600,2.43,1.90,1.95
15.04.21 11:57:59,1.75,2.00,1.75,1.90,5600,22450,2.42,1.90,2.00
15.04.21 11:58:59,1.90,2.00,1.75,1.95,2500,22450,2.42,1.90,1.95
15.04.21 11:59:59,1.95,2.05,1.75,1.85,4650,22450,2.41,1.75,2.00
15.04.21 12:00:59,1.80,1.95,1.70,1.80,3225,23675,2.41,1.75,1.85
15.04.21 12:01:59,1.75,1.95,1.75,1.75,3150,23675,2.40,1.80,1.90
15.04.21 12:02:59,1.75,1.95,1.75,1.80,3175,23675,2.40,1.75,1.80
15.04.21 12:03:59,1.75,1.90,1.75,1.80,1150,23275,2.40,1.80,1.90
15.04.21 12:04:59,1.75,1.95,1.75,1.80,1475,23275,2.40,1.75,1.85
15.04.21 12:05:59,1.80,1.95,1.75,1.80,4275,23275,2.39,1.75,1.85
15.04.21 12:06:59,1.80,1.90,1.75,1.85,625,23425,2.39,1.75,1.85
15.04.21 12:07:59,1.80,1.80,1.80,1.80,150,23425,2.39,1.80,1.85
15.04.21 12:08:59,1.80,1.90,1.75,1.80,2475,23425,2.39,1.75,1.80
15.04.21 12:09:59,1.80,1.90,1.75,1.75,2600,23275,2.39,1.80,1.85
15.04.21 12:10:59,1.75,2.05,1.75,2.00,2475,23275,2.38,1.85,2.10
15.04.21 12:11:59,2.00,2.20,1.80,2.15,7225,23275,2.38,2.10,2.20
15.04.21 12:12:59,2.10,2.30,2.00,2.10,9250,23750,2.37,2.10,2.20
15.04.21 12:13:59,2.10,2.30,2.00,2.25,8875,23750,2.37,2.20,2.30
15.04.21 12:14:59,2.30,2.35,2.05,2.35,5450,23750,2.37,2.10,2.20
15.04.21 12:15:59,2.20,2.95,2.20,2.60,7100,24200,2.37,2.50,2.70
15.04.21 12:16:59,2.70,3.90,2.40,2.50,6425,24200,2.37,2.40,2.55
15.04.21 12:17:59,2.45,2.60,2.35,2.50,5000,24200,2.37,2.50,2.70
15.04.21 12:18:59,2.70,2.70,1.85,2.45,11100,26175,2.37,2.35,2.45
15.04.21 12:19:59,2.35,2.80,2.15,2.25,10750,26175,2.37,2.25,2.35
15.04.21 12:20:59,2.25,2.30,2.10,2.20,3300,26175,2.37,2.15,2.60
15.04.21 12:21:59,2.25,2.50,2.10,2.10,8750,30875,2.37,2.05,2.15
15.04.21 12:22:59,2.15,2.15,2.00,2.10,4175,30875,2.37,2.00,2.10
15.04.21 12:23:59,2.00,2.20,1.95,1.95,5800,30875,2.36,2.00,2.10
15.04.21 12:24:59,2.00,2.05,1.85,1.90,3750,31275,2.36,1.85,1.90
15.04.21 12:25:59,1.85,2.00,1.85,1.90,3975,31275,2.36,1.90,2.00
15.04.21 12:26:59,2.00,2.00,1.70,1.80,2750,31275,2.36,1.75,1.80
15.04.21 12:27:59,1.75,1.85,1.70,1.75,1650,32875,2.36,1.70,1.75
15.04.21 12:28:59,1.80,1.85,1.70,1.80,2625,32875,2.35,1.75,1.80
15.04.21 12:29:59,1.75,1.85,1.75,1.80,1450,32875,2.35,1.65,1.75
15.04.21 12:30:59,1.75,1.85,1.70,1.85,1150,34325,2.35,1.75,1.85
15.04.21 12:31:59,1.75,1.85,1.70,1.80,1850,34325,2.35,1.80,1.90
15.04.21 12:32:59,1.85,2.00,1.80,1.90,4025,34325,2.35,1.80,1.90
15.04.21 12:33:59,1.85,1.95,1.80,1.85,1225,34650,2.34,1.85,1.95
15.04.21 12:34:59,1.90,2.00,1.80,1.95,3650,34650,2.34,1.85,1.95
15.04.21 12:35:59,1.95,2.00,1.80,1.80,3600,34650,2.34,1.80,1.90
15.04.21 12:36:59,1.95,2.00,1.75,1.75,1875,34350,2.34,1.75,1.80
15.04.21 12:37:59,1.85,1.85,1.75,1.80,1350,34350,2.34,1.75,1.85
15.04.21 12:38:59,1.75,1.90,1.70,1.75,3500,34350,2.33,1.75,1.90
15.04.21 12:39:59,1.85,1.95,1.80,1.90,2450,34600,2.33,1.80,1.90
15.04.21 12:40:59,1.75,1.95,1.75,1.85,2025,34600,2.33,1.80,2.00
15.04.21 12:41:59,1.85,1.95,1.80,1.85,2450,34600,2.33,1.90,2.00
15.04.21 12:42:59,1.90,1.95,1.80,1.95,975,34500,2.33,1.80,2.00
15.04.21 12:43:59,1.90,2.00,1.80,1.90,875,34500,2.33,1.85,1.95
15.04.21 12:44:59,1.90,2.00,1.80,1.85,1575,34500,2.33,1.80,1.90
15.04.21 12:45:59,1.95,1.95,1.80,1.90,1350,34000,2.33,1.75,1.80
15.04.21 12:46:59,1.80,1.85,1.75,1.85,825,34000,2.32,1.75,1.85
15.04.21 12:47:59,1.75,1.90,1.75,1.85,1500,34000,2.32,1.75,1.80
15.04.21 12:48:59,1.85,1.90,1.75,1.80,1350,34100,2.32,1.85,1.90
15.04.21 12:49:59,1.90,2.00,1.80,2.00,1700,34100,2.32,1.90,2.00
15.04.21 12:50:59,1.90,2.00,1.80,1.85,7200,34100,2.32,1.80,1.90
15.04.21 12:51:59,1.90,1.95,1.85,1.85,3800,40575,2.31,1.85,1.95
15.04.21 12:52:59,1.95,1.95,1.85,1.90,225,40575,2.31,1.85,1.90
15.04.21 12:53:59,1.90,1.90,1.80,1.80,2550,40575,2.31,1.85,1.90
15.04.21 12:54:59,1.80,1.90,1.75,1.85,1200,40650,2.31,1.85,1.90
15.04.21 12:55:59,1.90,1.90,1.80,1.80,525,40650,2.31,1.80,1.85
15.04.21 12:56:59,1.80,1.90,1.80,1.90,525,40650,2.31,1.85,1.95
15.04.21 12:57:59,1.85,1.95,1.85,1.85,1075,40800,2.31,1.85,1.95
15.04.21 12:58:59,1.95,1.95,1.80,1.80,375,40800,2.31,1.80,1.85
15.04.21 12:59:59,1.90,2.00,1.80,1.90,1650,40800,2.31,1.90,2.00
15.04.21 13:00:59,1.80,2.00,1.65,1.65,2875,40650,2.31,1.60,1.70
15.04.21 13:01:59,1.65,2.10,1.65,1.95,4025,40650,2.30,1.90,2.00
15.04.21 13:02:59,1.95,2.05,1.90,2.00,2375,40650,2.30,1.95,2.05
15.04.21 13:03:59,1.95,2.20,1.85,1.95,3175,40725,2.30,1.90,2.00
15.04.21 13:04:59,1.95,2.20,1.95,2.10,2600,40725,2.30,2.05,2.25
15.04.21 13:05:59,2.00,3.90,2.00,2.05,7650,40725,2.30,2.00,2.15
15.04.21 13:06:59,2.10,2.25,2.00,2.05,6800,39450,2.30,2.10,2.15
15.04.21 13:07:59,2.10,2.15,2.00,2.05,6450,39450,2.29,2.05,2.10
15.04.21 13:08:59,2.10,2.10,1.85,2.05,5900,39450,2.29,2.00,2.05
15.04.21 13:09:59,2.05,2.05,1.90,1.95,2600,40175,2.29,1.90,1.95
15.04.21 13:10:59,1.95,2.00,1.85,1.85,3950,40175,2.29,1.85,1.90
15.04.21 13:11:59,1.85,1.95,1.85,1.90,3200,40175,2.29,1.90,1.95
15.04.21 13:12:59,1.85,1.90,1.85,1.85,2825,40750,2.29,1.85,1.90
15.04.21 13:13:59,1.85,1.95,1.80,1.95,2175,40750,2.28,1.95,2.05
15.04.21 13:14:59,2.00,2.00,1.90,1.95,450,40750,2.28,1.95,2.05
15.04.21 13:15:59,2.00,2.05,1.90,1.90,1775,40850,2.28,1.85,1.90
15.04.21 13:16:59,1.90,2.00,1.75,1.85,1500,40850,2.28,1.80,1.85
15.04.21 13:17:59,1.90,1.95,1.80,1.90,1700,40850,2.28,1.80,1.95
15.04.21 13:18:59,1.85,1.95,1.75,1.75,2500,40600,2.28,1.75,1.85
15.04.21 13:19:59,1.85,1.85,1.75,1.75,1225,40600,2.28,1.75,1.85
15.04.21 13:20:59,1.80,1.85,1.70,1.80,825,40600,2.28,1.75,1.85
15.04.21 13:21:59,1.80,1.85,1.75,1.80,1175,41025,2.28,1.75,1.85
15.04.21 13:22:59,1.75,1.90,1.75,1.85,2250,41025,2.28,1.80,1.90
15.04.21 13:23:59,1.80,2.10,1.80,2.10,2450,41025,2.28,2.00,2.10
15.04.21 13:24:59,2.10,2.25,1.90,1.90,3725,41150,2.27,1.90,2.05
15.04.21 13:25:59,1.90,1.95,1.75,1.80,2175,41150,2.27,1.75,1.80
15.04.21 13:26:59,1.75,1.85,1.70,1.70,3100,41150,2.27,1.70,1.75
15.04.21 13:27:59,1.75,1.75,1.55,1.65,2875,40400,2.27,1.65,1.70
15.04.21 13:28:59,1.70,1.70,1.40,1.40,5725,40400,2.26,1.40,1.45
15.04.21 13:29:59,1.50,1.50,1.30,1.40,3750,40400,2.26,1.35,1.50
15.04.21 13:30:59,1.40,1.45,1.30,1.40,850,40225,2.26,1.30,1.40
15.04.21 13:31:59,1.40,1.40,1.30,1.30,175,40225,2.26,1.30,1.35
15.04.21 13:32:59,1.35,1.40,1.35,1.40,350,40225,2.26,1.35,1.45
15.04.21 13:33:59,1.35,1.40,1.30,1.30,400,39900,2.26,1.25,1.35
15.04.21 13:34:59,1.35,1.35,1.25,1.35,275,39900,2.26,1.30,1.40
15.04.21 13:35:59,1.30,1.30,1.30,1.30,25,39900,2.26,1.30,1.40
15.04.21 13:36:59,1.45,1.45,1.45,1.45,1025,40075,2.26,1.30,1.50
15.04.21 13:37:59,1.35,1.40,1.35,1.40,175,40075,2.26,1.35,1.45
15.04.21 13:38:59,1.40,1.40,1.35,1.40,100,40075,2.26,1.30,1.40
15.04.21 13:39:59,1.40,1.40,1.40,1.40,50,39950,2.26,1.40,1.45
15.04.21 13:40:59,1.45,1.50,1.40,1.40,1100,39950,2.25,1.35,1.55
15.04.21 13:41:59,1.35,1.45,1.35,1.40,725,39950,2.25,1.35,1.50
15.04.21 13:42:59,1.40,1.40,1.35,1.35,550,40075,2.25,1.25,1.35
15.04.21 13:43:59,1.30,1.35,1.30,1.35,100,40075,2.25,1.30,1.45
15.04.21 13:44:59,1.40,1.40,1.30,1.30,200,40075,2.25,1.35,1.40
15.04.21 13:45:59,1.40,1.55,1.35,1.40,1275,39875,2.25,1.30,1.40
15.04.21 13:46:59,1.45,1.50,1.35,1.35,1075,39875,2.25,1.30,1.40
15.04.21 13:47:59,1.40,1.40,1.40,1.40,300,39875,2.25,1.35,1.45
15.04.21 13:48:59,1.40,1.40,1.25,1.25,850,40000,2.25,1.20,1.30
15.04.21 13:49:59,1.25,1.30,1.20,1.25,650,40000,2.25,1.25,1.35
15.04.21 13:50:59,1.35,1.35,1.30,1.30,350,40000,2.25,1.25,1.30
15.04.21 13:51:59,1.30,1.30,1.20,1.25,375,40300,2.25,1.20,1.30
15.04.21 13:52:59,1.15,1.25,1.15,1.25,325,40300,2.25,1.10,1.20
15.04.21 13:53:59,1.20,1.20,1.20,1.20,75,40300,2.25,1.15,1.20
15.04.21 13:54:59,1.20,1.20,0.80,1.15,1325,39950,2.24,0.90,1.20
15.04.21 13:55:59,1.10,1.20,1.10,1.20,1150,39950,2.24,1.15,1.25
15.04.21 13:56:59,1.15,1.20,1.10,1.10,525,39950,2.24,1.10,1.25
15.04.21 13:57:59,1.20,1.20,1.10,1.15,975,40125,2.24,1.05,1.20
15.04.21 13:58:59,1.30,1.30,1.15,1.15,350,40125,2.24,1.15,1.20
15.04.21 13:59:59,1.15,1.25,1.15,1.20,1225,40125,2.24,1.15,1.25
15.04.21 14:00:59,1.25,1.30,1.15,1.20,1350,39950,2.24,1.15,1.20
15.04.21 14:01:59,1.20,1.25,1.20,1.20,1300,39950,2.23,1.15,1.30
15.04.21 14:02:59,1.25,1.25,1.15,1.20,975,39950,2.23,1.15,1.30
15.04.21 14:03:59,1.20,1.20,1.15,1.20,1225,39975,2.23,1.10,1.20
15.04.21 14:04:59,1.20,1.25,1.15,1.20,1400,39975,2.23,1.05,1.25
15.04.21 14:05:59,1.30,1.30,1.15,1.25,1200,39975,2.23,1.15,1.30
15.04.21 14:06:59,1.20,1.25,1.15,1.15,1325,40125,2.23,1.10,1.20
15.04.21 14:07:59,1.15,1.20,1.10,1.20,4050,40125,2.22,1.15,1.25
15.04.21 14:08:59,1.15,1.30,0.70,1.15,3300,40125,2.22,0.90,1.15
15.04.21 14:09:59,0.85,1.15,0.85,1.10,375,37925,2.22,1.10,1.20
15.04.21 14:10:59,1.10,1.10,1.10,1.10,50,37925,2.22,1.10,1.20
15.04.21 14:11:59,1.15,1.20,1.10,1.15,1075,37925,2.21,1.05,1.20
15.04.21 14:12:59,1.15,1.20,1.05,1.15,3600,38025,2.21,1.00,1.20
15.04.21 14:13:59,1.15,1.30,1.15,1.15,2350,38025,2.21,1.10,1.15
15.04.21 14:14:59,1.15,1.15,1.15,1.15,75,38025,2.21,1.10,1.30
15.04.21 14:15:59,1.15,1.15,1.15,1.15,325,38025,2.21,1.15,1.30
15.04.21 14:16:59,1.15,1.15,1.10,1.10,725,38025,2.21,1.10,1.15
15.04.21 14:17:59,1.10,1.20,1.10,1.15,400,38025,2.20,1.10,1.15
15.04.21 14:18:59,1.10,1.15,1.10,1.15,2375,38025,2.20,1.10,1.25
15.04.21 14:19:59,1.15,1.25,1.15,1.20,750,40100,2.20,1.15,1.25
15.04.21 14:20:59,1.15,1.25,1.15,1.20,425,40100,2.20,1.15,1.25
15.04.21 14:21:59,1.25,1.25,1.15,1.15,75,40100,2.20,1.10,1.20
15.04.21 14:22:59,1.10,1.25,1.10,1.25,425,40600,2.20,1.20,1.25
15.04.21 14:23:59,1.20,1.25,1.15,1.15,1050,40600,2.20,1.10,1.20
15.04.21 14:24:59,1.25,1.60,1.20,1.60,2275,41150,2.20,1.45,1.65
15.04.21 14:25:59,1.50,1.60,1.30,1.30,1200,41150,2.19,1.25,1.35
15.04.21 14:26:59,1.35,1.35,1.15,1.20,975,41150,2.19,1.15,1.20
15.04.21 14:27:59,1.10,1.15,1.05,1.10,1550,38975,2.19,1.10,1.20
15.04.21 14:28:59,1.10,1.25,1.10,1.15,1050,38975,2.19,1.15,1.25
15.04.21 14:29:59,1.15,1.25,1.05,1.10,1525,38975,2.19,1.10,1.15
15.04.21 14:30:59,1.20,1.20,1.10,1.10,1025,38800,2.19,1.05,1.20
15.04.21 14:31:59,1.10,1.15,1.10,1.10,250,38800,2.19,1.05,1.15
15.04.21 14:32:59,1.10,1.15,1.10,1.10,1250,38800,2.18,1.10,1.15
15.04.21 14:33:59,1.15,1.15,1.05,1.10,350,38500,2.18,1.00,1.10
15.04.21 14:34:59,1.10,1.10,1.05,1.05,300,38500,2.18,1.00,1.10
15.04.21 14:35:59,1.10,1.10,0.90,1.10,1050,38500,2.18,0.90,1.10
15.04.21 14:36:59,1.05,1.10,1.00,1.10,650,37925,2.18,1.00,1.15
15.04.21 14:37:59,1.05,1.10,0.95,0.95,675,37925,2.18,0.95,1.15
15.04.21 14:38:59,1.10,1.10,0.90,1.00,375,37925,2.18,0.90,1.05
15.04.21 14:39:59,1.00,1.10,0.95,1.10,250,37700,2.18,0.95,1.10
15.04.21 14:40:59,1.10,1.25,1.00,1.15,1700,37700,2.18,1.15,1.25
15.04.21 14:41:59,1.20,1.40,1.05,1.40,1475,37700,2.18,1.35,1.45
15.04.21 14:42:59,1.45,1.45,1.15,1.15,2375,37850,2.17,1.10,1.20
15.04.21 14:43:59,1.10,1.10,1.05,1.10,125,37850,2.17,1.00,1.10
15.04.21 14:44:59,1.05,1.10,1.05,1.10,1050,37850,2.17,0.95,1.10
15.04.21 14:45:59,1.10,1.15,1.00,1.00,1175,37350,2.17,0.95,1.30
15.04.21 14:46:59,1.00,1.00,0.90,0.95,1475,37350,2.17,0.85,1.00
15.04.21 14:47:59,0.85,0.95,0.85,0.90,1275,37350,2.17,0.85,0.90
15.04.21 14:48:59,0.85,0.85,0.75,0.75,375,37200,2.16,0.70,0.75
15.04.21 14:49:59,0.75,0.75,0.70,0.70,950,37200,2.16,0.60,0.70
15.04.21 14:50:59,0.65,0.70,0.60,0.60,250,37200,2.16,0.60,0.70
15.04.21 14:51:59,0.60,0.65,0.60,0.65,225,37075,2.16,0.60,0.65
15.04.21 14:52:59,0.65,0.70,0.55,0.55,650,37075,2.16,0.55,0.60
15.04.21 14:53:59,0.65,0.65,0.60,0.60,75,37075,2.16,0.55,0.60
15.04.21 14:54:59,0.50,0.65,0.50,0.55,1450,36850,2.16,0.50,0.60
15.04.21 14:55:59,0.55,0.55,0.50,0.50,2875,36850,2.15,0.50,0.55
15.04.21 14:56:59,0.50,0.50,0.45,0.50,1275,36850,2.15,0.40,0.55
15.04.21 14:57:59,0.45,0.45,0.45,0.45,500,37800,2.15,0.40,0.50
15.04.21 14:58:59,0.45,0.45,0.35,0.40,1575,37800,2.15,0.35,0.40
15.04.21 14:59:59,0.40,0.40,0.30,0.30,800,37800,2.15,0.30,0.35
15.04.21 15:00:59,0.30,0.30,0.25,0.25,2925,40975,2.14,0.20,0.35
15.04.21 15:01:59,0.20,0.20,0.20,0.20,50,40975,2.14,0.20,0.30
15.04.21 15:02:59,0.20,0.30,0.20,0.30,275,40975,2.14,0.25,0.40
15.04.21 15:03:59,0.25,0.35,0.25,0.35,75,39875,2.14,0.30,0.85
15.04.21 15:04:59,0.30,0.35,0.20,0.25,650,39875,2.14,0.20,0.30
15.04.21 15:05:59,0.30,0.30,0.10,0.10,1475,39875,2.13,0.15,0.30
15.04.21 15:06:59,0.15,0.15,0.15,0.15,250,39875,2.13,0.20,0.30
15.04.21 15:07:59,0.25,0.25,0.25,0.25,25,40500,2.13,0.15,0.30
15.04.21 15:09:59,0.10,0.10,0.10,0.10,500,40500,2.13,0.15,0.25
15.04.21 15:11:59,0.10,0.25,0.10,0.25,125,40375,2.13,0.10,0.25
15.04.21 15:14:59,0.10,0.10,0.10,0.10,75,40475,2.13,0.10,0.25
15.04.21 15:15:59,0.10,0.15,0.05,0.10,3075,39550,2.12,0.05,0.20
15.04.21 15:16:59,0.05,0.15,0.05,0.15,275,39550,2.12,0.05,0.20
15.04.21 15:17:59,0.10,0.10,0.10,0.10,50,39550,2.12,0.05,0.15
15.04.21 15:18:59,0.10,0.10,0.10,0.10,675,39550,2.12,0.05,0.20
15.04.21 15:20:59,0.05,0.05,0.05,0.05,50,37175,2.12,0.05,0.15
15.04.21 15:21:59,0.05,0.05,0.05,0.05,1400,37175,2.12,0.05,0.10
15.04.21 15:22:59,0.05,0.05,0.05,0.05,325,36425,2.12,0.00,0.05
15.04.21 15:24:59,0.05,0.05,0.05,0.05,50,36275,2.12,0.00,0.05
15.04.21 15:25:59,0.05,0.05,0.05,0.05,250,36275,2.12,0.00,0.10
15.04.21 15:28:59,0.05,0.05,0.05,0.05,150,35625,2.12,0.00,0.10
15.04.21 15:30:00,0.05,0.05,0.05,0.05,125,35625,2.12,0.00,0.05
