0,1,2,3,4,5,6,7,8,9
15.04.21 13:30:59,337.85,337.85,337.85,337.85,40,0,337.85,150.00,0.00
15.04.21 15:18:59,247.55,247.55,247.55,247.55,40,40,292.70,105.05,247.25
16.04.21 09:32:59,180.80,180.80,153.80,156.10,320,80,158.53,153.95,156.40
16.04.21 09:33:59,152.70,152.70,149.25,149.25,160,80,156.00,147.30,150.05
16.04.21 09:34:59,148.40,148.40,148.40,148.40,40,80,155.41,149.90,152.25
16.04.21 09:35:59,149.70,149.70,149.70,149.70,40,360,155.00,149.15,151.30
16.04.21 09:37:59,157.50,157.50,157.50,157.50,40,360,155.17,155.00,157.45
16.04.21 09:38:59,159.10,159.10,159.10,159.10,40,360,155.41,157.35,158.60
16.04.21 09:43:59,158.75,158.75,158.75,158.75,160,400,156.04,154.65,157.75
16.04.21 09:44:59,158.00,158.00,156.75,156.75,80,560,156.16,159.20,159.75
16.04.21 09:45:59,152.60,152.60,151.70,151.70,120,560,155.68,140.05,143.25
16.04.21 09:46:59,143.85,143.85,143.85,143.85,80,560,154.80,145.40,147.60
16.04.21 09:48:59,145.90,145.90,145.90,145.90,40,720,154.48,145.20,146.80
16.04.21 09:49:59,146.30,146.30,146.30,146.30,40,720,154.20,147.65,148.05
16.04.21 09:50:59,147.65,147.65,143.90,143.90,80,680,153.66,146.30,148.75
16.04.21 09:53:59,145.95,145.95,142.45,142.45,80,680,153.08,141.20,143.40
16.04.21 09:54:59,134.45,134.45,134.45,134.45,40,720,152.53,134.30,137.30
16.04.21 10:00:59,139.15,139.15,139.15,139.15,40,720,152.15,140.40,142.45
16.04.21 10:01:59,145.00,145.00,145.00,145.00,40,720,151.95,149.35,152.70
16.04.21 10:02:59,148.55,153.75,148.55,153.75,80,680,151.91,156.25,159.00
16.04.21 10:05:59,157.40,157.40,157.40,157.40,120,680,152.30,159.40,161.50
16.04.21 10:06:59,155.85,155.85,155.85,155.85,40,680,152.38,149.55,153.00
16.04.21 10:09:59,146.30,146.30,146.30,146.30,40,600,152.24,146.10,148.75
16.04.21 10:15:59,142.45,142.45,142.45,142.45,40,600,152.02,144.70,145.55
16.04.21 10:16:59,145.15,145.15,145.15,145.15,80,600,151.72,146.45,148.25
16.04.21 10:18:59,145.15,145.15,145.15,145.15,40,560,151.58,144.90,147.45
16.04.21 10:25:59,141.40,141.40,141.40,141.40,40,560,151.36,142.90,145.50
16.04.21 10:27:59,145.55,145.55,145.55,145.55,40,560,151.25,141.55,143.30
16.04.21 10:28:59,143.30,143.30,143.30,143.30,40,560,151.09,142.35,145.30
16.04.21 10:30:59,138.45,138.45,138.45,138.45,40,640,150.84,138.30,141.05
16.04.21 10:31:59,137.95,137.95,137.95,137.95,40,640,150.59,140.00,143.00
16.04.21 10:35:59,137.85,137.85,137.85,137.85,40,720,150.35,136.30,138.30
16.04.21 10:37:59,138.75,138.75,138.75,138.75,80,720,149.93,138.65,140.45
16.04.21 10:40:59,137.30,137.30,137.30,137.30,40,720,149.70,136.60,138.45
16.04.21 10:43:59,148.40,148.40,148.40,148.40,40,760,149.68,145.60,148.25
16.04.21 10:44:59,147.30,147.30,147.30,147.30,40,760,149.64,147.70,150.10
16.04.21 10:46:59,152.15,152.15,152.15,152.15,40,760,149.68,147.25,150.20
16.04.21 10:54:59,151.75,151.75,151.75,151.75,40,760,149.72,152.00,154.30
16.04.21 10:56:59,147.85,147.85,147.85,147.85,40,760,149.69,147.70,149.85
16.04.21 11:00:59,146.00,146.00,146.00,146.00,40,800,149.63,145.20,147.20
16.04.21 11:01:59,145.75,145.75,145.75,145.75,40,800,149.56,144.95,146.70
16.04.21 11:02:59,148.05,148.05,148.05,148.05,40,800,149.54,145.35,148.00
16.04.21 11:04:59,150.00,150.00,150.00,150.00,40,720,149.55,152.30,154.55
16.04.21 11:12:59,145.45,147.15,145.45,147.15,80,720,149.45,144.25,145.60
16.04.21 11:13:59,147.45,147.45,147.45,147.45,40,720,149.42,143.20,144.80
16.04.21 11:15:59,143.75,143.75,143.75,143.75,40,720,149.34,144.15,145.15
16.04.21 11:17:59,145.45,145.45,145.00,145.00,80,800,149.22,141.95,143.60
16.04.21 11:20:59,138.20,138.20,138.20,138.20,40,760,149.07,137.05,139.45
16.04.21 11:21:59,139.45,139.45,139.45,139.45,80,760,148.81,138.85,141.00
16.04.21 11:24:59,139.95,139.95,139.95,139.95,40,880,148.69,141.20,142.65
16.04.21 11:36:59,149.85,149.85,149.85,149.85,40,920,148.71,145.15,147.45
16.04.21 11:48:59,157.60,157.60,157.60,157.60,40,960,148.82,156.20,158.35
16.04.21 11:50:59,157.60,159.35,157.60,159.35,80,960,149.07,151.75,153.50
16.04.21 11:52:59,150.00,150.00,150.00,150.00,240,1000,149.13,147.50,150.05
16.04.21 11:53:59,146.10,146.10,146.10,146.10,80,1000,149.06,146.95,148.85
16.04.21 11:56:59,149.05,151.10,149.05,151.10,80,1200,149.08,150.70,151.95
16.04.21 12:00:59,154.85,154.85,154.85,154.85,40,1200,149.15,154.45,157.45
16.04.21 12:05:59,164.75,164.75,164.75,164.75,40,1240,149.32,160.30,162.45
16.04.21 12:09:59,163.30,164.10,163.30,164.10,80,1200,149.63,162.55,164.20
16.04.21 12:16:59,160.65,162.10,160.65,161.85,400,1200,150.79,162.15,164.35
16.04.21 12:28:59,164.15,164.15,164.15,164.15,40,1200,150.91,162.95,164.15
16.04.21 12:29:59,161.85,161.85,161.85,161.85,40,1200,151.02,156.25,158.35
16.04.21 12:32:59,161.00,161.00,161.00,161.00,40,1200,151.11,157.55,159.35
16.04.21 12:36:59,144.25,148.00,144.25,148.00,240,1200,150.89,150.25,152.95
16.04.21 12:43:59,153.00,153.00,153.00,153.00,40,1160,150.90,154.25,156.45
16.04.21 12:45:59,149.15,149.15,148.20,148.20,80,1160,150.87,147.30,148.25
16.04.21 12:49:59,142.00,142.00,142.00,142.00,40,1160,150.79,139.85,141.75
16.04.21 12:53:59,141.55,143.35,141.55,143.25,160,1120,150.52,145.15,145.70
16.04.21 12:54:59,145.70,145.70,145.70,145.70,40,1120,150.48,143.90,147.05
16.04.21 13:07:59,152.55,152.55,152.55,152.55,40,1160,150.49,150.95,152.80
16.04.21 13:19:59,155.00,155.00,153.45,153.45,120,1200,150.59,152.15,154.90
16.04.21 13:21:59,156.15,156.15,154.75,154.75,80,1160,150.66,148.85,151.10
16.04.21 13:25:59,147.25,147.25,147.25,147.25,40,1160,150.64,147.15,150.20
16.04.21 13:26:59,151.40,151.40,151.40,151.40,40,1160,150.64,149.85,151.95
16.04.21 13:33:59,159.30,159.30,159.30,159.30,40,1200,150.71,152.10,153.95
16.04.21 13:42:59,144.35,144.35,144.20,144.20,160,1160,150.51,145.60,147.90
16.04.21 13:43:59,146.30,148.00,146.30,148.00,80,1160,150.46,147.00,149.30
16.04.21 13:57:59,149.90,149.90,149.90,149.90,40,1240,150.46,152.00,155.15
16.04.21 13:58:59,157.65,157.65,157.65,157.65,80,1240,150.58,155.55,157.40
16.04.21 14:01:59,166.10,170.65,166.10,166.35,280,1240,151.38,165.35,167.80
16.04.21 14:02:59,168.75,174.20,168.75,173.65,280,1240,152.30,165.55,168.15
16.04.21 14:04:59,164.80,164.80,164.80,164.80,80,1440,152.48,164.55,167.35
16.04.21 14:08:59,167.15,167.15,167.15,167.15,120,1360,152.76,167.60,170.05
16.04.21 14:12:59,154.10,154.10,154.10,154.10,40,1320,152.77,156.45,157.85
16.04.21 14:14:59,157.30,157.30,155.20,155.20,120,1280,152.84,153.25,155.60
16.04.21 14:15:59,151.80,151.80,151.25,151.25,120,1280,152.81,152.00,154.30
16.04.21 14:16:59,153.35,153.35,153.35,153.35,40,1160,152.82,149.25,151.75
16.04.21 14:18:59,153.20,153.20,153.20,153.20,40,1160,152.82,152.25,154.45
16.04.21 14:22:59,145.50,145.50,145.50,145.50,40,1120,152.77,138.30,141.55
16.04.21 14:23:59,136.30,136.30,122.80,125.95,920,1120,150.24,126.90,129.80
16.04.21 14:24:59,125.95,128.55,125.95,128.55,80,1000,150.00,128.50,129.90
16.04.21 14:25:59,125.45,128.80,125.45,128.80,80,1000,149.77,125.90,127.95
16.04.21 14:27:59,129.85,130.80,129.75,130.80,280,960,149.08,130.20,132.10
16.04.21 14:32:59,135.50,135.50,135.50,135.50,40,920,149.01,133.45,135.90
16.04.21 14:41:59,129.15,129.15,129.15,129.15,40,920,148.92,127.40,128.60
16.04.21 14:46:59,124.00,125.75,124.00,125.75,160,880,148.45,126.70,128.95
16.04.21 14:48:59,127.75,127.75,127.75,127.75,40,920,148.35,127.45,128.65
16.04.21 14:50:59,133.70,136.75,133.70,136.75,160,920,148.12,136.10,138.00
16.04.21 14:51:59,144.15,144.15,144.15,144.15,80,920,148.08,138.75,139.70
16.04.21 14:52:59,140.10,142.60,140.10,142.60,120,960,147.99,141.30,142.85
16.04.21 14:53:59,142.65,142.65,142.00,142.00,120,960,147.92,141.85,142.90
16.04.21 14:59:59,140.25,143.85,140.25,143.65,240,1120,147.76,143.30,144.00
16.04.21 15:00:59,142.70,151.55,142.70,151.55,480,1480,147.83,153.85,155.50
16.04.21 15:03:59,152.80,152.85,152.80,152.85,120,1480,147.90,151.20,151.85
16.04.21 15:04:59,151.95,152.60,151.95,152.60,160,1480,147.97,151.35,153.50
16.04.21 15:07:59,157.70,157.70,157.70,157.70,40,1360,148.01,157.50,158.85
16.04.21 15:09:59,157.70,157.70,157.70,157.70,160,1360,148.16,150.85,152.70
16.04.21 15:10:59,149.65,149.65,146.10,146.10,80,1400,148.16,149.25,150.80
16.04.21 15:11:59,151.15,151.15,151.15,151.15,80,1400,148.18,151.40,153.20
16.04.21 15:12:59,152.25,152.25,152.20,152.25,120,1400,148.23,151.90,153.65
16.04.21 15:15:59,157.70,157.70,155.80,155.80,80,1200,148.29,157.15,158.10
16.04.21 15:17:59,154.35,154.35,154.35,154.35,80,1200,148.34,151.75,155.05
16.04.21 15:20:59,155.70,155.70,146.95,146.95,240,1200,148.38,148.70,150.60
16.04.21 15:22:59,154.65,155.00,152.85,152.85,120,1080,148.44,153.60,155.10
16.04.21 15:25:59,161.50,161.50,161.50,161.50,40,1120,148.49,162.05,163.80
16.04.21 15:26:59,165.35,165.35,165.35,165.35,40,1120,148.55,164.10,165.50
16.04.21 15:27:59,165.50,165.50,165.15,165.15,120,1120,148.73,165.10,165.75
16.04.21 15:28:59,165.75,170.55,165.75,169.55,280,1120,149.25,169.35,171.80
16.04.21 15:30:00,170.05,170.05,170.05,170.05,40,1120,149.32,151.85,172.00
19.04.21 09:26:59,477.40,477.40,476.60,476.60,80,1120,477.00,200.05,0.00
19.04.21 09:29:59,479.90,484.85,475.60,475.85,640,1160,477.83,200.05,482.10
19.04.21 09:30:59,485.20,507.65,485.20,507.55,120,1160,481.02,458.70,517.70
19.04.21 09:31:59,498.95,498.95,498.95,498.95,80,1160,482.74,459.05,511.85
19.04.21 09:32:59,503.90,503.90,503.90,503.90,40,1440,483.62,499.25,507.85
19.04.21 09:33:59,500.65,500.65,498.70,498.70,80,1440,484.86,500.25,509.05
19.04.21 09:34:59,513.75,513.75,502.00,502.00,80,1440,486.50,451.00,568.20
19.04.21 09:42:59,550.00,550.10,550.00,550.10,200,1400,496.13,534.50,578.25
19.04.21 09:51:59,436.25,436.45,436.25,436.45,80,1240,492.71,542.35,582.70
19.04.21 10:07:59,508.00,508.00,507.85,507.85,80,1240,493.53,505.15,511.90
19.04.21 10:08:59,508.70,508.70,498.65,498.65,160,1240,494.57,493.40,501.10
19.04.21 10:09:59,474.85,476.25,470.50,470.50,240,1240,491.85,469.95,479.50
19.04.21 10:11:59,466.40,466.40,466.40,466.40,40,1240,491.32,454.80,462.25
19.04.21 10:23:59,498.85,498.85,498.85,498.85,40,1200,491.47,483.35,494.25
19.04.21 10:28:59,482.25,482.25,480.80,480.80,200,1200,490.51,472.85,483.00
19.04.21 10:38:59,467.20,467.20,467.20,467.20,40,1080,490.08,451.85,462.75
19.04.21 10:39:59,448.70,448.70,431.25,431.25,160,1040,486.69,418.50,0.00
19.04.21 10:40:59,428.10,428.10,428.10,428.10,40,1040,485.71,430.55,0.00
19.04.21 10:48:59,454.10,454.10,454.10,454.10,40,960,485.19,448.95,0.00
19.04.21 10:54:59,438.65,438.65,438.65,438.65,40,920,484.44,430.00,0.00
19.04.21 11:04:59,439.60,439.60,439.60,439.60,40,880,483.73,436.05,447.50
19.04.21 11:13:59,431.05,431.05,431.05,431.05,40,920,482.91,431.50,440.40
19.04.21 11:15:59,447.60,447.60,446.45,446.45,200,880,480.32,460.50,470.65
19.04.21 11:19:59,482.10,482.10,482.10,482.10,40,840,480.35,476.80,488.35
19.04.21 11:24:59,467.35,469.85,467.35,469.85,80,880,480.02,475.75,485.35
19.04.21 11:25:59,477.15,477.15,477.15,477.15,80,880,479.95,464.45,474.60
19.04.21 11:36:59,509.25,509.25,509.25,509.25,120,1000,481.09,503.05,513.40
19.04.21 11:37:59,501.85,501.85,501.85,501.85,40,1000,481.35,493.25,505.00
19.04.21 11:51:59,480.20,480.20,480.20,480.20,40,1120,481.34,479.35,487.95
19.04.21 12:56:59,451.30,451.30,427.30,427.30,280,1160,477.81,424.65,427.35
19.04.21 12:57:59,427.35,427.35,427.35,427.35,40,1160,477.23,427.65,434.50
19.04.21 13:00:59,430.15,430.15,430.15,430.15,80,1040,476.17,425.30,431.35
19.04.21 13:08:59,447.90,447.90,447.90,447.90,40,960,475.85,437.55,445.85
19.04.21 13:22:59,412.10,412.10,408.50,408.50,80,960,474.43,410.20,417.10
19.04.21 13:29:59,430.70,430.70,430.70,430.70,40,920,473.96,433.30,438.70
19.04.21 13:30:59,430.25,430.25,430.25,430.25,40,920,473.49,418.65,423.15
19.04.21 13:31:59,428.55,428.55,428.55,428.55,40,880,473.02,421.85,427.80
19.04.21 13:39:59,436.00,436.00,436.00,436.00,40,840,472.63,433.10,442.50
19.04.21 14:45:59,409.95,409.95,409.95,409.95,40,840,471.99,401.40,409.00
19.04.21 15:02:59,322.35,322.35,322.35,322.35,40,840,470.46,323.80,332.30
19.04.21 15:03:59,328.60,328.60,328.60,328.60,40,880,469.03,317.90,325.75
19.04.21 15:06:59,316.90,316.90,316.90,316.90,40,880,467.51,321.35,328.25
19.04.21 15:10:59,313.10,313.10,313.10,313.10,40,880,465.98,303.20,307.70
19.04.21 15:17:59,307.50,307.50,301.80,301.80,120,840,461.35,297.05,304.00
19.04.21 15:18:59,303.75,305.05,303.75,305.05,80,840,458.39,301.00,304.50
19.04.21 15:19:59,302.55,302.55,294.35,294.35,120,880,453.95,291.05,296.90
19.04.21 15:20:59,293.40,293.40,291.05,291.05,160,880,448.23,293.05,297.35
19.04.21 15:22:59,293.65,293.65,291.60,291.60,120,800,444.21,287.75,294.50
19.04.21 15:30:00,299.25,299.25,294.75,294.75,120,840,440.48,13.20,0.00
20.04.21 09:18:59,181.25,183.15,181.25,183.15,80,960,182.20,181.15,0.00
20.04.21 09:20:59,176.30,176.30,170.65,171.15,320,1040,174.65,135.25,0.00
20.04.21 09:21:59,167.50,171.25,164.10,166.35,1200,1040,167.96,138.80,168.65
20.04.21 09:22:59,167.20,167.20,153.40,155.65,640,1040,165.42,154.10,157.30
20.04.21 09:23:59,154.40,154.40,152.15,153.55,280,2080,164.09,115.95,154.60
20.04.21 09:24:59,147.40,147.40,147.35,147.40,80,2080,163.57,134.80,148.40
20.04.21 09:25:59,147.55,151.15,144.95,144.95,160,2080,162.66,144.90,148.85
20.04.21 09:26:59,144.60,145.50,137.75,137.75,280,2000,160.86,136.60,139.70
20.04.21 09:27:59,139.55,139.55,136.45,138.45,160,2000,159.73,137.35,138.40
20.04.21 09:28:59,138.45,143.80,138.45,143.80,360,2000,157.85,147.40,150.45
20.04.21 09:30:59,150.00,150.00,150.00,150.00,400,2120,157.05,149.25,152.60
20.04.21 09:31:59,150.10,150.10,150.10,150.10,40,2120,156.98,157.30,159.70
20.04.21 09:34:59,160.10,162.20,160.10,162.20,80,2560,157.07,161.75,163.80
20.04.21 09:35:59,163.80,163.80,162.05,162.05,200,2560,157.25,162.65,166.85
20.04.21 09:36:59,168.70,168.70,165.00,165.00,120,2560,157.53,159.20,162.85
20.04.21 09:38:59,167.25,167.25,167.25,167.25,80,2520,157.70,166.15,169.45
20.04.21 09:40:59,164.00,164.80,164.00,164.80,120,2520,157.88,159.85,164.85
20.04.21 09:41:59,164.00,164.65,164.00,164.65,80,2520,157.99,162.00,165.30
20.04.21 09:42:59,155.40,155.40,155.40,155.40,40,2600,157.97,154.75,157.25
20.04.21 09:43:59,153.15,155.55,153.15,155.55,80,2600,157.91,154.00,155.45
20.04.21 09:44:59,154.70,154.70,151.80,152.10,120,2520,157.78,148.25,151.70
20.04.21 09:46:59,151.30,152.90,151.30,152.90,120,2520,157.64,148.40,152.05
20.04.21 09:48:59,150.80,150.80,150.80,150.80,40,2400,157.59,153.70,157.55
20.04.21 09:50:59,156.80,166.30,156.80,166.30,760,2280,158.42,160.55,164.35
20.04.21 09:51:59,161.45,161.45,161.45,161.45,120,2280,158.51,160.35,163.05
20.04.21 09:52:59,163.05,165.85,163.05,164.10,240,2280,158.73,166.65,169.50
20.04.21 09:53:59,169.95,171.85,169.65,169.65,240,2240,159.17,164.45,167.20
20.04.21 09:54:59,168.65,169.85,168.10,168.10,160,2240,159.41,166.75,170.50
20.04.21 09:56:59,169.10,169.10,169.10,169.10,40,2080,159.47,165.50,167.95
20.04.21 09:58:59,171.00,171.00,171.00,171.00,200,2080,159.82,168.30,170.95
20.04.21 09:59:59,170.95,172.55,168.35,168.35,160,2080,160.06,167.95,170.70
20.04.21 10:00:59,168.75,168.75,158.65,161.20,320,2080,160.19,160.15,163.60
20.04.21 10:01:59,169.60,169.60,169.60,169.60,40,2080,160.24,169.60,171.70
20.04.21 10:03:59,170.00,170.00,169.95,169.95,80,2040,160.35,168.30,172.95
20.04.21 10:04:59,170.50,170.50,167.50,167.50,120,2040,160.49,164.85,167.75
20.04.21 10:06:59,175.00,175.00,175.00,175.00,40,2040,160.56,175.45,178.45
20.04.21 10:07:59,175.45,178.70,175.45,178.70,120,2040,160.83,178.00,179.85
20.04.21 10:08:59,178.00,178.00,178.00,178.00,40,0,160.91,172.20,173.80
20.04.21 10:09:59,173.80,177.10,173.80,177.10,440,2000,161.75,171.85,175.10
20.04.21 10:10:59,173.65,176.55,173.65,176.55,80,2000,161.88,178.45,180.15
20.04.21 10:11:59,180.40,180.40,180.00,180.00,160,2200,162.23,174.85,177.25
20.04.21 10:12:59,177.25,177.25,177.25,177.25,40,2200,162.30,170.20,172.30
20.04.21 10:13:59,172.30,173.85,172.30,173.85,80,2200,162.40,176.10,179.45
20.04.21 10:14:59,179.45,182.45,179.45,182.45,80,2160,162.57,178.05,181.85
20.04.21 10:15:59,183.30,184.60,183.30,184.60,320,2160,163.34,170.55,173.85
20.04.21 10:16:59,170.00,172.20,170.00,172.20,120,2160,163.44,171.85,175.05
20.04.21 10:17:59,169.95,169.95,169.95,169.95,40,2200,163.47,165.75,168.70
20.04.21 10:18:59,171.10,171.10,168.35,169.95,360,2200,163.72,168.60,171.35
20.04.21 10:19:59,171.20,171.20,171.10,171.10,80,2200,163.78,169.10,171.60
20.04.21 10:20:59,167.95,168.65,167.95,168.65,120,2360,163.84,168.55,171.30
20.04.21 10:21:59,170.25,173.00,170.25,173.00,120,2360,163.94,168.65,170.90
20.04.21 10:23:59,166.75,168.30,166.75,168.30,80,2560,163.97,165.50,169.10
20.04.21 10:24:59,167.75,167.75,166.35,166.35,80,2560,163.99,165.80,169.15
20.04.21 10:25:59,168.70,169.40,168.70,169.40,120,2560,164.05,166.70,169.35
20.04.21 10:26:59,169.35,169.35,169.35,169.35,40,2560,164.07,167.80,170.70
20.04.21 10:27:59,168.85,168.85,168.85,168.85,40,2560,164.09,170.30,172.95
20.04.21 10:30:59,169.10,169.10,169.10,169.10,40,2520,164.11,169.95,172.50
20.04.21 10:34:59,175.40,175.40,171.80,174.20,240,2560,164.33,171.15,172.80
20.04.21 10:35:59,169.30,172.15,169.30,172.15,80,2560,164.38,172.75,175.00
20.04.21 10:36:59,172.75,172.75,172.35,172.35,80,2600,164.44,171.45,174.50
20.04.21 10:37:59,171.40,171.40,171.40,171.40,40,2600,164.47,167.25,170.05
20.04.21 10:38:59,162.40,165.40,162.40,165.40,80,2600,164.47,162.15,164.45
20.04.21 10:39:59,161.40,163.25,161.40,163.25,120,2560,164.44,162.55,165.70
20.04.21 10:40:59,161.60,161.60,161.60,161.60,40,2560,164.43,157.70,160.50
20.04.21 10:41:59,160.10,161.95,160.10,161.45,120,2560,164.39,160.85,161.95
20.04.21 10:42:59,162.00,162.00,162.00,162.00,240,2560,164.34,158.80,161.10
20.04.21 10:43:59,162.35,162.35,162.35,162.35,40,2560,164.34,162.70,164.00
20.04.21 10:44:59,160.30,160.30,160.30,160.30,40,2480,164.32,159.25,161.65
20.04.21 10:45:59,161.90,163.30,161.20,163.15,200,2480,164.29,161.90,163.85
20.04.21 10:46:59,162.95,162.95,162.65,162.65,160,2480,164.27,169.15,171.60
20.04.21 10:47:59,169.10,169.10,169.10,169.10,40,2480,164.28,168.05,171.20
20.04.21 10:48:59,169.45,169.45,169.45,169.45,40,2400,164.30,168.00,171.60
20.04.21 10:54:59,177.95,179.60,177.95,179.60,80,2360,164.40,176.65,179.50
20.04.21 10:55:59,178.65,180.75,178.65,180.75,80,2360,164.50,177.30,179.50
20.04.21 10:58:59,175.85,175.85,175.85,175.85,40,2520,164.54,172.20,176.50
20.04.21 10:59:59,176.50,177.15,175.90,175.90,160,2520,164.70,172.25,174.85
20.04.21 11:00:59,171.60,171.60,171.60,171.60,40,2520,164.72,169.40,173.00
20.04.21 11:01:59,174.15,174.15,174.15,174.15,40,2520,164.75,173.75,177.40
20.04.21 11:03:59,183.85,183.85,183.85,183.85,40,2480,164.82,181.05,185.20
20.04.21 11:05:59,182.05,192.30,179.95,179.95,360,2600,165.42,176.75,179.80
20.04.21 11:06:59,178.55,186.70,178.55,186.70,120,2600,165.59,188.55,190.75
20.04.21 11:07:59,186.90,186.90,185.75,185.75,120,2600,165.78,188.90,191.70
20.04.21 11:08:59,189.50,190.35,189.50,190.35,80,2600,165.93,185.60,188.95
20.04.21 11:09:59,188.55,194.60,188.55,194.55,320,2600,166.55,190.70,192.35
20.04.21 11:10:59,192.90,192.95,187.40,187.40,160,2600,166.84,187.95,190.00
20.04.21 11:11:59,190.00,195.45,187.00,187.00,240,2680,167.25,183.80,186.30
20.04.21 11:12:59,181.95,181.95,181.95,181.95,40,2680,167.29,180.25,183.25
20.04.21 11:14:59,179.25,179.25,179.25,179.25,40,2680,167.33,179.00,181.35
20.04.21 11:15:59,179.80,179.80,177.70,178.60,120,2720,167.43,174.95,177.05
20.04.21 11:17:59,182.20,186.35,182.20,186.35,320,2600,167.82,183.85,185.80
20.04.21 11:19:59,188.00,188.00,188.00,188.00,120,2600,167.99,185.95,189.20
20.04.21 11:21:59,195.80,195.80,194.00,194.00,200,2760,168.36,190.20,194.40
20.04.21 11:22:59,194.20,194.30,193.80,194.30,200,2760,168.71,193.25,195.65
20.04.21 11:23:59,195.80,195.80,195.80,195.80,40,2760,168.78,191.95,194.45
20.04.21 11:24:59,197.00,202.15,197.00,202.15,1000,2720,170.69,201.35,203.80
20.04.21 11:25:59,203.25,211.20,202.75,202.80,960,2720,172.72,203.65,207.10
20.04.21 11:26:59,207.65,207.65,202.40,202.40,200,2680,173.10,201.70,203.85
20.04.21 11:28:59,205.80,206.75,205.80,206.75,80,2680,173.26,205.35,206.75
20.04.21 11:29:59,205.35,205.35,202.60,203.80,160,2680,173.54,204.05,205.90
20.04.21 11:30:59,206.90,209.55,203.30,203.30,200,2760,173.93,200.55,203.40
20.04.21 11:31:59,202.25,202.25,193.05,195.60,360,2760,174.38,194.15,195.65
20.04.21 11:32:59,195.65,196.35,195.65,196.35,200,2760,174.61,193.30,196.75
20.04.21 11:33:59,199.45,199.45,199.05,199.05,80,2760,174.72,197.40,201.55
20.04.21 11:41:59,193.00,193.00,193.00,193.00,80,2760,174.81,191.95,195.45
20.04.21 11:43:59,187.45,187.45,187.45,187.45,40,2680,174.83,187.05,189.20
20.04.21 11:45:59,182.55,183.40,182.55,183.40,80,2640,174.87,182.30,185.00
20.04.21 11:47:59,196.05,196.05,196.05,196.05,40,2640,174.92,192.30,195.40
20.04.21 11:49:59,197.60,197.60,197.60,197.60,40,2720,174.97,197.00,199.10
20.04.21 11:53:59,200.40,200.40,200.40,200.40,40,2760,175.02,200.25,203.45
20.04.21 11:54:59,198.85,199.10,198.85,199.10,80,2720,175.13,192.75,194.00
20.04.21 11:55:59,196.90,196.90,196.90,196.90,40,2720,175.17,196.60,198.95
20.04.21 11:56:59,196.95,196.95,196.95,196.95,40,2720,175.22,201.75,202.95
20.04.21 12:00:59,190.65,190.65,190.65,190.65,40,2720,175.25,192.95,195.85
20.04.21 12:01:59,197.25,197.25,197.25,197.25,40,2720,175.30,195.35,197.40
20.04.21 12:02:59,196.15,196.15,195.70,195.70,160,2720,175.48,193.20,196.05
20.04.21 12:04:59,196.90,196.90,196.90,196.90,40,2840,175.52,196.30,198.90
20.04.21 12:05:59,195.00,195.00,195.00,195.00,40,2840,175.56,194.25,197.55
20.04.21 12:06:59,197.40,198.20,197.40,198.20,80,2760,175.66,196.55,198.50
20.04.21 12:07:59,199.50,201.15,199.45,201.15,120,2760,175.81,200.80,202.20
20.04.21 12:08:59,200.80,200.80,200.80,200.80,80,0,175.92,198.10,202.10
20.04.21 12:10:59,201.80,201.80,201.80,201.80,40,2840,175.97,195.90,199.75
20.04.21 12:11:59,199.75,199.75,199.75,199.75,40,2840,176.02,196.80,199.50
20.04.21 12:12:59,199.90,199.90,199.90,199.90,40,2840,176.07,200.15,203.35
20.04.21 12:14:59,199.95,200.30,199.95,200.30,80,2840,176.17,198.75,201.25
20.04.21 12:17:59,195.90,195.90,195.90,195.90,40,2840,176.21,196.00,198.20
20.04.21 12:18:59,201.20,214.40,201.20,214.40,480,2800,176.93,218.30,220.00
20.04.21 12:19:59,218.35,218.35,213.35,213.35,200,2800,177.32,209.50,213.30
20.04.21 12:20:59,217.65,224.85,217.65,224.85,160,2800,177.66,215.40,218.45
20.04.21 12:21:59,211.30,216.25,211.30,216.25,120,2520,177.87,224.90,228.15
20.04.21 12:22:59,227.65,241.25,227.65,241.25,440,2520,179.03,240.55,243.50
20.04.21 12:23:59,242.50,242.50,238.85,238.85,280,2520,179.86,240.25,243.85
20.04.21 12:24:59,245.75,253.75,245.75,253.75,160,2560,180.40,253.05,256.60
20.04.21 12:25:59,255.00,255.00,237.10,237.10,520,2560,182.14,236.70,239.85
20.04.21 12:26:59,235.80,235.80,235.80,235.80,40,2560,182.24,232.20,237.20
20.04.21 12:27:59,239.90,242.40,239.90,242.40,80,2280,182.45,240.00,244.90
20.04.21 12:29:59,237.90,238.25,237.90,238.25,120,2280,182.76,235.15,239.10
20.04.21 12:30:59,226.70,226.70,226.70,226.70,80,2480,182.92,225.45,227.05
20.04.21 12:31:59,227.05,227.05,227.05,227.05,40,2480,183.00,233.25,238.40
20.04.21 12:32:59,238.00,238.00,238.00,238.00,40,2480,183.10,236.70,240.20
20.04.21 12:35:59,243.35,243.35,243.35,243.35,40,2560,183.21,243.05,246.15
20.04.21 12:37:59,253.05,253.70,253.05,253.70,80,2600,183.46,252.40,256.40
20.04.21 12:38:59,253.00,253.00,247.40,247.40,160,2600,183.94,247.25,250.75
20.04.21 12:42:59,255.05,255.05,255.05,255.05,40,2360,184.06,251.15,254.25
20.04.21 12:43:59,262.05,262.05,262.05,262.05,40,2320,184.20,267.40,270.65
20.04.21 12:44:59,270.65,270.70,265.15,265.15,240,2320,185.09,266.70,269.45
20.04.21 12:45:59,274.85,277.85,274.85,274.95,440,2280,186.84,267.25,271.85
20.04.21 12:46:59,282.45,282.45,282.45,282.45,40,2280,187.01,279.55,286.25
20.04.21 12:47:59,279.65,279.80,274.35,274.35,280,2280,188.10,273.25,276.75
20.04.21 12:49:59,259.90,259.90,255.80,257.45,200,2120,188.68,253.00,256.60
20.04.21 12:50:59,251.10,251.10,244.85,244.85,240,2120,189.28,241.05,243.95
20.04.21 12:53:59,240.30,240.30,233.20,233.30,200,1760,189.67,233.00,236.30
20.04.21 12:55:59,223.85,227.55,223.85,227.55,80,1840,189.79,225.10,229.00
20.04.21 12:56:59,238.45,240.00,238.45,240.00,80,1840,189.96,239.45,243.55
20.04.21 12:58:59,248.85,248.85,248.85,248.85,40,1800,190.05,247.40,251.00
20.04.21 12:59:59,254.05,254.05,253.10,253.10,160,1800,190.47,252.60,255.30
20.04.21 13:00:59,253.40,253.40,253.40,253.40,80,1720,190.67,253.05,256.00
20.04.21 13:01:59,260.30,260.30,260.30,260.30,40,1720,190.79,258.85,261.05
20.04.21 13:02:59,261.05,262.60,261.05,262.60,80,1720,191.02,263.80,268.40
20.04.21 13:04:59,252.75,252.75,252.75,252.75,40,1800,191.12,248.20,251.15
20.04.21 13:08:59,245.65,245.65,245.65,245.65,40,1800,191.21,244.55,247.80
20.04.21 13:10:59,251.45,256.60,251.45,255.65,440,1800,192.32,254.60,258.00
20.04.21 13:12:59,239.35,239.35,239.35,239.35,40,1800,192.39,236.95,241.70
20.04.21 13:13:59,245.70,245.70,245.70,245.70,40,1800,192.48,245.60,250.40
20.04.21 13:14:59,246.05,246.05,246.05,246.05,120,1800,192.73,240.90,243.05
20.04.21 13:15:59,241.45,241.45,241.45,241.45,80,1800,192.88,243.35,247.10
20.04.21 13:16:59,242.10,242.10,242.10,242.10,120,1880,193.12,245.20,245.90
20.04.21 13:18:59,228.85,233.70,228.85,233.65,200,1880,193.43,231.10,235.75
20.04.21 13:19:59,235.00,235.00,235.00,235.00,200,1880,193.75,236.90,239.20
20.04.21 13:21:59,239.80,239.80,239.10,239.10,80,1720,193.89,236.05,239.40
20.04.21 13:23:59,236.40,239.05,214.75,218.25,600,1720,194.59,216.45,221.10
20.04.21 13:24:59,221.10,221.10,221.10,221.10,40,1720,194.63,218.40,222.10
20.04.21 13:25:59,222.25,222.45,222.25,222.45,80,1800,194.71,221.20,225.15
20.04.21 13:26:59,225.15,225.15,225.15,225.15,40,1800,194.76,224.80,228.30
20.04.21 13:28:59,230.95,230.95,229.75,229.75,120,1720,194.91,230.50,234.50
20.04.21 13:29:59,234.50,234.50,234.50,234.50,120,1720,195.09,235.80,237.95
20.04.21 13:30:59,235.85,239.15,235.85,239.15,120,1680,195.28,246.30,251.20
20.04.21 13:31:59,247.80,247.80,247.75,247.75,80,1680,195.43,242.75,245.65
20.04.21 13:32:59,247.85,247.85,247.55,247.55,160,1680,195.74,246.25,249.45
20.04.21 13:33:59,246.20,246.20,246.20,246.20,80,1720,195.89,249.30,253.00
20.04.21 13:34:59,248.00,248.00,237.90,237.90,160,1720,196.17,238.75,242.45
20.04.21 13:35:59,242.50,242.50,242.50,242.50,80,1720,196.31,240.15,243.15
20.04.21 13:37:59,234.75,234.75,229.25,229.25,120,1760,196.46,231.40,234.95
20.04.21 13:38:59,238.00,238.00,238.00,238.00,40,1760,196.52,233.35,238.05
20.04.21 13:41:59,240.35,240.35,240.35,240.35,40,1680,196.58,241.40,245.90
20.04.21 13:42:59,244.30,244.30,244.30,244.30,40,1720,196.65,244.20,247.60
20.04.21 13:44:59,240.65,240.65,239.00,239.00,80,1720,196.77,231.70,234.45
20.04.21 13:47:59,236.25,236.25,236.25,236.25,40,1760,196.83,238.25,242.35
20.04.21 13:50:59,249.45,250.15,249.45,250.15,80,1760,196.98,228.55,232.80
20.04.21 13:51:59,225.75,230.30,225.75,230.30,80,1760,197.07,230.85,235.65
20.04.21 13:55:59,263.70,263.70,263.70,263.70,200,1800,197.54,258.95,261.30
20.04.21 13:56:59,261.30,261.30,261.30,261.30,80,1800,197.71,252.80,256.65
20.04.21 13:58:59,248.55,248.55,248.55,248.55,40,1840,197.79,249.95,253.60
20.04.21 14:01:59,252.90,252.90,252.90,252.90,40,1840,197.86,247.80,251.60
20.04.21 14:02:59,245.30,247.15,241.25,241.25,160,1840,198.12,244.25,248.95
20.04.21 14:21:59,261.95,276.20,261.95,276.20,80,1880,198.32,276.40,282.20
20.04.21 14:23:59,305.10,323.00,305.10,308.55,600,1880,200.66,303.95,309.50
20.04.21 14:24:59,310.90,310.90,310.90,310.90,40,1880,200.81,301.50,307.15
20.04.21 14:25:59,313.35,313.35,313.35,313.35,40,1880,200.96,318.95,321.50
20.04.21 14:26:59,324.60,324.60,319.80,319.80,120,1880,201.46,316.80,318.70
20.04.21 14:27:59,306.10,306.10,306.10,306.10,40,1960,201.60,301.20,306.30
20.04.21 14:28:59,311.50,311.85,311.50,311.85,80,1960,201.90,302.80,309.00
20.04.21 14:29:59,302.80,310.00,302.80,310.00,160,1960,202.46,314.40,321.15
20.04.21 14:30:59,312.75,312.75,312.75,312.75,40,1880,202.61,311.75,315.55
20.04.21 14:31:59,312.85,312.85,312.85,312.85,40,1880,202.76,306.75,311.40
20.04.21 14:34:59,333.25,336.20,333.25,336.20,240,1920,203.80,329.90,334.80
20.04.21 14:36:59,323.85,323.85,323.85,323.85,80,1920,204.11,324.00,329.50
20.04.21 14:37:59,339.40,339.40,339.10,339.10,160,2160,204.82,334.70,341.65
20.04.21 14:38:59,330.85,330.85,330.85,330.85,40,2160,204.98,336.25,342.10
20.04.21 14:43:59,336.95,336.95,336.95,336.95,40,2080,205.15,332.50,338.35
20.04.21 14:49:59,362.05,362.05,360.95,360.95,120,2040,205.77,358.00,361.40
20.04.21 14:50:59,359.55,362.25,348.85,348.85,120,2040,206.36,353.15,361.50
20.04.21 14:51:59,357.80,357.80,357.80,357.80,40,2040,206.55,361.90,368.95
20.04.21 14:52:59,366.95,366.95,366.95,366.95,40,1800,206.76,354.75,361.90
20.04.21 14:55:59,376.20,376.20,376.20,376.20,40,1800,206.98,378.00,382.10
20.04.21 14:57:59,405.00,405.00,405.00,405.00,40,1800,207.24,395.25,402.90
20.04.21 14:58:59,397.90,397.90,397.90,397.90,40,1720,207.48,368.05,376.55
20.04.21 14:59:59,391.85,391.85,391.85,391.85,80,1720,207.96,385.75,393.70
20.04.21 15:02:59,366.25,366.25,356.05,356.05,200,1600,208.94,350.45,357.10
20.04.21 15:03:59,357.90,357.90,353.05,353.05,80,1600,209.31,349.05,352.80
20.04.21 15:04:59,354.45,354.45,336.40,336.40,120,1600,209.82,332.35,337.55
20.04.21 15:05:59,336.20,336.20,336.20,336.20,40,1600,209.98,343.20,348.30
20.04.21 15:06:59,327.00,327.00,327.00,327.00,40,1520,210.13,326.20,332.30
20.04.21 15:08:59,320.65,320.65,316.45,316.45,80,1520,210.40,317.80,323.95
20.04.21 15:14:59,303.25,303.25,303.25,303.25,40,1600,210.52,297.70,303.25
20.04.21 15:17:59,309.15,309.15,307.20,307.20,80,1600,210.77,305.65,312.80
20.04.21 15:19:59,313.10,313.15,311.90,313.15,160,1600,211.28,308.05,313.20
20.04.21 15:20:59,310.75,310.75,302.85,302.85,240,1600,212.00,310.65,313.85
20.04.21 15:21:59,314.30,314.30,314.30,314.30,40,1600,212.13,311.65,316.05
20.04.21 15:22:59,319.05,319.05,319.05,319.05,40,1560,212.26,314.55,319.60
20.04.21 15:28:59,339.75,339.75,335.30,335.30,160,1520,212.88,333.95,337.05
22.04.21 09:26:59,403.15,403.15,403.15,403.15,40,1520,403.15,401.00,491.55
22.04.21 09:27:59,401.75,401.75,401.75,401.75,80,1520,402.21,407.05,435.50
22.04.21 09:29:59,374.50,374.50,374.50,374.50,40,1400,395.28,355.50,400.45
22.04.21 09:53:59,358.10,381.55,358.10,381.55,120,1360,385.92,356.95,390.15
22.04.21 10:58:59,327.50,327.50,327.50,327.50,40,1360,378.62,319.15,345.50
22.04.21 10:59:59,343.90,343.90,343.90,343.90,40,1360,374.76,324.70,349.05
22.04.21 11:01:59,354.20,354.20,354.20,354.20,40,1280,372.71,338.90,353.95
22.04.21 11:02:59,353.95,353.95,353.95,353.95,40,1280,371.00,329.65,353.10
22.04.21 11:44:59,238.00,238.00,238.00,238.00,40,1200,359.92,225.40,252.40
22.04.21 11:45:59,240.45,240.45,233.10,233.20,160,1200,328.70,234.10,249.10
22.04.21 12:01:59,220.55,220.55,220.55,220.55,40,1200,322.33,201.75,220.00
22.04.21 12:09:59,222.00,222.00,222.00,222.00,40,1200,316.76,208.40,221.80
22.04.21 12:11:59,210.80,210.80,210.80,210.80,40,1200,311.18,211.05,217.00
22.04.21 12:20:59,186.00,186.00,186.00,186.00,40,1160,304.92,190.85,202.10
22.04.21 12:21:59,185.05,185.05,185.05,185.05,40,1200,299.21,186.95,195.70
22.04.21 12:24:59,175.85,175.85,173.30,173.30,80,1200,288.38,164.20,180.55
22.04.21 12:31:59,217.70,217.70,217.70,217.70,40,1160,285.43,212.75,220.90
22.04.21 12:35:59,184.90,184.90,184.90,184.90,40,1160,281.41,185.35,194.10
22.04.21 12:37:59,188.25,190.70,188.25,190.70,80,1160,274.60,191.65,197.80
22.04.21 12:38:59,192.65,201.55,192.65,201.55,240,1160,260.39,194.20,205.00
22.04.21 12:39:59,205.00,205.00,205.00,205.00,40,1160,258.76,202.95,212.00
22.04.21 12:40:59,192.10,192.10,192.10,192.10,40,1080,256.86,184.55,208.25
22.04.21 12:46:59,200.00,200.00,200.00,200.00,240,1080,248.55,191.60,199.80
22.04.21 12:47:59,189.65,189.65,189.65,189.65,40,1080,247.15,183.75,195.60
22.04.21 12:54:59,161.30,161.30,161.30,161.30,40,1200,245.15,150.15,154.05
22.04.21 13:01:59,150.00,150.00,150.00,150.00,40,1200,242.99,147.40,155.65
22.04.21 13:05:59,133.00,135.80,133.00,135.80,120,1200,236.09,137.95,150.85
22.04.21 13:12:59,151.30,151.30,151.30,151.30,40,1280,234.32,144.80,160.40
22.04.21 13:14:59,154.65,154.65,154.65,154.65,40,1280,232.70,156.65,164.25
22.04.21 13:15:59,156.65,156.65,156.65,156.65,40,1240,231.18,160.65,163.90
22.04.21 13:16:59,160.65,160.65,156.05,156.05,160,1240,225.78,148.30,163.95
22.04.21 13:22:59,135.25,135.25,132.10,132.10,120,1240,220.96,120.30,128.30
22.04.21 13:23:59,122.80,123.65,122.80,123.65,80,1240,217.65,120.05,127.95
22.04.21 13:25:59,132.45,132.45,129.35,129.35,80,1240,214.80,128.30,136.05
22.04.21 13:26:59,136.30,136.30,136.30,136.30,40,1240,213.54,139.05,146.75
22.04.21 13:28:59,139.00,139.00,139.00,139.00,40,1240,212.35,137.60,143.85
22.04.21 13:29:59,146.15,146.15,146.15,146.15,40,1240,211.32,147.30,154.70
22.04.21 13:31:59,164.00,164.00,155.70,155.70,80,1240,209.76,147.15,152.50
22.04.21 13:32:59,152.50,152.50,148.90,148.90,80,1240,208.02,142.90,149.40
22.04.21 13:33:59,149.40,159.80,149.40,159.80,80,1240,206.50,152.35,163.90
22.04.21 13:34:59,164.20,164.20,164.20,164.20,40,1240,205.90,155.90,168.00
22.04.21 13:35:59,168.00,168.00,168.00,168.00,40,1240,205.37,151.80,159.85
22.04.21 13:36:59,151.80,151.80,148.95,148.95,80,1240,203.89,149.85,160.85
22.04.21 13:43:59,130.10,130.10,130.10,130.10,40,1240,202.90,121.40,134.65
22.04.21 13:44:59,132.30,132.30,122.75,122.75,80,1240,200.94,117.70,129.50
22.04.21 13:46:59,115.10,115.10,115.10,115.10,40,1200,199.84,101.65,117.35
22.04.21 13:48:59,117.00,119.55,117.00,119.55,80,1200,197.80,118.55,129.45
22.04.21 13:49:59,118.50,118.50,91.95,106.60,280,1200,190.72,101.30,106.90
22.04.21 13:50:59,108.80,108.80,108.80,108.80,40,1200,189.79,107.05,116.35
22.04.21 13:51:59,111.50,111.50,111.50,111.50,40,1200,188.91,113.45,122.30
22.04.21 13:57:59,125.00,125.00,125.00,125.00,40,1280,188.20,115.60,123.05
22.04.21 13:58:59,111.55,111.55,111.55,111.55,80,1240,186.53,106.45,113.50
22.04.21 14:03:59,86.75,86.75,86.75,86.75,80,1200,184.41,79.40,87.60
22.04.21 14:06:59,92.30,92.30,87.25,87.25,120,1160,181.51,82.60,87.30
22.04.21 14:07:59,87.30,89.45,87.30,89.45,80,1160,179.63,90.75,98.90
22.04.21 14:09:59,88.05,88.05,88.05,88.05,80,1160,177.81,85.90,93.70
22.04.21 14:11:59,88.65,88.65,67.00,67.00,280,1280,170.91,66.30,67.55
22.04.21 14:12:59,66.30,72.30,66.30,72.30,240,1280,165.50,64.70,71.95
22.04.21 14:13:59,71.75,71.75,63.05,64.10,160,1400,162.12,63.05,70.75
22.04.21 14:14:59,63.00,63.00,63.00,63.00,120,1400,159.66,54.00,67.00
22.04.21 14:15:59,67.00,67.00,67.00,67.00,40,1400,158.90,60.00,70.00
22.04.21 14:18:59,65.60,65.60,65.60,65.60,40,1400,158.15,69.70,83.35
22.04.21 14:20:59,80.00,80.00,80.00,80.00,40,1360,157.52,71.35,94.65
22.04.21 14:21:59,66.75,66.75,66.75,66.75,40,1360,156.79,64.05,78.80
22.04.21 14:23:59,79.25,79.25,79.25,79.25,80,1280,155.57,71.85,87.90
22.04.21 14:30:59,78.90,78.90,62.90,62.90,160,1400,152.98,54.75,62.65
22.04.21 14:31:59,60.90,60.90,60.90,60.90,120,1400,150.92,53.05,63.05
22.04.21 14:32:59,55.70,55.70,55.70,55.70,40,1400,150.21,54.60,64.15
22.04.21 14:33:59,54.25,54.25,54.25,54.25,40,1400,149.51,46.45,64.55
22.04.21 14:34:59,66.10,66.10,44.40,44.40,160,1520,146.66,40.00,56.95
22.04.21 14:35:59,40.40,40.40,40.40,40.40,40,1520,145.91,40.40,49.40
22.04.21 14:36:59,49.45,49.45,49.45,49.45,40,1520,145.23,40.45,49.00
22.04.21 14:37:59,40.45,40.45,40.00,40.00,80,1720,143.77,39.00,43.45
22.04.21 14:38:59,39.00,39.00,39.00,39.00,80,1720,142.33,33.05,42.45
22.04.21 14:39:59,39.00,39.00,39.00,39.00,40,1720,141.63,35.00,43.05
22.04.21 14:40:59,33.00,33.00,32.90,32.90,200,1760,138.06,33.00,37.85
22.04.21 14:41:59,33.00,33.05,33.00,33.05,120,1760,136.02,34.05,37.80
22.04.21 14:42:59,34.05,34.05,34.05,34.05,40,1760,135.37,35.00,37.70
22.04.21 14:43:59,35.00,35.15,35.00,35.15,80,1960,134.10,26.15,35.10
22.04.21 14:44:59,30.45,34.90,30.40,34.90,120,1960,132.20,34.85,37.95
22.04.21 14:45:59,37.30,38.00,37.30,38.00,320,1960,127.72,27.05,37.80
22.04.21 14:46:59,35.95,35.95,35.95,35.95,40,1960,127.18,29.00,33.00
22.04.21 14:47:59,29.00,29.00,20.15,20.15,120,1960,125.37,20.05,25.95
22.04.21 14:48:59,26.00,26.00,20.00,20.00,400,1960,119.88,15.05,26.55
22.04.21 14:49:59,20.00,20.00,20.00,20.00,40,2280,119.34,19.00,20.00
22.04.21 14:50:59,20.00,20.95,17.95,17.95,400,2280,114.19,12.15,20.80
22.04.21 14:51:59,17.90,17.90,17.90,17.90,40,2320,113.70,14.15,17.90
22.04.21 14:52:59,17.90,20.85,17.80,20.85,320,2320,110.01,20.85,25.40
22.04.21 14:53:59,20.85,23.95,20.85,23.95,80,2320,109.15,20.05,23.85
22.04.21 14:54:59,20.05,22.00,20.00,20.00,160,2480,107.46,18.00,23.85
22.04.21 14:55:59,23.00,23.00,17.75,17.75,120,2480,106.24,15.35,22.85
22.04.21 14:56:59,17.00,17.00,17.00,17.00,40,2480,105.82,17.00,19.95
22.04.21 14:57:59,19.95,22.90,19.95,22.90,80,2480,105.04,17.05,25.00
22.04.21 14:58:59,24.90,24.90,24.90,24.90,40,2520,104.67,24.05,26.00
22.04.21 14:59:59,18.65,18.65,18.65,18.65,40,2520,104.27,18.00,25.00
22.04.21 15:00:59,18.60,18.60,18.60,18.60,40,2520,103.88,18.00,24.95
22.04.21 15:01:59,6.85,11.10,6.20,11.10,3960,2480,73.79,5.35,11.10
22.04.21 15:02:59,5.35,10.00,4.55,5.50,1600,2480,66.27,5.00,9.85
22.04.21 15:03:59,5.05,6.85,4.00,4.40,320,2480,64.93,4.45,5.00
22.04.21 15:04:59,5.00,9.25,4.60,7.20,800,6880,61.92,4.55,7.50
22.04.21 15:05:59,3.20,7.20,3.20,7.20,960,6880,58.63,5.85,6.00
22.04.21 15:06:59,5.40,6.40,5.10,6.30,680,6880,56.52,4.05,7.50
22.04.21 15:07:59,4.15,7.50,2.70,3.95,1240,7400,52.93,2.60,3.90
22.04.21 15:08:59,3.50,3.75,1.15,2.45,2080,7400,47.78,2.45,2.60
22.04.21 15:09:59,2.40,2.60,1.40,1.40,1560,7160,44.50,1.40,1.55
22.04.21 15:10:59,1.60,2.05,1.35,1.50,2520,7160,40.09,1.00,2.45
22.04.21 15:11:59,1.55,1.55,1.00,1.10,1480,7160,37.86,1.05,1.10
22.04.21 15:12:59,1.05,1.15,0.90,1.00,3920,8080,33.02,0.90,1.00
22.04.21 15:13:59,1.00,1.00,0.65,0.70,360,8080,32.64,0.80,1.00
22.04.21 15:14:59,0.80,1.05,0.75,1.05,1240,8080,31.39,0.80,1.00
22.04.21 15:15:59,0.80,1.10,0.40,0.50,1160,9360,30.30,0.50,0.95
22.04.21 15:16:59,0.95,1.25,0.90,1.05,1040,9360,29.39,1.15,1.30
22.04.21 15:17:59,1.15,1.30,0.55,0.55,1160,9360,28.45,0.55,0.75
22.04.21 15:18:59,0.60,0.60,0.55,0.55,640,9360,27.94,0.45,0.60
22.04.21 15:19:59,0.45,0.50,0.30,0.30,640,10520,27.45,0.25,0.30
22.04.21 15:20:59,0.25,0.85,0.20,0.85,1200,10520,26.58,0.15,0.25
22.04.21 15:21:59,0.25,0.30,0.10,0.10,920,10520,25.94,0.10,0.20
22.04.21 15:22:59,0.20,0.20,0.10,0.10,11320,9640,20.05,0.10,0.20
22.04.21 15:23:59,0.20,0.20,0.20,0.20,2560,9640,19.07,0.10,0.45
22.04.21 15:24:59,0.40,0.40,0.10,0.10,120,9640,19.03,0.10,0.35
22.04.21 15:25:59,0.10,0.20,0.10,0.20,160,18880,18.97,0.10,0.20
22.04.21 15:26:59,0.15,0.15,0.15,0.15,160,18880,18.92,0.10,0.45
22.04.21 15:27:59,0.10,0.10,0.10,0.10,480,18880,18.75,0.10,0.35
22.04.21 15:28:59,0.10,0.10,0.10,0.10,200,18440,18.68,0.05,0.35
22.04.21 15:30:00,0.05,0.05,0.05,0.05,40,18440,18.66,0.05,0.20
